{
"type": "FeatureCollection",
"name": "piste_cyclable",
"crs": { "type": "name", "properties": { "name": "urn:ogc:def:crs:EPSG::3857" } },
"features": [
{ "type": "Feature", "properties": { "OBJECTID": 1113, "TYPE": "Chaussée désignée", "NOM": "Route Verte 5 (est-ouest)", "V_VELOBOUC": "Oui", "LONGUEUR": 89.120580800133482 }, "geometry": { "type": "MultiLineString", "coordinates": [ [ [ -8075288.162523329257965, 5835050.675667752511799 ], [ -8075407.318436746485531, 5835099.914784760214388 ] ] ] } },
{ "type": "Feature", "properties": { "OBJECTID": 1114, "TYPE": "Bande cyclable (marquage)", "NOM": "Route Verte 5 (est-ouest)", "V_VELOBOUC": "Oui", "LONGUEUR": 49.499370802320534 }, "geometry": { "type": "MultiLineString", "coordinates": [ [ [ -8073423.450918822549284, 5838589.184610268101096 ], [ -8073423.367467158474028, 5838592.85848527867347 ], [ -8073407.152126341126859, 5838659.048579476773739 ] ] ] } },
{ "type": "Feature", "properties": { "OBJECTID": 1115, "TYPE": "Bande cyclable (marquage)", "NOM": "Route Verte 5 (est-ouest)", "V_VELOBOUC": "Oui", "LONGUEUR": 198.58341443730632 }, "geometry": { "type": "MultiLineString", "coordinates": [ [ [ -8069556.904105470515788, 5841145.801093647256494 ], [ -8069402.055222074501216, 5841348.18680586386472 ], [ -8069381.585460791364312, 5841374.198673577979207 ] ] ] } },
{ "type": "Feature", "properties": { "OBJECTID": 1119, "TYPE": "Chaussée désignée", "NOM": null, "V_VELOBOUC": "Non", "LONGUEUR": 68.528292110591238 }, "geometry": { "type": "MultiLineString", "coordinates": [ [ [ -8080132.158448949456215, 5835000.219070450402796 ], [ -8080096.29316707700491, 5835027.810143543407321 ], [ -8080052.576993130147457, 5835059.433558134362102 ] ] ] } },
{ "type": "Feature", "properties": { "OBJECTID": 1120, "TYPE": "Bande cyclable (marquage)", "NOM": null, "V_VELOBOUC": "Non", "LONGUEUR": 203.6528999475907 }, "geometry": { "type": "MultiLineString", "coordinates": [ [ [ -8078977.715386662632227, 5835644.646451479755342 ], [ -8078972.721196936443448, 5835645.294030964374542 ], [ -8078927.874925394542515, 5835648.632496487349272 ], [ -8078683.718010690063238, 5835661.582510383799672 ] ] ] } },
{ "type": "Feature", "properties": { "OBJECTID": 1121, "TYPE": "Cyclo pédestre", "NOM": null, "V_VELOBOUC": "Non", "LONGUEUR": 2312.6784278292184 }, "geometry": { "type": "MultiLineString", "coordinates": [ [ [ -8081700.237298876978457, 5832799.733293135650456 ], [ -8081701.230875941924751, 5832800.527581810951233 ], [ -8081723.767800312489271, 5832825.123944278806448 ], [ -8081739.017849081195891, 5832843.103859453462064 ], [ -8081748.496096138842404, 5832857.333824189379811 ], [ -8081755.669110568240285, 5832872.458659368567169 ], [ -8081761.456699891015887, 5832888.335266584530473 ], [ -8081765.128354380838573, 5832901.885118992067873 ], [ -8081767.537464754655957, 5832916.058336208574474 ], [ -8081785.525784409604967, 5833007.884700601920485 ], [ -8081790.768769882619381, 5833024.627457960508764 ], [ -8081799.086626997217536, 5833044.614641140215099 ], [ -8081810.66880212072283, 5833063.593164918012917 ], [ -8081824.258196610957384, 5833079.635715363547206 ], [ -8081857.868039520457387, 5833111.333447287790477 ], [ -8082000.582076246850193, 5833238.437950234860182 ], [ -8082044.219525459222496, 5833278.893032938241959 ], [ -8082059.945832599885762, 5833294.45238795876503 ], [ -8082114.357246618717909, 5833344.971817408688366 ], [ -8082213.538036227226257, 5833444.420996720902622 ], [ -8083069.008900485001504, 5834238.927549942396581 ], [ -8083084.671857395209372, 5834253.353969958610833 ], [ -8083097.86440843064338, 5834265.504851379431784 ], [ -8083381.712331977672875, 5834528.910677098669112 ], [ -8083978.263276592828333, 5835077.397543864324689 ], [ -8084050.201191976666451, 5835143.49743315577507 ] ] ] } },
{ "type": "Feature", "properties": { "OBJECTID": 1122, "TYPE": "Chaussée désignée", "NOM": null, "V_VELOBOUC": "Oui", "LONGUEUR": 93.678646492390399 }, "geometry": { "type": "MultiLineString", "coordinates": [ [ [ -8079779.735780457034707, 5845054.19727254845202 ], [ -8079877.789780832827091, 5844960.215653218328953 ] ] ] } },
{ "type": "Feature", "properties": { "OBJECTID": 1123, "TYPE": "Chaussée désignée", "NOM": null, "V_VELOBOUC": "Non", "LONGUEUR": 174.43992766705827 }, "geometry": { "type": "MultiLineString", "coordinates": [ [ [ -8088566.318798437714577, 5826358.774503652006388 ], [ -8088485.617607194930315, 5826281.899012753739953 ], [ -8088447.117622802965343, 5826241.645055497996509 ], [ -8088388.354157307185233, 5826179.89423899538815 ] ] ] } },
{ "type": "Feature", "properties": { "OBJECTID": 1125, "TYPE": "Chaussée désignée", "NOM": "Route Verte 5 (est-ouest)", "V_VELOBOUC": "Oui", "LONGUEUR": 85.884932165427017 }, "geometry": { "type": "MultiLineString", "coordinates": [ [ [ -8080349.066932988353074, 5829853.792479955591261 ], [ -8080258.891816195100546, 5829768.233910321258008 ] ] ] } },
{ "type": "Feature", "properties": { "OBJECTID": 1127, "TYPE": "Piste cyclable", "NOM": null, "V_VELOBOUC": "Non", "LONGUEUR": 225.37870277480496 }, "geometry": { "type": "MultiLineString", "coordinates": [ [ [ -8076698.016824345104396, 5833767.631575571373105 ], [ -8076722.05432466417551, 5833744.674050506204367 ], [ -8076807.058593520894647, 5833834.248774975538254 ], [ -8076810.655042984522879, 5833838.038590080104768 ], [ -8076811.941942889243364, 5833853.964673474431038 ], [ -8076805.609351942315698, 5833873.427153293974698 ], [ -8076812.050299762748182, 5833886.439447790384293 ], [ -8076888.774146117269993, 5833970.147356111556292 ] ] ] } },
{ "type": "Feature", "properties": { "OBJECTID": 1128, "TYPE": "Piste cyclable", "NOM": "Route Verte 5 (est-ouest)", "V_VELOBOUC": "Oui", "LONGUEUR": 221.09448559048926 }, "geometry": { "type": "MultiLineString", "coordinates": [ [ [ -8076698.016824345104396, 5833767.631575571373105 ], [ -8076641.668845101259649, 5833822.240817543119192 ], [ -8076634.373041997663677, 5833831.99418587051332 ], [ -8076627.260491822846234, 5833846.839745996519923 ], [ -8076626.13537693861872, 5833857.574864782392979 ], [ -8076631.218120981007814, 5833871.430876659229398 ], [ -8076645.051141650415957, 5833905.402286465279758 ], [ -8076645.472150650806725, 5833915.992676774039865 ], [ -8076643.30639183614403, 5833927.39789926726371 ], [ -8076637.356785486452281, 5833934.348342753946781 ], [ -8076630.090693261474371, 5833938.006026540882885 ], [ -8076624.227454884909093, 5833940.957560718990862 ], [ -8076602.749291605316103, 5833962.303821909241378 ], [ -8076596.578583762049675, 5833972.175825081765652 ], [ -8076600.234540415927768, 5833979.123529382050037 ], [ -8076605.686655637808144, 5833986.360986589454114 ], [ -8076636.890809333883226, 5834020.270881169475615 ] ] ] } },
{ "type": "Feature", "properties": { "OBJECTID": 1129, "TYPE": "Piste cyclable", "NOM": null, "V_VELOBOUC": "Non", "LONGUEUR": 285.32117124680485 }, "geometry": { "type": "MultiLineString", "coordinates": [ [ [ -8076888.774146117269993, 5833970.147356111556292 ], [ -8076880.746896013617516, 5833980.444722846150398 ], [ -8076877.851388570852578, 5833996.070951289497316 ], [ -8076876.937799143604934, 5834007.464038426056504 ], [ -8076878.686215055175126, 5834022.187745010480285 ], [ -8076876.174556478857994, 5834039.507842683233321 ], [ -8076870.886185729876161, 5834055.713639637455344 ], [ -8076865.424579809419811, 5834069.388142444193363 ], [ -8076844.689642518758774, 5834092.228294625878334 ], [ -8076825.771310246549547, 5834114.629049263894558 ], [ -8076807.927850584499538, 5834129.158672790043056 ], [ -8076785.641150039620697, 5834143.862551626749337 ], [ -8076773.695132349617779, 5834144.138912956230342 ], [ -8076762.377448090352118, 5834141.699276651255786 ], [ -8076735.89626444876194, 5834119.846862900070846 ], [ -8076718.369063413701952, 5834106.514549564570189 ], [ -8076694.227353952825069, 5834080.835315792821348 ], [ -8076664.227530950680375, 5834043.379074865952134 ], [ -8076646.888729041442275, 5834028.770011886022985 ], [ -8076636.890809333883226, 5834020.270881169475615 ] ] ] } },
{ "type": "Feature", "properties": { "OBJECTID": 1131, "TYPE": "Chaussée désignée", "NOM": "Route Verte 5 (est-ouest)", "V_VELOBOUC": "Oui", "LONGUEUR": 70.170844156534301 }, "geometry": { "type": "MultiLineString", "coordinates": [ [ [ -8074588.075763220898807, 5835597.177004605531693 ], [ -8074649.666592078283429, 5835678.080059077590704 ] ] ] } },
{ "type": "Feature", "properties": { "OBJECTID": 1132, "TYPE": "Chaussée désignée", "NOM": "Route Verte 5 (est-ouest)", "V_VELOBOUC": "Oui", "LONGUEUR": 66.554254302416211 }, "geometry": { "type": "MultiLineString", "coordinates": [ [ [ -8074551.571565143764019, 5835762.283398448489606 ], [ -8074512.611084621399641, 5835795.725975050590932 ], [ -8074477.836449819616973, 5835824.330956149846315 ] ] ] } },
{ "type": "Feature", "properties": { "OBJECTID": 1135, "TYPE": "Bande cyclable (marquage)", "NOM": null, "V_VELOBOUC": "Non", "LONGUEUR": 338.02652269484349 }, "geometry": { "type": "MultiLineString", "coordinates": [ [ [ -8080359.882761731743813, 5834919.782364456914365 ], [ -8080408.602274040691555, 5834950.304171977564692 ], [ -8080433.13058359362185, 5834961.381265308707952 ], [ -8080476.155301208607852, 5834978.382228135131299 ], [ -8080500.248070280998945, 5834986.081460454501212 ], [ -8080552.194560167379677, 5835000.499516806565225 ], [ -8080623.148057135753334, 5835019.051817380823195 ], [ -8080666.492577360011637, 5835032.909413063898683 ], [ -8080693.692970266565681, 5835043.241409961134195 ], [ -8080712.414925098419189, 5835052.208833455108106 ], [ -8080737.606319107115269, 5835067.584167068824172 ], [ -8080754.561498848721385, 5835080.166321373544633 ], [ -8080770.999681071378291, 5835094.78821683395654 ], [ -8080784.659868947230279, 5835108.430042619816959 ], [ -8080800.729899468831718, 5835117.736999731510878 ] ] ] } },
{ "type": "Feature", "properties": { "OBJECTID": 1139, "TYPE": "Piste cyclable", "NOM": "Route Verte 5 (est-ouest)", "V_VELOBOUC": "Oui", "LONGUEUR": 673.45169221301194 }, "geometry": { "type": "MultiLineString", "coordinates": [ [ [ -8074062.57101143617183, 5838711.07964954059571 ], [ -8074039.751095077954233, 5838688.98625904135406 ], [ -8074101.196631422266364, 5838605.042144204489887 ], [ -8074106.806299772113562, 5838595.842416301369667 ], [ -8074108.426646510139108, 5838591.723563994280994 ], [ -8074108.197194484993815, 5838587.942215812392533 ], [ -8074107.101098426617682, 5838585.00926614459604 ], [ -8074102.515713304281235, 5838581.759163925424218 ], [ -8074094.540902657434344, 5838577.821301057934761 ], [ -8074071.996857302263379, 5838568.100029993802309 ], [ -8074045.397841423749924, 5838557.251424023881555 ], [ -8074023.816605254076421, 5838551.82356868032366 ], [ -8073991.430065866559744, 5838543.407647831365466 ], [ -8073981.002675005234778, 5838539.716022579930723 ], [ -8073973.567937204614282, 5838536.541135848499835 ], [ -8073963.950201340951025, 5838530.901185659691691 ], [ -8073955.325394976884127, 5838526.03726773429662 ], [ -8073949.007885903120041, 5838523.056503428146243 ], [ -8073940.376172970049083, 5838520.262356595136225 ], [ -8073927.286783260293305, 5838518.289091786369681 ], [ -8073912.648267834447324, 5838517.360127915628254 ], [ -8073901.293909630738199, 5838517.277900287881494 ], [ -8073892.286614049226046, 5838517.658628027886152 ], [ -8073885.349082973785698, 5838516.559513162821531 ], [ -8073880.046863828785717, 5838515.354544215835631 ], [ -8073876.284868256188929, 5838514.082610226236284 ], [ -8073872.613640941679478, 5838511.303295607678592 ], [ -8073867.702207912690938, 5838507.280033541843295 ], [ -8073861.990663502365351, 5838503.584933055564761 ], [ -8073847.546642779372633, 5838497.816096741706133 ], [ -8073838.976505249738693, 5838495.007232229225338 ], [ -8073794.381885436363518, 5838484.56132061034441 ], [ -8073769.060646013356745, 5838479.297258936800063 ], [ -8073755.871364450082183, 5838477.444281855598092 ], [ -8073733.047557344660163, 5838474.731232389807701 ], [ -8073722.500990500673652, 5838473.309011850506067 ], [ -8073707.380608709529042, 5838469.976791500113904 ], [ -8073690.213871386833489, 5838464.311160025186837 ], [ -8073660.529046905227005, 5838456.165567194111645 ], [ -8073647.94813968706876, 5838453.120576495304704 ], [ -8073640.770141748711467, 5838452.030646717175841 ], [ -8073632.438773302361369, 5838452.234981020912528 ], [ -8073620.503683086484671, 5838454.145996689796448 ], [ -8073608.403102809563279, 5838455.690096635371447 ], [ -8073596.265464901924133, 5838455.53656627330929 ], [ -8073577.854645103216171, 5838453.650535483844578 ], [ -8073556.317573950625956, 5838452.002351836301386 ], [ -8073498.733713326044381, 5838448.342328053899109 ], [ -8073466.03622570540756, 5838446.390636916272342 ], [ -8073463.631419088691473, 5838446.71069248020649 ], [ -8073461.383560105226934, 5838447.727280497550964 ], [ -8073460.053435769863427, 5838448.816741488873959 ], [ -8073458.436597302556038, 5838450.824238563887775 ], [ -8073457.28916290961206, 5838454.496376887895167 ], [ -8073423.450918822549284, 5838589.184610268101096 ] ] ] } },
{ "type": "Feature", "properties": { "OBJECTID": 1140, "TYPE": "Bande cyclable (marquage)", "NOM": "Route Verte 5 (est-ouest)", "V_VELOBOUC": "Oui", "LONGUEUR": 162.8920900929802 }, "geometry": { "type": "MultiLineString", "coordinates": [ [ [ -8070056.671231119893491, 5840759.405384382233024 ], [ -8070075.958049460314214, 5840752.672287113964558 ], [ -8070101.313029857352376, 5840742.855357533320785 ], [ -8070118.909129556268454, 5840735.013549750670791 ], [ -8070137.364244759082794, 5840725.838401371613145 ], [ -8070157.413735177367926, 5840714.724635740742087 ], [ -8070173.50710058491677, 5840704.597546545788646 ], [ -8070186.86804926674813, 5840695.587992832995951 ], [ -8070201.847254879772663, 5840684.478861949406564 ], [ -8070216.911692411638796, 5840672.233712755143642 ], [ -8070228.96986204944551, 5840661.353189586661756 ], [ -8070243.371494621038437, 5840647.676671708934009 ], [ -8070255.021117450669408, 5840636.423093588091433 ] ] ] } },
{ "type": "Feature", "properties": { "OBJECTID": 1141, "TYPE": "Piste cyclable", "NOM": null, "V_VELOBOUC": "Non", "LONGUEUR": 329.35728154065407 }, "geometry": { "type": "MultiLineString", "coordinates": [ [ [ -8073333.334838246926665, 5839165.867126136086881 ], [ -8073282.700812679715455, 5839213.315768839791417 ], [ -8073280.038684411905706, 5839214.20157768111676 ], [ -8073216.596880804747343, 5839216.959574323147535 ], [ -8073211.800824452191591, 5839218.261333722621202 ], [ -8073208.542701464146376, 5839219.857037516310811 ], [ -8073205.688086328096688, 5839222.264007208868861 ], [ -8073203.798746268264949, 5839224.613843102008104 ], [ -8073201.675589186139405, 5839229.445634160190821 ], [ -8073171.648593831807375, 5839317.297672152519226 ], [ -8073171.244040480814874, 5839320.614440425299108 ], [ -8073171.082724457606673, 5839325.950428686104715 ], [ -8073171.609228137880564, 5839329.816496003419161 ], [ -8073172.404257891699672, 5839333.647428161464632 ], [ -8073173.832993445917964, 5839337.313489886000752 ], [ -8073175.436710595153272, 5839340.751230312511325 ], [ -8073177.407647417858243, 5839344.34026244468987 ], [ -8073179.754352831281722, 5839347.621162718161941 ], [ -8073314.280921664088964, 5839489.867453815415502 ] ] ] } },
{ "type": "Feature", "properties": { "OBJECTID": 1142, "TYPE": "Piste cyclable", "NOM": null, "V_VELOBOUC": "Oui", "LONGUEUR": 123.04111993813864 }, "geometry": { "type": "MultiLineString", "coordinates": [ [ [ -8079801.922031827270985, 5845078.376890506595373 ], [ -8079821.829285905696452, 5845097.579817875288427 ], [ -8079846.033540294505656, 5845124.472904064692557 ], [ -8079851.030658801086247, 5845131.255918055772781 ], [ -8079851.929221214726567, 5845136.358032019808888 ], [ -8079851.580950359813869, 5845141.637794430367649 ], [ -8079849.404498447664082, 5845147.664897819049656 ], [ -8079842.608707699924707, 5845155.65578284393996 ], [ -8079826.431737765669823, 5845171.607326282188296 ], [ -8079786.521238862536848, 5845211.012134252116084 ] ] ] } },
{ "type": "Feature", "properties": { "OBJECTID": 1143, "TYPE": "Piste cyclable", "NOM": null, "V_VELOBOUC": "Non", "LONGUEUR": 204.67692640173129 }, "geometry": { "type": "MultiLineString", "coordinates": [ [ [ -8076083.732943188399076, 5840391.445030439645052 ], [ -8076089.850124926306307, 5840398.890413716435432 ], [ -8076094.909113290719688, 5840403.233841676265001 ], [ -8076099.69233722332865, 5840406.63300188165158 ], [ -8076113.600330385379493, 5840415.327218675985932 ], [ -8076122.492889780551195, 5840420.849844230338931 ], [ -8076128.746841046027839, 5840426.110288331285119 ], [ -8076143.738508149050176, 5840440.23298245947808 ], [ -8076157.356447444297373, 5840453.993487015366554 ], [ -8076181.777707190252841, 5840476.756242708303034 ], [ -8076185.649191793054342, 5840479.568246294744313 ], [ -8076189.988161087036133, 5840481.694611572660506 ], [ -8076200.851052634418011, 5840485.742989943362772 ], [ -8076204.840034033171833, 5840488.326028399169445 ], [ -8076212.123531183227897, 5840493.94448802433908 ], [ -8076217.802125121466815, 5840499.313097354024649 ], [ -8076266.265166667290032, 5840547.829978439956903 ], [ -8076271.476057293824852, 5840553.884375102818012 ], [ -8076294.517656117677689, 5840580.891787830740213 ], [ -8076296.939045739360154, 5840591.61681229993701 ] ] ] } },
{ "type": "Feature", "properties": { "OBJECTID": 1145, "TYPE": "Piste cyclable", "NOM": null, "V_VELOBOUC": "Non", "LONGUEUR": 145.25299963747585 }, "geometry": { "type": "MultiLineString", "coordinates": [ [ [ -8073114.103045704774559, 5841153.717022409662604 ], [ -8073134.442241086624563, 5841152.6238161502406 ], [ -8073139.869565541855991, 5841151.604599438607693 ], [ -8073142.800437583588064, 5841149.943399324081838 ], [ -8073146.368035505525768, 5841146.049321941100061 ], [ -8073203.625189437530935, 5841074.851522215642035 ], [ -8073206.566196157597005, 5841072.375583259388804 ], [ -8073210.379232559353113, 5841070.521624385379255 ], [ -8073221.459314713254571, 5841066.652657998725772 ], [ -8073224.114422247745097, 5841065.395387134514749 ], [ -8073227.332666364498436, 5841062.379784815013409 ], [ -8073230.149930611252785, 5841058.9517159499228 ], [ -8073231.887698832899332, 5841055.23866078350693 ], [ -8073232.75648492295295, 5841050.632194513455033 ], [ -8073234.225306919775903, 5841041.280059145763516 ], [ -8073236.691557122394443, 5841033.366315141320229 ], [ -8073241.738571885041893, 5841007.348154742270708 ] ] ] } },
{ "type": "Feature", "properties": { "OBJECTID": 1146, "TYPE": "Piste cyclable", "NOM": null, "V_VELOBOUC": "Non", "LONGUEUR": 26.933339372792229 }, "geometry": { "type": "MultiLineString", "coordinates": [ [ [ -8078623.601472984999418, 5835819.15933789126575 ], [ -8078605.859741123393178, 5835853.944474271498621 ] ] ] } },
{ "type": "Feature", "properties": { "OBJECTID": 1147, "TYPE": "Chaussée désignée", "NOM": null, "V_VELOBOUC": "Oui", "LONGUEUR": 81.098584716668498 }, "geometry": { "type": "MultiLineString", "coordinates": [ [ [ -8079748.418597178533673, 5845355.502871847711504 ], [ -8079743.376195286400616, 5845360.256628738716245 ], [ -8079663.13941116631031, 5845436.456698935478926 ] ] ] } },
{ "type": "Feature", "properties": { "OBJECTID": 1148, "TYPE": "Chaussée désignée", "NOM": null, "V_VELOBOUC": "Non", "LONGUEUR": 363.22387254995391 }, "geometry": { "type": "MultiLineString", "coordinates": [ [ [ -8079185.043906901031733, 5843143.230503781698644 ], [ -8079248.752651545219123, 5843059.031245104968548 ], [ -8079253.564298813231289, 5843050.328021968714893 ], [ -8079254.707904477603734, 5843040.890276156365871 ], [ -8079253.431252809241414, 5843032.115834937430918 ], [ -8079248.80465255305171, 5843024.915869040414691 ], [ -8079090.100606482475996, 5842860.892711417749524 ], [ -8079082.985927307978272, 5842850.321229859255254 ], [ -8079082.763323874212801, 5842839.830384093336761 ], [ -8079086.429068058729172, 5842830.883602267131209 ], [ -8079095.612437037751079, 5842821.655614662915468 ], [ -8079174.44380752928555, 5842744.872178823687136 ] ] ] } },
{ "type": "Feature", "properties": { "OBJECTID": 1150, "TYPE": "Piste cyclable", "NOM": null, "V_VELOBOUC": "Oui", "LONGUEUR": 1014.1520830476978 }, "geometry": { "type": "MultiLineString", "coordinates": [ [ [ -8079362.429244625382125, 5842788.466428018175066 ], [ -8079359.095874636434019, 5842778.72687498293817 ], [ -8079355.53688785713166, 5842771.914266836829484 ], [ -8079274.155795970000327, 5842689.360311449505389 ], [ -8079262.246418919414282, 5842676.159143212251365 ], [ -8079253.938212632201612, 5842667.441463406197727 ], [ -8079244.427044066600502, 5842657.461432629264891 ], [ -8079081.70376836322248, 5842490.384606210514903 ], [ -8078781.422671712003648, 5842180.43441029265523 ], [ -8078641.902625502087176, 5842036.800407432951033 ], [ -8078543.815855009481311, 5841935.126003675162792 ], [ -8078506.480736861005425, 5841892.288505902513862 ], [ -8078493.764342649839818, 5841874.621763522736728 ], [ -8078485.364734815433621, 5841861.0971141140908 ], [ -8078474.033365866169333, 5841837.972938150167465 ], [ -8078464.582276461645961, 5841811.240761928260326 ], [ -8078459.235019088722765, 5841787.207676720805466 ], [ -8078456.448954383842647, 5841764.776470387354493 ], [ -8078453.553439964540303, 5841716.135145495645702 ], [ -8078452.450639062561095, 5841706.144256811589003 ], [ -8078448.378490287810564, 5841698.648915953934193 ], [ -8078465.716794416308403, 5841682.939061664044857 ] ] ] } },
{ "type": "Feature", "properties": { "OBJECTID": 1151, "TYPE": "Bande cyclable (marquage)", "NOM": null, "V_VELOBOUC": "Oui", "LONGUEUR": 330.7099125713159 }, "geometry": { "type": "MultiLineString", "coordinates": [ [ [ -8081883.12866594363004, 5847891.750501159578562 ], [ -8082086.603796068578959, 5847686.687987287528813 ], [ -8082221.278715755790472, 5847551.554000971838832 ] ] ] } },
{ "type": "Feature", "properties": { "OBJECTID": 1152, "TYPE": "Piste cyclable", "NOM": null, "V_VELOBOUC": "Oui", "LONGUEUR": 2279.0048952552188 }, "geometry": { "type": "MultiLineString", "coordinates": [ [ [ -8082344.230379140004516, 5847428.179567024111748 ], [ -8082289.68695854395628, 5847373.589803166687489 ], [ -8082150.895191226154566, 5847231.903384978882968 ], [ -8082105.439568741247058, 5847187.205971132032573 ], [ -8082098.321978569030762, 5847180.669330757111311 ], [ -8082089.926945181563497, 5847173.897770916111767 ], [ -8082073.848448907956481, 5847162.548949548974633 ], [ -8082053.395870841108263, 5847150.064254267141223 ], [ -8082029.767114787362516, 5847138.936952493153512 ], [ -8081999.134675621055067, 5847125.720268656499684 ], [ -8081973.318387986160815, 5847116.336898740381002 ], [ -8081952.264782761223614, 5847110.427587875165045 ], [ -8081928.232511846348643, 5847105.349075176753104 ], [ -8081866.395191242918372, 5847094.520790434442461 ], [ -8081809.536323011852801, 5847085.92986555211246 ], [ -8081763.802522867918015, 5847080.555833956226707 ], [ -8081712.726836633868515, 5847074.148674747906625 ], [ -8081648.535543859004974, 5847064.649264854378998 ], [ -8081583.491015993058681, 5847054.260310601443052 ], [ -8081548.50030358415097, 5847048.440347130410373 ], [ -8081464.014859763905406, 5847035.327345443889499 ], [ -8081420.1990283774212, 5847028.556842780672014 ], [ -8081401.694061804562807, 5847023.889640125446022 ], [ -8081388.977239543572068, 5847020.246220748871565 ], [ -8081363.511220740154386, 5847012.321078862063587 ], [ -8081296.177932630293071, 5846990.355006880126894 ], [ -8081221.845300070941448, 5846965.399243810214102 ], [ -8081103.789353883825243, 5846923.934171680361032 ], [ -8081046.895044785924256, 5846904.298675317317247 ], [ -8081028.990222964435816, 5846899.120062541216612 ], [ -8081015.907371265813708, 5846895.489956301636994 ], [ -8081003.677154205739498, 5846892.200417596846819 ], [ -8080994.826221336610615, 5846890.191934929229319 ], [ -8080965.677491800859571, 5846883.955699231475592 ], [ -8080944.770049035549164, 5846880.402052930556238 ], [ -8080915.54067431949079, 5846876.347524417564273 ], [ -8080894.993082355707884, 5846873.631162788718939 ], [ -8080856.145866442471743, 5846870.108758554793894 ], [ -8080780.673578440211713, 5846863.540989455766976 ], [ -8080723.146076356060803, 5846858.942016345448792 ], [ -8080694.024786926805973, 5846856.576596918515861 ], [ -8080681.234404030255973, 5846855.391186417080462 ], [ -8080669.669622074812651, 5846853.551093384623528 ], [ -8080646.552793642506003, 5846848.787314437329769 ], [ -8080631.230881480500102, 5846845.843048481270671 ], [ -8080613.691354799084365, 5846841.835353988222778 ], [ -8080600.655746179632843, 5846837.971898166462779 ], [ -8080570.089992763474584, 5846828.745995215140283 ], [ -8080549.387594839558005, 5846820.463322009891272 ], [ -8080536.569457053206861, 5846815.144539936445653 ], [ -8080510.438007321208715, 5846802.666194871999323 ], [ -8080483.155329908244312, 5846786.669922185130417 ], [ -8080451.035597098059952, 5846766.24222184997052 ], [ -8080432.808885794132948, 5846752.288461587391794 ], [ -8080415.213934682309628, 5846735.544906375929713 ], [ -8080388.594393214210868, 5846709.753778555430472 ], [ -8080343.429614196531475, 5846664.35827268101275 ], [ -8080263.978476415388286, 5846585.511941511183977 ], [ -8080219.299167136661708, 5846541.035030573606491 ], [ -8080143.456990447826684, 5846465.580701085738838 ], [ -8080043.177321868017316, 5846366.7604949939996 ], [ -8079954.793565974570811, 5846278.433539919555187 ], [ -8079772.973851428367198, 5846094.304025663994253 ], [ -8079698.932815439999104, 5846020.564708496443927 ], [ -8079623.799401151947677, 5845946.140263376757503 ], [ -8079571.056484434753656, 5845893.434081805869937 ] ] ] } },
{ "type": "Feature", "properties": { "OBJECTID": 1153, "TYPE": "Piste cyclable", "NOM": null, "V_VELOBOUC": "Non", "LONGUEUR": 159.53508546335863 }, "geometry": { "type": "MultiLineString", "coordinates": [ [ [ -8079571.056484434753656, 5845893.434081805869937 ], [ -8079549.217465474270284, 5845873.886770883575082 ], [ -8079534.303235155530274, 5845861.722202555276453 ], [ -8079519.222065396606922, 5845850.747026780620217 ], [ -8079505.193456596694887, 5845841.513485751114786 ], [ -8079489.820619970560074, 5845832.571731948293746 ], [ -8079474.10044951736927, 5845823.856416770257056 ], [ -8079455.40777004417032, 5845813.799832848832011 ], [ -8079375.680261583067477, 5845771.631815345026553 ] ] ] } },
{ "type": "Feature", "properties": { "OBJECTID": 1154, "TYPE": "Chaussée désignée", "NOM": null, "V_VELOBOUC": "Oui", "LONGUEUR": 80.238459632896735 }, "geometry": { "type": "MultiLineString", "coordinates": [ [ [ -8081964.016969797201455, 5847975.434327129274607 ], [ -8081883.12866594363004, 5847891.750501159578562 ] ] ] } },
{ "type": "Feature", "properties": { "OBJECTID": 1156, "TYPE": "Piste cyclable", "NOM": null, "V_VELOBOUC": "Non", "LONGUEUR": 793.06582386420996 }, "geometry": { "type": "MultiLineString", "coordinates": [ [ [ -8082385.537694341503084, 5839811.97092165146023 ], [ -8082383.711976082995534, 5839803.77232923079282 ], [ -8082303.215125416405499, 5839742.021771503612399 ], [ -8082196.3291383869946, 5839656.734621435403824 ], [ -8082169.547251814045012, 5839635.065127894282341 ], [ -8082138.924451624974608, 5839611.110839635133743 ], [ -8082070.022484552115202, 5839561.82264325581491 ], [ -8082058.557942918501794, 5839552.394598762504756 ], [ -8082002.668555264361203, 5839505.496466442942619 ], [ -8081982.695723159238696, 5839488.386856271885335 ], [ -8081949.101365460082889, 5839457.189316775649786 ], [ -8081909.73265939950943, 5839421.138758443295956 ], [ -8081901.5179238691926, 5839413.661869186908007 ], [ -8081898.767771141603589, 5839410.445303481072187 ], [ -8081840.602324759587646, 5839335.649631226435304 ], [ -8081837.476340267807245, 5839331.922089394181967 ], [ -8081832.248076494783163, 5839327.115811710245907 ], [ -8081810.079083629883826, 5839310.561542294919491 ], [ -8081803.168684996664524, 5839304.488559570163488 ], [ -8081791.460062962025404, 5839292.383810582570732 ], [ -8081771.458550804294646, 5839271.32269901689142 ], [ -8081745.814788575284183, 5839244.290742521174252 ], [ -8081742.734417378902435, 5839240.476784930564463 ], [ -8081740.543725839816034, 5839235.94421773776412 ], [ -8081724.871333972550929, 5839194.579188719391823 ], [ -8081723.119527846574783, 5839190.411603189073503 ], [ -8081720.74836502596736, 5839188.131202106364071 ], [ -8081718.769455702975392, 5839186.49869441613555 ], [ -8081688.703140491619706, 5839167.221933049149811 ], [ -8081677.766129647381604, 5839158.77692727278918 ], [ -8081639.95800899527967, 5839127.699167161248624 ], [ -8081626.926656550727785, 5839114.598028797656298 ], [ -8081568.955598988570273, 5839052.701534382998943 ], [ -8081546.832002596929669, 5839057.659996530972421 ] ] ] } },
{ "type": "Feature", "properties": { "OBJECTID": 1157, "TYPE": "Bande cyclable (marquage)", "NOM": null, "V_VELOBOUC": "Non", "LONGUEUR": 295.89427344980692 }, "geometry": { "type": "MultiLineString", "coordinates": [ [ [ -8081941.961010865867138, 5839497.459021066315472 ], [ -8081958.922716981731355, 5839512.668868465349078 ], [ -8081977.438696015626192, 5839528.106870396062732 ], [ -8081991.545530331321061, 5839539.078099530190229 ], [ -8082279.905765101313591, 5839760.959951061755419 ] ] ] } },
{ "type": "Feature", "properties": { "OBJECTID": 1158, "TYPE": "Accotement asphalté", "NOM": null, "V_VELOBOUC": "Non", "LONGUEUR": 356.10040467568723 }, "geometry": { "type": "MultiLineString", "coordinates": [ [ [ -8088065.094826158136129, 5843981.8038125699386 ], [ -8088066.947173898108304, 5843990.77792847994715 ], [ -8088070.210318015888333, 5844000.879681001417339 ], [ -8088075.510345031507313, 5844013.923335189931095 ], [ -8088082.957315434701741, 5844026.759502234868705 ], [ -8088093.159318667836487, 5844039.855611810460687 ], [ -8088106.192789768800139, 5844053.212617983110249 ], [ -8088121.840137934312224, 5844065.67541173659265 ], [ -8088135.007388675585389, 5844073.654529202729464 ], [ -8088154.677799106575549, 5844082.394831720739603 ], [ -8088174.458121773786843, 5844087.985385828651488 ], [ -8088191.746873433701694, 5844090.168215671554208 ], [ -8088213.427433591336012, 5844089.938726861961186 ], [ -8088234.902745857834816, 5844087.401589745655656 ], [ -8088254.792499022558331, 5844082.695716682821512 ], [ -8088272.396536309272051, 5844076.812776072882116 ], [ -8088289.726054806262255, 5844067.92978426348418 ], [ -8088306.014105962589383, 5844056.115535950288177 ], [ -8088323.870706230401993, 5844040.859847498126328 ], [ -8088339.892292954027653, 5844025.277288280427456 ], [ -8088354.092717418447137, 5844008.061465025879443 ], [ -8088365.311635673046112, 5843990.275962574407458 ], [ -8088374.934224634431303, 5843971.320702099241316 ], [ -8088394.553330203518271, 5843927.041292489506304 ], [ -8088414.763879666104913, 5843874.164584520272911 ] ] ] } },
{ "type": "Feature", "properties": { "OBJECTID": 1166, "TYPE": "Piste cyclable", "NOM": null, "V_VELOBOUC": "Non", "LONGUEUR": 321.88554411821053 }, "geometry": { "type": "MultiLineString", "coordinates": [ [ [ -8075186.9338602963835, 5841939.019196732901037 ], [ -8074947.747952152974904, 5841673.841087120585144 ], [ -8074940.139363340102136, 5841664.927170814946294 ], [ -8074930.750828355550766, 5841653.928075662814081 ], [ -8074921.478168620727956, 5841642.44476124830544 ], [ -8074915.690759398974478, 5841633.423991654999554 ], [ -8074912.255242296494544, 5841626.237245593219995 ], [ -8074910.185257130302489, 5841620.104335654526949 ], [ -8074909.056154944002628, 5841615.327433194033802 ], [ -8074906.005698996596038, 5841607.953318748623133 ], [ -8074900.57047969661653, 5841601.472178978845477 ], [ -8074884.351505452767015, 5841586.463379848748446 ] ] ] } },
{ "type": "Feature", "properties": { "OBJECTID": 1167, "TYPE": "Chaussée désignée", "NOM": "Route Verte 5 (est-ouest)", "V_VELOBOUC": "Oui", "LONGUEUR": 208.22149706537027 }, "geometry": { "type": "MultiLineString", "coordinates": [ [ [ -8070088.829197893850505, 5840468.001864376477897 ], [ -8070067.740102677606046, 5840498.155642132274806 ], [ -8070018.793947037309408, 5840566.135775814764202 ], [ -8070004.536969778127968, 5840587.428437107242644 ], [ -8069973.168211992830038, 5840639.347473088651896 ], [ -8069938.274438122287393, 5840707.51907076779753 ], [ -8069929.630527720786631, 5840723.917557212524116 ] ] ] } },
{ "type": "Feature", "properties": { "OBJECTID": 1168, "TYPE": "Bande cyclable (marquage)", "NOM": null, "V_VELOBOUC": "Non", "LONGUEUR": 40.444730490896461 }, "geometry": { "type": "MultiLineString", "coordinates": [ [ [ -8073298.440160821191967, 5839473.117876712232828 ], [ -8073257.545434884727001, 5839515.100804430432618 ] ] ] } },
{ "type": "Feature", "properties": { "OBJECTID": 1169, "TYPE": "Piste cyclable", "NOM": null, "V_VELOBOUC": "Non", "LONGUEUR": 382.21631680032499 }, "geometry": { "type": "MultiLineString", "coordinates": [ [ [ -8074080.500134984962642, 5840376.939816633239388 ], [ -8074073.835448794066906, 5840372.002121728844941 ], [ -8074066.47318163793534, 5840368.427485990338027 ], [ -8074059.545559898018837, 5840366.526384920813143 ], [ -8074042.433987050317228, 5840356.983069461770356 ], [ -8074038.103903190232813, 5840354.164522263221443 ], [ -8074034.523162617348135, 5840351.124667930416763 ], [ -8074034.621067382395267, 5840337.978026959113777 ], [ -8074046.321180371567607, 5840339.632232580333948 ], [ -8074064.361493370495737, 5840357.771059467457235 ], [ -8074080.500134984962642, 5840376.939816633239388 ], [ -8074148.583264691755176, 5840444.91264848317951 ], [ -8074153.557406260631979, 5840451.426219464279711 ], [ -8074157.140387141145766, 5840458.998081470839679 ], [ -8074160.965944902971387, 5840471.796485845930874 ], [ -8074166.048209647648036, 5840481.998551368713379 ], [ -8074170.516531245782971, 5840490.7529192911461 ], [ -8074173.560035420581698, 5840500.18092820327729 ], [ -8074174.705883068963885, 5840509.81631697434932 ], [ -8074174.495599096640944, 5840517.648968512192369 ], [ -8074173.133903132751584, 5840525.697868218645453 ], [ -8074167.511679370887578, 5840544.064879997633398 ], [ -8074166.544486538507044, 5840548.028194666840136 ], [ -8074166.900731114670634, 5840551.777381953783333 ], [ -8074168.059550919570029, 5840555.651684467680752 ], [ -8074171.279780944809318, 5840560.012048094533384 ], [ -8074180.801194234751165, 5840570.383961569517851 ], [ -8074188.240164526738226, 5840577.273643563501537 ], [ -8074194.659753900021315, 5840582.998346379958093 ], [ -8074200.973750114440918, 5840587.972989497706294 ], [ -8074234.332480335608125, 5840610.354580665938556 ], [ -8074240.524625908583403, 5840613.600533469580114 ], [ -8074251.515301974490285, 5840622.799807111732662 ], [ -8074259.61455702316016, 5840630.504111195914447 ], [ -8074272.036490730941296, 5840641.641335886903107 ], [ -8074270.520638122223318, 5840654.6395163256675 ], [ -8074257.658717891201377, 5840652.757179870270193 ], [ -8074247.597953217104077, 5840642.647485210560262 ], [ -8074243.824157389812171, 5840638.145749035291374 ], [ -8074241.452931000851095, 5840631.664026081562042 ], [ -8074234.332480335608125, 5840610.354580665938556 ] ] ] } },
{ "type": "Feature", "properties": { "OBJECTID": 1170, "TYPE": "Piste cyclable", "NOM": null, "V_VELOBOUC": "Non", "LONGUEUR": 681.07742678929446 }, "geometry": { "type": "MultiLineString", "coordinates": [ [ [ -8074422.244342818856239, 5838279.869364409707487 ], [ -8074411.12338004168123, 5838282.387425124645233 ], [ -8074394.844681355170906, 5838283.340086097829044 ], [ -8074380.150463225319982, 5838279.896180703304708 ], [ -8074334.149883550591767, 5838269.924974076449871 ], [ -8074323.677046135999262, 5838265.57283709384501 ], [ -8074304.841044493019581, 5838256.510385840199888 ], [ -8074274.104462444782257, 5838234.630516855046153 ], [ -8074260.6029739594087, 5838227.553291679359972 ], [ -8074230.393888987600803, 5838209.519565805792809 ], [ -8074144.417835982516408, 5838160.111848426051438 ], [ -8074099.838503984734416, 5838134.106704754754901 ], [ -8074077.370418987236917, 5838121.620199031196535 ], [ -8074065.869046128354967, 5838113.761018384248018 ], [ -8074049.840094084851444, 5838100.547260015271604 ], [ -8073844.657404949888587, 5837930.880337801761925 ], [ -8073803.635508158244193, 5837895.81816235743463 ], [ -8073627.428713812492788, 5837742.2876280201599 ], [ -8073618.315119182690978, 5837736.415880017913878 ] ] ] } },
{ "type": "Feature", "properties": { "OBJECTID": 1171, "TYPE": "Piste cyclable", "NOM": null, "V_VELOBOUC": "Oui", "LONGUEUR": 1066.5421186009037 }, "geometry": { "type": "MultiLineString", "coordinates": [ [ [ -8079278.681489739567041, 5843212.213751474395394 ], [ -8079291.04017773643136, 5843213.184253378771245 ], [ -8079305.918426292948425, 5843224.730529301799834 ], [ -8079312.924771782010794, 5843228.193492584861815 ], [ -8079317.188547488301992, 5843230.39475794415921 ], [ -8079321.046922390349209, 5843234.512388960458338 ], [ -8079324.815496637485921, 5843239.781635408289731 ], [ -8079330.883224247954786, 5843244.923988733440638 ], [ -8079395.575106089003384, 5843293.704939821735024 ], [ -8079430.311845599673688, 5843323.310085687786341 ], [ -8079445.911633066833019, 5843338.706663877703249 ], [ -8079461.443081107921898, 5843353.410951099358499 ], [ -8079473.139851828105748, 5843361.923119453713298 ], [ -8079488.889563330449164, 5843371.020600185729563 ], [ -8079545.639788076281548, 5843398.039267751388252 ], [ -8079550.904469955712557, 5843400.20436495449394 ], [ -8079566.984775546938181, 5843406.81769687589258 ], [ -8079591.818048499524593, 5843418.633492425084114 ], [ -8079602.085752043873072, 5843424.900613589212298 ], [ -8079613.219232927076519, 5843435.788147694431245 ], [ -8079618.145676243118942, 5843440.302426767535508 ], [ -8079634.381944548338652, 5843460.31677657738328 ], [ -8079656.414780045859516, 5843475.865024876780808 ], [ -8079681.578631276264787, 5843485.609859054908156 ], [ -8079702.062978611327708, 5843509.208455433137715 ], [ -8079698.612557014450431, 5843563.919215326197445 ], [ -8079661.557702733203769, 5843621.887979177758098 ], [ -8079656.196892916224897, 5843638.346743856556714 ], [ -8079649.951930513605475, 5843648.455568253993988 ], [ -8079648.162016513757408, 5843654.198007632978261 ], [ -8079645.615235700272024, 5843675.684461463242769 ], [ -8079639.452696556225419, 5843695.207755926065147 ], [ -8079636.237998293712735, 5843708.233628049492836 ], [ -8079635.314101716503501, 5843721.862732662819326 ], [ -8079638.061586669646204, 5843732.652833898551762 ], [ -8079642.545619037933648, 5843742.310604848898947 ], [ -8079649.166965435259044, 5843749.303735342808068 ], [ -8079777.39485077932477, 5843871.635524864308536 ], [ -8079813.150184341706336, 5843909.513884440995753 ], [ -8079843.285871561616659, 5843936.568258807063103 ], [ -8079868.619464148767292, 5843964.911789450794458 ], [ -8079885.30046121776104, 5843979.706407593563199 ], [ -8079897.103417685255408, 5843990.749444594606757 ], [ -8079906.409310051240027, 5844004.113702651113272 ], [ -8079913.421413246542215, 5844020.409750143997371 ], [ -8079914.458314753137529, 5844026.80007083248347 ], [ -8079914.697710852138698, 5844032.604740120470524 ], [ -8079913.021308513358235, 5844048.415710528381169 ], [ -8079910.455735228024423, 5844064.946256409399211 ], [ -8079910.001312709413469, 5844084.383314565755427 ], [ -8079910.532473798841238, 5844097.09804885648191 ], [ -8079912.277729992754757, 5844115.100536659359932 ], [ -8079915.288400150835514, 5844137.959221795201302 ], [ -8079916.607554339803755, 5844153.075023252516985 ], [ -8079916.70765398349613, 5844169.271809310652316 ], [ -8079918.266646245494485, 5844183.526079251430929 ], [ -8079921.822182002477348, 5844203.970529006794095 ], [ -8079922.618280249647796, 5844214.642446259967983 ], [ -8079922.906087652780116, 5844229.51591560523957 ], [ -8079921.582481257617474, 5844254.572297333739698 ], [ -8079919.769595890305936, 5844272.245608948171139 ], [ -8079917.249711382202804, 5844281.495783632621169 ], [ -8079913.80706790741533, 5844296.037720402702689 ], [ -8079912.423548892140388, 5844311.35298693086952 ], [ -8079909.149133310653269, 5844326.242855615913868 ], [ -8079901.98103273846209, 5844339.992320361547172 ], [ -8079892.331401084549725, 5844354.692787688225508 ], [ -8079882.075238085351884, 5844367.196047063916922 ], [ -8079865.951199440285563, 5844385.33717948757112 ] ] ] } },
{ "type": "Feature", "properties": { "OBJECTID": 1172, "TYPE": "Piste cyclable", "NOM": null, "V_VELOBOUC": "Oui", "LONGUEUR": 342.95236551072009 }, "geometry": { "type": "MultiLineString", "coordinates": [ [ [ -8079621.853153009898961, 5845475.665285227820277 ], [ -8079613.390581393614411, 5845473.326483351178467 ], [ -8079602.88328898139298, 5845479.256591059267521 ], [ -8079593.518275413662195, 5845485.776492494158447 ], [ -8079575.13130468595773, 5845502.278866730630398 ], [ -8079561.084296553395689, 5845516.141777591779828 ], [ -8079553.901578615419567, 5845524.416423851624131 ], [ -8079543.077908169478178, 5845541.103063614107668 ], [ -8079535.160289099439979, 5845554.941515351645648 ], [ -8079531.170846287161112, 5845568.633669495582581 ], [ -8079530.147389744408429, 5845582.552478035911918 ], [ -8079527.281208023428917, 5845623.254886976443231 ], [ -8079526.42932971380651, 5845630.642835411243141 ], [ -8079523.832720457576215, 5845639.835752577520907 ], [ -8079512.752698317170143, 5845662.092020761221647 ], [ -8079503.01551653444767, 5845684.171844792552292 ], [ -8079498.314322175458074, 5845701.410690211690962 ], [ -8079493.39163853880018, 5845721.240982961840928 ], [ -8079493.71100515127182, 5845734.983685633167624 ], [ -8079497.693729005753994, 5845746.655366668477654 ], [ -8079503.159492026083171, 5845754.309195933863521 ], [ -8079510.631896944716573, 5845762.370930613949895 ], [ -8079543.506376640871167, 5845793.210960118100047 ], [ -8079554.097609108313918, 5845804.863948924466968 ], [ -8079564.350276391021907, 5845820.932386012747884 ], [ -8079570.439699531532824, 5845840.891473026014864 ], [ -8079575.101735530421138, 5845868.328048024326563 ], [ -8079575.99478418007493, 5845873.91104117128998 ], [ -8079575.159626711159945, 5845879.858065499924123 ], [ -8079571.056484434753656, 5845893.434081805869937 ] ] ] } },
{ "type": "Feature", "properties": { "OBJECTID": 1174, "TYPE": "Piste cyclable", "NOM": null, "V_VELOBOUC": "Non", "LONGUEUR": 127.21751649273848 }, "geometry": { "type": "MultiLineString", "coordinates": [ [ [ -8079221.3220309400931, 5845348.97457477543503 ], [ -8079230.204763437621295, 5845347.857645292766392 ], [ -8079236.91659701615572, 5845363.61534618306905 ], [ -8079239.139580894261599, 5845370.097429214976728 ], [ -8079240.287362582050264, 5845376.797433028928936 ], [ -8079246.903756871819496, 5845400.777907308191061 ], [ -8079248.165301855653524, 5845410.494529273360968 ], [ -8079248.304235287941992, 5845421.343127929605544 ], [ -8079247.920224897563457, 5845429.054152032360435 ], [ -8079246.592721832916141, 5845440.434198765084147 ], [ -8079244.165214378386736, 5845454.163499460555613 ], [ -8079231.100761258974671, 5845501.354667632840574 ], [ -8079229.450156983919442, 5845504.947746687568724 ], [ -8079226.051061394624412, 5845507.367544471286237 ], [ -8079217.519404304213822, 5845510.812239311635494 ] ] ] } },
{ "type": "Feature", "properties": { "OBJECTID": 1176, "TYPE": "Bande cyclable (marquage)", "NOM": null, "V_VELOBOUC": "Non", "LONGUEUR": 173.39233966363625 }, "geometry": { "type": "MultiLineString", "coordinates": [ [ [ -8080348.702222648076713, 5833897.463739464990795 ], [ -8080319.896600748412311, 5833925.632065886631608 ], [ -8080167.281499240547419, 5834071.033432557247579 ] ] ] } },
{ "type": "Feature", "properties": { "OBJECTID": 1184, "TYPE": "Chaussée désignée", "NOM": null, "V_VELOBOUC": "Non", "LONGUEUR": 68.706801287133999 }, "geometry": { "type": "MultiLineString", "coordinates": [ [ [ -8074814.367656045593321, 5841516.210493518970907 ], [ -8074876.412273517809808, 5841582.179221143946052 ], [ -8074884.351505452767015, 5841586.463379848748446 ] ] ] } },
{ "type": "Feature", "properties": { "OBJECTID": 1185, "TYPE": "Piste cyclable", "NOM": null, "V_VELOBOUC": "Non", "LONGUEUR": 418.37808384489614 }, "geometry": { "type": "MultiLineString", "coordinates": [ [ [ -8082244.798269318416715, 5848450.312733353115618 ], [ -8082220.184402424842119, 5848462.637462732382119 ], [ -8082191.090215165168047, 5848481.287712208926678 ], [ -8082147.645066782832146, 5848512.020068837329745 ], [ -8082131.32819929998368, 5848523.223053207620978 ], [ -8082122.311284832656384, 5848528.502458604052663 ], [ -8082116.580389047041535, 5848531.224287074059248 ], [ -8082110.911549777723849, 5848532.697427444159985 ], [ -8082104.792067770846188, 5848531.666797712445259 ], [ -8082098.928803628310561, 5848529.994987840764225 ], [ -8082078.650944972410798, 5848513.637447401881218 ], [ -8082051.552606537006795, 5848490.474803972989321 ], [ -8081969.889572986401618, 5848412.967300820164382 ], [ -8081783.3067223476246, 5848228.519068142399192 ] ] ] } },
{ "type": "Feature", "properties": { "OBJECTID": 1186, "TYPE": "Cyclo pédestre", "NOM": null, "V_VELOBOUC": "Non", "LONGUEUR": 2298.9058348448943 }, "geometry": { "type": "MultiLineString", "coordinates": [ [ [ -8081676.635589213110507, 5832849.403773005120456 ], [ -8081694.190480773337185, 5832856.396457773633301 ], [ -8081706.952794774435461, 5832864.370596587657928 ], [ -8081714.224907469935715, 5832870.747069086879492 ], [ -8081720.257489674724638, 5832878.490901282057166 ], [ -8081726.464262742549181, 5832889.991110065020621 ], [ -8081732.456481435336173, 5832901.426188621670008 ], [ -8081741.677714427933097, 5832927.244679108262062 ], [ -8081747.513257623650134, 5832951.148377625271678 ], [ -8081758.402570397593081, 5833006.659513672813773 ], [ -8081769.875577289611101, 5833043.35306734777987 ], [ -8081776.136041736230254, 5833058.007287192158401 ], [ -8081784.093395845033228, 5833071.452796066179872 ], [ -8081796.303216722793877, 5833087.70985923986882 ], [ -8081825.865132779814303, 5833117.576405149884522 ], [ -8081892.425803723745048, 5833179.641510882414877 ], [ -8081931.09765566047281, 5833220.434715753421187 ], [ -8082018.957116271369159, 5833302.355744804255664 ], [ -8082089.038369976915419, 5833367.698872735723853 ], [ -8082112.489343550056219, 5833389.282742934301496 ], [ -8082186.442959547042847, 5833450.471295182593167 ], [ -8083069.488664096221328, 5834270.166222208179533 ], [ -8083082.486978760920465, 5834282.230682228691876 ], [ -8083188.017726893536747, 5834380.253859705291688 ], [ -8083357.806116639636457, 5834537.825260551646352 ], [ -8083498.499821884557605, 5834667.121040764264762 ], [ -8083980.781554278917611, 5835110.737731236964464 ], [ -8084034.643804118037224, 5835160.080803800374269 ] ] ] } },
{ "type": "Feature", "properties": { "OBJECTID": 1187, "TYPE": "Chaussée désignée", "NOM": null, "V_VELOBOUC": "Non", "LONGUEUR": 242.50033305910762 }, "geometry": { "type": "MultiLineString", "coordinates": [ [ [ -8076222.065138221718371, 5839678.740694073028862 ], [ -8076219.601560267619789, 5840030.703946452587843 ] ] ] } },
{ "type": "Feature", "properties": { "OBJECTID": 1188, "TYPE": "Chaussée désignée", "NOM": null, "V_VELOBOUC": "Non", "LONGUEUR": 68.435046892107849 }, "geometry": { "type": "MultiLineString", "coordinates": [ [ [ -8074863.167859819717705, 5841135.786914456635714 ], [ -8074791.114410977810621, 5841203.933755530975759 ] ] ] } },
{ "type": "Feature", "properties": { "OBJECTID": 1189, "TYPE": "Chaussée désignée", "NOM": null, "V_VELOBOUC": "Non", "LONGUEUR": 139.52637035744354 }, "geometry": { "type": "MultiLineString", "coordinates": [ [ [ -8074651.996367434971035, 5841057.152419803664088 ], [ -8074791.114410977810621, 5841203.933755530975759 ] ] ] } },
{ "type": "Feature", "properties": { "OBJECTID": 1190, "TYPE": "Chaussée désignée", "NOM": null, "V_VELOBOUC": "Non", "LONGUEUR": 302.50913920480434 }, "geometry": { "type": "MultiLineString", "coordinates": [ [ [ -8080669.485356137156487, 5848387.9734548907727 ], [ -8080924.046060496009886, 5848647.741242330521345 ], [ -8080927.222306438721716, 5848653.469973005354404 ], [ -8080928.95326401758939, 5848661.274630752392113 ], [ -8080928.885088893584907, 5848667.23262642044574 ], [ -8080926.423716879449785, 5848674.263692545704544 ], [ -8080919.704874215647578, 5848682.504297146573663 ], [ -8080893.774718929082155, 5848708.279135124757886 ] ] ] } },
{ "type": "Feature", "properties": { "OBJECTID": 1191, "TYPE": "Chaussée désignée", "NOM": null, "V_VELOBOUC": "Non", "LONGUEUR": 113.21999513958315 }, "geometry": { "type": "MultiLineString", "coordinates": [ [ [ -8081616.602345901541412, 5848160.503273456357419 ], [ -8081577.901119261980057, 5848199.620630674064159 ], [ -8081501.51227443292737, 5848277.65668466873467 ] ] ] } },
{ "type": "Feature", "properties": { "OBJECTID": 1192, "TYPE": "Bande cyclable (marquage)", "NOM": "Route Verte 4 (nord-sud)", "V_VELOBOUC": "Oui", "LONGUEUR": 106.36740790163651 }, "geometry": { "type": "MultiLineString", "coordinates": [ [ [ -8077823.898667491972446, 5836055.852416543290019 ], [ -8077893.983987186104059, 5835918.482587960548699 ] ] ] } },
{ "type": "Feature", "properties": { "OBJECTID": 1193, "TYPE": "Cyclo pédestre", "NOM": "Route Verte 4 (nord-sud)", "V_VELOBOUC": "Oui", "LONGUEUR": 6260.2853687298066 }, "geometry": { "type": "MultiLineString", "coordinates": [ [ [ -8088484.495922110974789, 5842675.966932720504701 ], [ -8088356.156563720665872, 5842546.287685663439333 ], [ -8088175.75411806628108, 5842362.96493858192116 ], [ -8088042.337169379927218, 5842231.126857149414718 ], [ -8087845.713671616278589, 5842031.466251672245562 ], [ -8087453.424910641275346, 5841634.767104536294937 ], [ -8087181.817121563479304, 5841355.749820943921804 ], [ -8086941.21985331736505, 5841109.172895431518555 ], [ -8086812.377001111395657, 5840976.068341453559697 ], [ -8086791.742641707882285, 5840955.320679862983525 ], [ -8086777.392908978275955, 5840943.930197945795953 ], [ -8086762.154422681778669, 5840935.065187668427825 ], [ -8086622.796356672421098, 5840868.794237423688173 ], [ -8086492.52871785312891, 5840805.024841790087521 ], [ -8086384.161141098476946, 5840751.416632870212197 ], [ -8086297.122902349568903, 5840709.182988318614662 ], [ -8086198.434731514193118, 5840662.201853960752487 ], [ -8086166.019929855130613, 5840645.33705960214138 ], [ -8086110.404214076697826, 5840615.133847239427269 ], [ -8086102.899300892837346, 5840611.356728230603039 ], [ -8086090.907813780941069, 5840607.363822987303138 ], [ -8086075.425700725056231, 5840602.731800050474703 ], [ -8086052.665955411270261, 5840596.171436575241387 ], [ -8086024.671021347865462, 5840586.340299420058727 ], [ -8086004.414056062698364, 5840576.132752939127386 ], [ -8085971.134660413488746, 5840556.614359835162759 ], [ -8085956.550005283206701, 5840547.531930694356561 ], [ -8085928.429860980249941, 5840523.082153989002109 ], [ -8085915.275967101566494, 5840514.424265435896814 ], [ -8085892.104853239841759, 5840503.236019926145673 ], [ -8085720.897640968672931, 5840421.780278190039098 ], [ -8085304.139899888075888, 5840219.217893661931157 ], [ -8085236.543687918223441, 5840186.27136234100908 ], [ -8085174.851886463351548, 5840163.315863576717675 ], [ -8085080.47796022053808, 5840118.338166485540569 ], [ -8084979.949457379989326, 5840069.143856135196984 ], [ -8084951.759851757436991, 5840056.388921605423093 ], [ -8084937.224289837293327, 5840048.316574340686202 ], [ -8084918.052543498575687, 5840037.120598640292883 ], [ -8084890.753218940459192, 5840019.997160508297384 ], [ -8084873.246481691487134, 5840010.586073413491249 ], [ -8084803.018274080939591, 5839977.318143515847623 ], [ -8084781.524831409566104, 5839968.400605616159737 ], [ -8084752.779696319252253, 5839957.482349409721792 ], [ -8084731.213055843487382, 5839948.256750482134521 ], [ -8084713.775557872839272, 5839939.537558887153864 ], [ -8084681.30246972758323, 5839919.514236842282116 ], [ -8084662.050571198575199, 5839908.701053448952734 ], [ -8084641.256711177527905, 5839897.918797510676086 ], [ -8084615.505753710865974, 5839888.379227171652019 ], [ -8084588.147709502838552, 5839878.426517498679459 ], [ -8084573.954749500378966, 5839872.631793240085244 ], [ -8084561.852072923444211, 5839866.776772226206958 ], [ -8084530.734736778773367, 5839850.823236119933426 ], [ -8084495.596185392700136, 5839831.02546542044729 ], [ -8084460.486684879288077, 5839811.493985077366233 ], [ -8084446.603082306683064, 5839803.4729930376634 ], [ -8084410.682091120630503, 5839785.436717951670289 ], [ -8084366.085236274637282, 5839762.746438092552125 ], [ -8084336.680373569950461, 5839749.285103617236018 ], [ -8084284.001122099347413, 5839728.805719918571413 ], [ -8084248.881060214713216, 5839712.899512847885489 ], [ -8084202.81653459649533, 5839689.728065332397819 ], [ -8084136.863527058623731, 5839658.039718451909721 ], [ -8084063.009777725674212, 5839620.80935693718493 ], [ -8084005.281233190558851, 5839593.205869453027844 ], [ -8083973.300904632546008, 5839577.333824982866645 ], [ -8083956.560755860060453, 5839568.006859762594104 ], [ -8083930.851141289807856, 5839552.819245542399585 ], [ -8083917.853788846172392, 5839545.876849895343184 ], [ -8083897.570677449926734, 5839536.855699692852795 ], [ -8083870.633630836382508, 5839528.79726932477206 ], [ -8083847.081369545310736, 5839519.317267067730427 ], [ -8083821.239766928367317, 5839507.393903899937868 ], [ -8083771.466741945594549, 5839482.295851301401854 ], [ -8083699.804704887792468, 5839448.296864195726812 ], [ -8083641.385669185779989, 5839419.602162619121373 ], [ -8083497.907646903768182, 5839350.41975196544081 ], [ -8083434.883760603144765, 5839319.152504747733474 ], [ -8083392.83953152410686, 5839299.423516983166337 ], [ -8083352.116750203073025, 5839279.119781187735498 ], [ -8083280.097275666892529, 5839242.374695591628551 ], [ -8083079.551995656453073, 5839143.336151358671486 ], [ -8083031.512116650119424, 5839121.124029928818345 ], [ -8082988.606656005606055, 5839102.1770373089239 ], [ -8082941.548773858696222, 5839079.404174974188209 ], [ -8082926.676777228713036, 5839070.327459109947085 ], [ -8082908.062075956724584, 5839056.200449519790709 ], [ -8082893.419867869466543, 5839045.80987283308059 ], [ -8082812.241032260470092, 5838993.797329590655863 ], [ -8082768.558058158494532, 5838963.735025996342301 ], [ -8082736.175566658377647, 5838940.451255224645138 ], [ -8082718.191833385266364, 5838925.843369003385305 ], [ -8082695.448978457599878, 5838906.624060414731503 ], [ -8082635.725664705969393, 5838854.906164713203907 ], [ -8082618.285993356257677, 5838838.235009188763797 ], [ -8082600.816153896041214, 5838819.144231327809393 ], [ -8082558.023229707032442, 5838769.641473124735057 ], [ -8082546.164641665294766, 5838757.065506558865309 ], [ -8082534.287945914082229, 5838746.102223214693367 ], [ -8082520.060741517692804, 5838734.824084397405386 ], [ -8082506.47210550121963, 5838722.919800356030464 ], [ -8082491.64921544585377, 5838708.467047325335443 ], [ -8082483.993701601400971, 5838699.970664731226861 ], [ -8082475.958905431441963, 5838689.453927587717772 ], [ -8082465.860506542958319, 5838673.557066360488534 ], [ -8082455.618896367959678, 5838655.066657182760537 ], [ -8082433.234499214217067, 5838611.462708483450115 ], [ -8082399.97705040872097, 5838546.413730083964765 ], [ -8082360.803295628167689, 5838469.792043062858284 ], [ -8082342.127464406192303, 5838435.558621567673981 ], [ -8082336.628167050890625, 5838427.662849311716855 ], [ -8082331.01774057932198, 5838422.837637887336314 ], [ -8082303.318167234770954, 5838408.162193569354713 ], [ -8082291.001303330995142, 5838400.649838433600962 ], [ -8082288.050001888535917, 5838397.621162073686719 ], [ -8082281.521522898226976, 5838385.950651284307241 ], [ -8082281.107301570475101, 5838381.952429133467376 ], [ -8082281.64708760753274, 5838374.816460945643485 ], [ -8082284.828863970935345, 5838357.419541035778821 ], [ -8082286.175532132387161, 5838346.606337311677635 ], [ -8082285.907245672307909, 5838336.466064725071192 ], [ -8082284.716853960417211, 5838326.62242975551635 ], [ -8082278.736047872342169, 5838317.011498283594847 ], [ -8082219.453572552651167, 5838221.745153533294797 ], [ -8082198.392830705270171, 5838181.879078349098563 ], [ -8082173.101459819823503, 5838135.624687924049795 ], [ -8082127.012275592423975, 5838056.275503515265882 ], [ -8082112.751681494526565, 5838031.155020819976926 ], [ -8082101.573760549537838, 5838010.98466538079083 ], [ -8082089.439088013023138, 5837987.424277908168733 ], [ -8082081.9751918874681, 5837970.521575619466603 ], [ -8082064.961928357370198, 5837928.37312735337764 ], [ -8082053.766458058729768, 5837906.231414503417909 ], [ -8082045.894093395210803, 5837891.627842740155756 ], [ -8082022.141317062079906, 5837853.037846854887903 ], [ -8082009.50790776219219, 5837833.004607869312167 ], [ -8081992.792546666227281, 5837801.636500090360641 ], [ -8081982.145621710456908, 5837775.175392474979162 ], [ -8081976.740850575268269, 5837758.987499754875898 ], [ -8081971.857932749204338, 5837744.034294849261642 ], [ -8081967.311703879386187, 5837733.154796009883285 ], [ -8081943.610541469417512, 5837690.556978647597134 ], [ -8081933.820174514316022, 5837669.113031674176455 ], [ -8081928.778998145833611, 5837654.618753785267472 ], [ -8081927.203053376637399, 5837645.07879126444459 ], [ -8081923.674733896739781, 5837633.455504993908107 ], [ -8081917.818384579382837, 5837622.088112784549594 ], [ -8081892.447552854195237, 5837584.555379059165716 ], [ -8081879.11287731025368, 5837558.909032933413982 ], [ -8081869.052853045985103, 5837530.263665489852428 ], [ -8081855.906033161096275, 5837502.118236340582371 ], [ -8081822.06604232173413, 5837439.131760434247553 ], [ -8081805.684460709802806, 5837412.222307921387255 ], [ -8081787.709572617895901, 5837390.823394246399403 ], [ -8081757.399061663076282, 5837363.755127754062414 ], [ -8081691.40954178571701, 5837304.622866067104042 ], [ -8081672.779214726760983, 5837282.251503156498075 ], [ -8081664.402504161000252, 5837262.254447889514267 ], [ -8081664.773443248122931, 5837243.061688548885286 ], [ -8081672.659939383156598, 5837222.768363784067333 ], [ -8081680.526354862377048, 5837212.491795127280056 ], [ -8081690.439809452742338, 5837207.325866481289268 ], [ -8081710.423936407081783, 5837202.514744450338185 ] ] ] } },
{ "type": "Feature", "properties": { "OBJECTID": 1194, "TYPE": "Cyclo pédestre", "NOM": "Route Verte 4 (nord-sud)", "V_VELOBOUC": "Oui", "LONGUEUR": 3103.2019837719195 }, "geometry": { "type": "MultiLineString", "coordinates": [ [ [ -8081710.423936407081783, 5837202.514744450338185 ], [ -8081707.597993194125593, 5837165.081202161498368 ], [ -8081706.217368932440877, 5837148.193740952759981 ], [ -8081647.450187806040049, 5837035.724201348610222 ], [ -8081609.076419408433139, 5836959.263207484036684 ], [ -8081597.90423486661166, 5836932.068690469488502 ], [ -8081586.794498581439257, 5836909.482189359143376 ], [ -8081573.279497900046408, 5836886.407389624975622 ], [ -8081563.611365691758692, 5836868.329304777085781 ], [ -8081559.895359332673252, 5836851.816467953845859 ], [ -8081558.522305308841169, 5836831.184241465292871 ], [ -8081552.320916159078479, 5836814.206589342094958 ], [ -8081543.10351294092834, 5836793.806033406406641 ], [ -8081532.520986066199839, 5836775.372158561833203 ], [ -8081516.027899818494916, 5836761.823079196736217 ], [ -8081506.863204128108919, 5836749.970471438020468 ], [ -8081491.441661684773862, 5836722.958282856270671 ], [ -8081470.687889295630157, 5836692.025444202125072 ], [ -8081462.104263381101191, 5836667.799483452923596 ], [ -8081426.799014163203537, 5836600.376515840180218 ], [ -8081412.8427565228194, 5836567.725718638859689 ], [ -8081397.454405180178583, 5836543.100163624621928 ], [ -8081385.521991931833327, 5836506.947240589186549 ], [ -8081369.235345674678683, 5836475.31880312319845 ], [ -8081350.248344206251204, 5836446.64113007299602 ], [ -8081328.545951700769365, 5836404.612345427274704 ], [ -8081293.167927054688334, 5836335.074501823633909 ], [ -8081256.098438289016485, 5836280.327929814346135 ], [ -8081231.910358632914722, 5836253.753634233027697 ], [ -8081210.229123252443969, 5836225.480613779276609 ], [ -8081153.66568976547569, 5836185.674376322887838 ], [ -8081079.05650819838047, 5836151.227214373648167 ], [ -8081029.868145038373768, 5836135.882464944384992 ], [ -8080953.487243165262043, 5836119.264905358664691 ], [ -8080919.85096931643784, 5836115.167340774089098 ], [ -8080872.904655924998224, 5836112.042117564938962 ], [ -8080839.438863914459944, 5836113.883527002297342 ], [ -8080637.991708845831454, 5836140.14939568657428 ], [ -8080590.857804030179977, 5836145.939774771220982 ], [ -8080560.165171537548304, 5836152.879495481960475 ], [ -8080465.958764393813908, 5836159.085505580529571 ], [ -8080427.314931931905448, 5836163.552794160321355 ], [ -8080359.660208722576499, 5836168.605760917067528 ], [ -8080262.852327357977629, 5836168.061410965397954 ], [ -8080219.776150340214372, 5836169.027031496167183 ], [ -8080183.385097635909915, 5836166.088833626359701 ], [ -8080152.11540175229311, 5836160.811600125394762 ], [ -8080110.165530877187848, 5836157.026478587649763 ], [ -8080090.926041092723608, 5836157.954987894743681 ], [ -8080074.928693006746471, 5836155.557079961523414 ], [ -8080042.387953063473105, 5836152.526136825792491 ], [ -8080008.359756384044886, 5836150.019877520389855 ], [ -8079999.003472897224128, 5836148.375765521079302 ], [ -8079974.409068035893142, 5836140.796303410083055 ], [ -8079905.278325127437711, 5836129.436346896924078 ], [ -8079852.330968722701073, 5836124.982199889607728 ], [ -8079839.546698700636625, 5836121.954375153407454 ], [ -8079780.232607687823474, 5836105.525172701105475 ], [ -8079755.815778405405581, 5836099.175549135543406 ], [ -8079729.238427138887346, 5836094.336516623385251 ], [ -8079717.725395875051618, 5836090.593942449428141 ], [ -8079709.105944913811982, 5836088.113383975811303 ], [ -8079683.360792958177626, 5836084.128339415416121 ], [ -8079667.093588347546756, 5836081.174927831627429 ], [ -8079653.437059259973466, 5836077.484212506562471 ], [ -8079646.435180944390595, 5836074.101103250868618 ], [ -8079641.359790664166212, 5836069.588982816785574 ], [ -8079639.600571946240962, 5836062.888770843856037 ], [ -8079638.923411652445793, 5836055.279982849024236 ], [ -8079637.455970148555934, 5836049.8116669151932 ], [ -8079634.826568512246013, 5836045.558160503394902 ], [ -8079626.094174603931606, 5836039.621454254724085 ], [ -8079610.720375197008252, 5836032.225229259580374 ], [ -8079603.23112507071346, 5836031.29339312016964 ], [ -8079594.262965672649443, 5836032.494128800928593 ], [ -8079587.935735330916941, 5836036.950279369018972 ], [ -8079580.187701159156859, 5836045.151935595087707 ], [ -8079573.697536, 5836050.450759188272059 ], [ -8079567.777953034266829, 5836052.761838307604194 ], [ -8079557.915519651025534, 5836051.879052235744894 ], [ -8079020.949403897859156, 5835918.748355075716972 ], [ -8078983.028882430866361, 5835908.860360817052424 ], [ -8078964.089390485547483, 5835905.41372165363282 ], [ -8078952.170165476389229, 5835903.738489497452974 ], [ -8078907.531205559149384, 5835892.466185344383121 ], [ -8078853.438781927339733, 5835878.088526134379208 ], [ -8078831.213565410114825, 5835874.219142644666135 ], [ -8078813.124905038625002, 5835870.01451768912375 ], [ -8078792.459777120500803, 5835863.62968257535249 ], [ -8078773.004559373483062, 5835858.48747630789876 ], [ -8078735.037975661456585, 5835852.590467535890639 ], [ -8078721.214871207252145, 5835850.124754294753075 ], [ -8078707.331273760646582, 5835846.276201573200524 ], [ -8078678.462129040621221, 5835834.650887035764754 ], [ -8078660.319699284620583, 5835828.525824599899352 ], [ -8078634.912290984764695, 5835821.931379448622465 ], [ -8078593.780481721274555, 5835811.850537513382733 ], [ -8078582.167582576163113, 5835810.178425208665431 ], [ -8078564.424989676102996, 5835809.12505891174078 ], [ -8078553.664462961256504, 5835806.541637771762908 ], [ -8078536.671689099632204, 5835800.27622471563518 ], [ -8078506.371546068228781, 5835786.714201715774834 ], [ -8078488.616302999667823, 5835780.209477469325066 ], [ -8078462.455613006837666, 5835772.607644991949201 ], [ -8078440.627841829322278, 5835767.513552885502577 ], [ -8078424.286206947639585, 5835764.480316214263439 ], [ -8078395.307108628563583, 5835762.296123432926834 ], [ -8078365.923066960647702, 5835762.026409706100821 ], [ -8078313.714699001982808, 5835763.329933017492294 ], [ -8078296.877858841791749, 5835763.361664468422532 ], [ -8078286.015916232950985, 5835762.926333831623197 ], [ -8078266.611610690131783, 5835760.010161709971726 ], [ -8078176.770733595825732, 5835746.588452280499041 ], [ -8078143.293379059992731, 5835742.968342176638544 ], [ -8078107.356693857349455, 5835740.240329280495644 ], [ -8078066.279796908609569, 5835738.603073948994279 ], [ -8078053.437348428182304, 5835737.37623810954392 ], [ -8078030.353082930669188, 5835735.030319107696414 ], [ -8078019.12211237102747, 5835733.438745767809451 ], [ -8078013.226571734063327, 5835733.675989747047424 ], [ -8077992.987832845188677, 5835736.661026070825756 ], [ -8077981.329870593734086, 5835738.826288755051792 ], [ -8077968.663644056767225, 5835742.131295200437307 ], [ -8077953.335640435107052, 5835744.022824314422905 ], [ -8077951.261445747688413, 5835744.68916729092598 ], [ -8077948.467952319420874, 5835747.957385692745447 ], [ -8077946.438806558027864, 5835754.9852827610448 ] ] ] } },
{ "type": "Feature", "properties": { "OBJECTID": 1195, "TYPE": "Bande cyclable (marquage)", "NOM": null, "V_VELOBOUC": "Oui", "LONGUEUR": 252.06827275834092 }, "geometry": { "type": "MultiLineString", "coordinates": [ [ [ -8077663.524699814617634, 5839640.574105304665864 ], [ -8077767.715324798598886, 5839650.673729171045125 ], [ -8078019.555769239552319, 5839715.531470003537834 ] ] ] } },
{ "type": "Feature", "properties": { "OBJECTID": 1196, "TYPE": "Bande cyclable (marquage)", "NOM": null, "V_VELOBOUC": "Non", "LONGUEUR": 282.28977204721775 }, "geometry": { "type": "MultiLineString", "coordinates": [ [ [ -8077090.130115587264299, 5841828.833621270954609 ], [ -8077086.913361381739378, 5841832.344837467186153 ], [ -8077075.142923542298377, 5841841.886946800164878 ], [ -8077051.379403381608427, 5841859.751103437505662 ], [ -8077023.746507930569351, 5841879.588234161026776 ], [ -8076983.329278817400336, 5841908.025046483613551 ], [ -8076944.88837029132992, 5841933.494837484322488 ], [ -8076888.630385195836425, 5841969.584203528240323 ], [ -8076799.76895606610924, 5842023.968208531849086 ], [ -8076759.665381821803749, 5842047.496898355893791 ], [ -8076749.075915399007499, 5842053.550590253435075 ] ] ] } },
{ "type": "Feature", "properties": { "OBJECTID": 1197, "TYPE": "Bande cyclable (marquage)", "NOM": null, "V_VELOBOUC": "Non", "LONGUEUR": 107.70385182039975 }, "geometry": { "type": "MultiLineString", "coordinates": [ [ [ -8076638.905881812795997, 5842468.805287807248533 ], [ -8076750.114362185820937, 5842578.37381948158145 ] ] ] } },
{ "type": "Feature", "properties": { "OBJECTID": 1198, "TYPE": "Piste cyclable", "NOM": null, "V_VELOBOUC": "Oui", "LONGUEUR": 110.59153026369917 }, "geometry": { "type": "MultiLineString", "coordinates": [ [ [ -8074634.582154683768749, 5839755.970795368775725 ], [ -8074640.635467354208231, 5839759.823333367705345 ], [ -8074659.281523921526968, 5839784.822404614649713 ], [ -8074661.45800466556102, 5839786.865164335817099 ], [ -8074664.977594519034028, 5839788.636353304609656 ], [ -8074670.302389153279364, 5839791.4858712637797 ], [ -8074672.003957158885896, 5839793.234845005907118 ], [ -8074673.217644677497447, 5839795.74600425362587 ], [ -8074676.058237229473889, 5839814.023045128211379 ], [ -8074677.932558111846447, 5839817.310429218225181 ], [ -8074680.495190848596394, 5839819.069926367141306 ], [ -8074684.593640706501901, 5839820.464256753213704 ], [ -8074690.137822822667658, 5839821.012006943114102 ], [ -8074706.393696664832532, 5839822.17076072935015 ], [ -8074711.265887085348368, 5839822.902326983399689 ], [ -8074717.273487179540098, 5839824.703889537602663 ], [ -8074730.231545371934772, 5839829.470741102471948 ], [ -8074737.937247439287603, 5839833.309347139671445 ], [ -8074756.044244795106351, 5839836.711890688166022 ] ] ] } },
{ "type": "Feature", "properties": { "OBJECTID": 1199, "TYPE": "Bande cyclable (marquage)", "NOM": null, "V_VELOBOUC": "Non", "LONGUEUR": 275.79794798632105 }, "geometry": { "type": "MultiLineString", "coordinates": [ [ [ -8077748.917330818250775, 5836421.775256682187319 ], [ -8077747.864299620501697, 5836442.648528062738478 ], [ -8077749.288227150216699, 5836477.677549077197909 ], [ -8077756.740148166194558, 5836520.763588607311249 ], [ -8077769.471822720952332, 5836557.462782111018896 ], [ -8077788.631758945994079, 5836594.238345475867391 ], [ -8077806.690399779938161, 5836620.558504311367869 ], [ -8077918.495061229914427, 5836771.457156927324831 ], [ -8077918.590259157121181, 5836771.562504746951163 ] ] ] } },
{ "type": "Feature", "properties": { "OBJECTID": 1204, "TYPE": "Piste cyclable", "NOM": null, "V_VELOBOUC": "Non", "LONGUEUR": 328.73546239729143 }, "geometry": { "type": "MultiLineString", "coordinates": [ [ [ -8085647.347485138103366, 5841494.04302582424134 ], [ -8085587.735113481990993, 5841459.364130737259984 ], [ -8085524.185945480130613, 5841427.431189893744886 ], [ -8085486.973548069596291, 5841405.021266758441925 ], [ -8085436.040039627812803, 5841366.247071018442512 ], [ -8085245.356155034154654, 5841240.173427293077111 ] ] ] } },
{ "type": "Feature", "properties": { "OBJECTID": 1209, "TYPE": "Bande cyclable (marquage)", "NOM": null, "V_VELOBOUC": "Non", "LONGUEUR": 70.969475959122747 }, "geometry": { "type": "MultiLineString", "coordinates": [ [ [ -8081059.202899155206978, 5839407.787519094534218 ], [ -8080989.727871593087912, 5839331.94802666362375 ] ] ] } },
{ "type": "Feature", "properties": { "OBJECTID": 1210, "TYPE": "Bande cyclable (marquage)", "NOM": null, "V_VELOBOUC": "Non", "LONGUEUR": 250.70955550289551 }, "geometry": { "type": "MultiLineString", "coordinates": [ [ [ -8079515.670697183348238, 5838617.361476819030941 ], [ -8079537.30701432004571, 5838759.851344219408929 ], [ -8079544.121433894149959, 5838786.196734665893018 ], [ -8079550.356354614719748, 5838803.088961465284228 ], [ -8079560.246790488250554, 5838821.636596590280533 ], [ -8079571.787495035678148, 5838836.517028197646141 ], [ -8079586.526995696127415, 5838852.817333628423512 ], [ -8079603.12247106898576, 5838867.526222093962133 ], [ -8079675.301658992655575, 5838921.59119712933898 ] ] ] } },
{ "type": "Feature", "properties": { "OBJECTID": 1218, "TYPE": "Bande cyclable (marquage)", "NOM": null, "V_VELOBOUC": "Non", "LONGUEUR": 76.478631229125867 }, "geometry": { "type": "MultiLineString", "coordinates": [ [ [ -8077996.199625982902944, 5836692.486821151338518 ], [ -8077918.596216814592481, 5836771.557097672484815 ] ] ] } },
{ "type": "Feature", "properties": { "OBJECTID": 1220, "TYPE": "Bande cyclable (marquage)", "NOM": null, "V_VELOBOUC": "Non", "LONGUEUR": 62.530282873110757 }, "geometry": { "type": "MultiLineString", "coordinates": [ [ [ -8070606.631045121699572, 5840261.580923095345497 ], [ -8070542.255437610670924, 5840325.353167831897736 ] ] ] } },
{ "type": "Feature", "properties": { "OBJECTID": 1221, "TYPE": "Chaussée désignée", "NOM": null, "V_VELOBOUC": "Non", "LONGUEUR": 188.23668612702323 }, "geometry": { "type": "MultiLineString", "coordinates": [ [ [ -8072664.492016347125173, 5838472.906140461564064 ], [ -8072764.635002137161791, 5838578.920148585923016 ], [ -8072769.200622781179845, 5838581.165659773163497 ], [ -8072783.741265552118421, 5838584.629625618457794 ], [ -8072788.709286252968013, 5838586.822658015415072 ], [ -8072792.528862645849586, 5838589.37266188301146 ], [ -8072858.766696085222065, 5838660.00114038027823 ] ] ] } },
{ "type": "Feature", "properties": { "OBJECTID": 1222, "TYPE": "Chaussée désignée", "NOM": null, "V_VELOBOUC": "Non", "LONGUEUR": 215.70885111689898 }, "geometry": { "type": "MultiLineString", "coordinates": [ [ [ -8073015.164691559039056, 5838825.584948096424341 ], [ -8073228.650824779644608, 5839053.910558461211622 ] ] ] } },
{ "type": "Feature", "properties": { "OBJECTID": 1223, "TYPE": "Piste cyclable", "NOM": null, "V_VELOBOUC": "Oui", "LONGUEUR": 369.30716527394827 }, "geometry": { "type": "MultiLineString", "coordinates": [ [ [ -8081890.059252832084894, 5848050.241906628012657 ], [ -8082019.245892290025949, 5848186.260891334153712 ], [ -8082086.211287535727024, 5848258.976822216063738 ], [ -8082135.736173640936613, 5848310.69593476690352 ], [ -8082158.94207320548594, 5848339.176291272975504 ], [ -8082172.108016359619796, 5848360.930385831743479 ], [ -8082179.475087572820485, 5848373.623218987137079 ], [ -8082197.217074907384813, 5848398.229339461773634 ], [ -8082243.339639123529196, 5848448.855132790282369 ], [ -8082244.798269318416715, 5848450.312733353115618 ] ] ] } },
{ "type": "Feature", "properties": { "OBJECTID": 1226, "TYPE": "Chaussée désignée", "NOM": null, "V_VELOBOUC": "Non", "LONGUEUR": 156.31787721776186 }, "geometry": { "type": "MultiLineString", "coordinates": [ [ [ -8079186.143530269153416, 5845656.980736959725618 ], [ -8079253.324784846045077, 5845716.680764461867511 ], [ -8079266.547718884423375, 5845725.981987755745649 ], [ -8079282.06523017399013, 5845734.723531602881849 ], [ -8079300.407437726855278, 5845744.158695171587169 ], [ -8079357.527923359535635, 5845772.711455324664712 ], [ -8079375.680261583067477, 5845771.631815345026553 ] ] ] } },
{ "type": "Feature", "properties": { "OBJECTID": 1227, "TYPE": "Bande cyclable (marquage)", "NOM": null, "V_VELOBOUC": "Non", "LONGUEUR": 224.30797076737471 }, "geometry": { "type": "MultiLineString", "coordinates": [ [ [ -8077556.258391649462283, 5841451.174434429034591 ], [ -8077551.193835992366076, 5841432.616634527221322 ], [ -8077542.152429747395217, 5841403.892185259610415 ], [ -8077532.67262033559382, 5841379.867973983287811 ], [ -8077523.435817264020443, 5841359.592005560174584 ], [ -8077508.702246068045497, 5841334.641150068491697 ], [ -8077487.902664090506732, 5841304.624797652475536 ], [ -8077470.730105152353644, 5841283.582199024036527 ], [ -8077448.326675858348608, 5841259.692580301314592 ], [ -8077423.529617568477988, 5841235.870430205948651 ], [ -8077398.244965700432658, 5841212.810735353268683 ], [ -8077371.224916324019432, 5841192.536480732262135 ] ] ] } },
{ "type": "Feature", "properties": { "OBJECTID": 1229, "TYPE": "Bande cyclable (marquage)", "NOM": null, "V_VELOBOUC": "Oui", "LONGUEUR": 189.28590539017566 }, "geometry": { "type": "MultiLineString", "coordinates": [ [ [ -8078212.132890318520367, 5841265.257075109519064 ], [ -8078219.523823426105082, 5841274.528012718074024 ], [ -8078231.149693933315575, 5841290.752828951925039 ], [ -8078240.461320374161005, 5841304.429031789302826 ], [ -8078247.880384569056332, 5841316.480714529752731 ], [ -8078260.766301923431456, 5841339.161250513978302 ], [ -8078268.633407428860664, 5841352.487253112718463 ], [ -8078275.755478262901306, 5841363.846164946444333 ], [ -8078291.584031615406275, 5841385.389938653446734 ], [ -8078312.894881699234247, 5841409.610657844692469 ], [ -8078378.653999420814216, 5841482.2429113779217 ] ] ] } },
{ "type": "Feature", "properties": { "OBJECTID": 1230, "TYPE": "Bande cyclable (marquage)", "NOM": null, "V_VELOBOUC": "Non", "LONGUEUR": 172.94433650302483 }, "geometry": { "type": "MultiLineString", "coordinates": [ [ [ -8079084.920804478228092, 5841555.021731723099947 ], [ -8078978.962655145674944, 5841571.87561253644526 ], [ -8078966.001712780445814, 5841574.166540036909282 ], [ -8078944.856370350345969, 5841578.783480965532362 ], [ -8078935.08641348592937, 5841581.398103846237063 ], [ -8078916.498445034958422, 5841586.775253278203309 ], [ -8078841.167682585306466, 5841609.710600248537958 ] ] ] } },
{ "type": "Feature", "properties": { "OBJECTID": 1233, "TYPE": "Bande cyclable (marquage)", "NOM": null, "V_VELOBOUC": "Non", "LONGUEUR": 177.34888089509556 }, "geometry": { "type": "MultiLineString", "coordinates": [ [ [ -8077575.052500510588288, 5837776.500090284273028 ], [ -8077548.029995968565345, 5837764.793151492252946 ], [ -8077515.307821365073323, 5837748.469721912406385 ], [ -8077493.633482096716762, 5837736.501002848148346 ], [ -8077467.720278494991362, 5837726.977710863575339 ], [ -8077441.959896771237254, 5837720.719885247759521 ], [ -8077414.249870602041483, 5837717.51035765837878 ], [ -8077384.765482049435377, 5837718.695135269314051 ], [ -8077364.627293474972248, 5837722.487015387043357 ], [ -8077342.507945190183818, 5837748.14090209826827 ] ] ] } },
{ "type": "Feature", "properties": { "OBJECTID": 1234, "TYPE": "Piste cyclable", "NOM": null, "V_VELOBOUC": "Non", "LONGUEUR": 174.41129684870472 }, "geometry": { "type": "MultiLineString", "coordinates": [ [ [ -8077342.507945190183818, 5837748.14090209826827 ], [ -8077365.904122826643288, 5837760.130370102822781 ], [ -8077387.19050235580653, 5837756.35228695999831 ], [ -8077419.92088826186955, 5837755.781965171918273 ], [ -8077449.515045531094074, 5837761.509667405858636 ], [ -8077475.813157371245325, 5837770.845636154524982 ], [ -8077554.164582153782248, 5837812.477493393234909 ], [ -8077576.506008271127939, 5837823.629266595467925 ] ] ] } },
{ "type": "Feature", "properties": { "OBJECTID": 1238, "TYPE": "Piste cyclable", "NOM": null, "V_VELOBOUC": "Non", "LONGUEUR": 468.83393510736022 }, "geometry": { "type": "MultiLineString", "coordinates": [ [ [ -8075578.548159812577069, 5837160.504325920715928 ], [ -8075383.359457894228399, 5837331.617801941931248 ], [ -8075173.228893019258976, 5837517.046090905554593 ], [ -8075137.932519336231053, 5837549.483210101723671 ], [ -8075109.419306769967079, 5837578.009666179306805 ], [ -8075059.439386285841465, 5837587.719548651948571 ] ] ] } },
{ "type": "Feature", "properties": { "OBJECTID": 1242, "TYPE": "Chaussée désignée", "NOM": null, "V_VELOBOUC": "Non", "LONGUEUR": 203.72052219168617 }, "geometry": { "type": "MultiLineString", "coordinates": [ [ [ -8077424.682952325791121, 5838140.118830544874072 ], [ -8077416.182109236717224, 5838218.832399568520486 ], [ -8077406.920457130298018, 5838283.461765374056995 ], [ -8077387.412357642315328, 5838398.886260286904871 ], [ -8077384.130095895379782, 5838423.960138955153525 ], [ -8077383.756067316047847, 5838432.75716822501272 ] ] ] } },
{ "type": "Feature", "properties": { "OBJECTID": 1251, "TYPE": "Chaussée désignée", "NOM": null, "V_VELOBOUC": "Non", "LONGUEUR": 72.623028433850052 }, "geometry": { "type": "MultiLineString", "coordinates": [ [ [ -8075478.994132365100086, 5842283.359054406173527 ], [ -8075443.974269840866327, 5842311.183696888387203 ], [ -8075435.078127609565854, 5842318.547554824501276 ], [ -8075426.460734494030476, 5842326.606350058689713 ], [ -8075417.174936705268919, 5842337.69187378231436 ], [ -8075409.304655117914081, 5842348.8907006746158 ], [ -8075406.400955460034311, 5842357.457772912457585 ] ] ] } },
{ "type": "Feature", "properties": { "OBJECTID": 1254, "TYPE": "Chaussée désignée", "NOM": null, "V_VELOBOUC": "Non", "LONGUEUR": 76.460636794958916 }, "geometry": { "type": "MultiLineString", "coordinates": [ [ [ -8073256.516004697419703, 5839083.711802944540977 ], [ -8073337.065575949847698, 5839007.661462015472353 ] ] ] } },
{ "type": "Feature", "properties": { "OBJECTID": 1255, "TYPE": "Bande cyclable (marquage)", "NOM": null, "V_VELOBOUC": "Non", "LONGUEUR": 184.52897122171629 }, "geometry": { "type": "MultiLineString", "coordinates": [ [ [ -8071400.886788326315582, 5840057.337740398943424 ], [ -8071209.323078900575638, 5840243.897689474746585 ] ] ] } },
{ "type": "Feature", "properties": { "OBJECTID": 1257, "TYPE": "Bande cyclable (marquage)", "NOM": null, "V_VELOBOUC": "Non", "LONGUEUR": 92.405224756346826 }, "geometry": { "type": "MultiLineString", "coordinates": [ [ [ -8075582.366801327094436, 5842839.793541577644646 ], [ -8075508.290061942301691, 5842745.821853240951896 ], [ -8075499.36975400801748, 5842734.593174305744469 ] ] ] } },
{ "type": "Feature", "properties": { "OBJECTID": 1258, "TYPE": "Chaussée désignée", "NOM": null, "V_VELOBOUC": "Non", "LONGUEUR": 78.226432464669927 }, "geometry": { "type": "MultiLineString", "coordinates": [ [ [ -8075457.018467468209565, 5842646.902798874303699 ], [ -8075402.807340087369084, 5842652.10951395239681 ], [ -8075398.086658145301044, 5842652.974224670790136 ], [ -8075347.238216133788228, 5842671.075759504921734 ] ] ] } },
{ "type": "Feature", "properties": { "OBJECTID": 1259, "TYPE": "Bande cyclable (marquage)", "NOM": null, "V_VELOBOUC": "Non", "LONGUEUR": 178.62194640737766 }, "geometry": { "type": "MultiLineString", "coordinates": [ [ [ -8075347.238216133788228, 5842671.075759504921734 ], [ -8075335.188148349523544, 5842641.561297183856368 ], [ -8075328.955505833029747, 5842631.266505000181496 ], [ -8075322.066723777912557, 5842624.575127404183149 ], [ -8075313.390684770420194, 5842620.01329733710736 ], [ -8075303.837037096731365, 5842618.36059355456382 ], [ -8075294.565491679124534, 5842618.708947546780109 ], [ -8075284.049325925298035, 5842620.655612758360803 ], [ -8075201.054759661667049, 5842642.464065122418106 ], [ -8075191.55476407147944, 5842643.964589946903288 ], [ -8075183.676585407927632, 5842643.100375769659877 ], [ -8075179.105145032517612, 5842641.123934948816895 ], [ -8075175.319958452135324, 5842637.466652309522033 ], [ -8075172.095720512792468, 5842631.741594486869872 ], [ -8075167.979042699560523, 5842623.131767577491701 ], [ -8075155.643966929987073, 5842589.184775118716061 ] ] ] } },
{ "type": "Feature", "properties": { "OBJECTID": 1260, "TYPE": "Chaussée désignée", "NOM": null, "V_VELOBOUC": "Non", "LONGUEUR": 253.77143142312366 }, "geometry": { "type": "MultiLineString", "coordinates": [ [ [ -8075155.643966929987073, 5842589.184775118716061 ], [ -8075277.988836665637791, 5842543.706232056953013 ], [ -8075290.580816280096769, 5842537.923731606453657 ], [ -8075300.590312473475933, 5842531.937200977467 ], [ -8075309.701193844899535, 5842524.26838403660804 ], [ -8075355.293854362331331, 5842482.698315443471074 ], [ -8075365.475293191149831, 5842471.988429171033204 ], [ -8075374.984681500121951, 5842459.829896194860339 ], [ -8075381.025410937145352, 5842449.530741003341973 ], [ -8075386.504135277122259, 5842438.187639305368066 ], [ -8075392.358818773180246, 5842424.255924527533352 ], [ -8075395.600475188344717, 5842412.655122833326459 ], [ -8075406.400955460034311, 5842357.457772912457585 ] ] ] } },
{ "type": "Feature", "properties": { "OBJECTID": 1261, "TYPE": "Chaussée désignée", "NOM": null, "V_VELOBOUC": "Non", "LONGUEUR": 226.84699972504183 }, "geometry": { "type": "MultiLineString", "coordinates": [ [ [ -8073257.545434884727001, 5839515.100804430432618 ], [ -8073483.549162255600095, 5839753.836808236315846 ] ] ] } },
{ "type": "Feature", "properties": { "OBJECTID": 1263, "TYPE": "Chaussée désignée", "NOM": null, "V_VELOBOUC": "Non", "LONGUEUR": 151.68673628642534 }, "geometry": { "type": "MultiLineString", "coordinates": [ [ [ -8071777.588522097095847, 5839426.322280377149582 ], [ -8071637.532623297534883, 5839280.725380280055106 ], [ -8071625.528278304263949, 5839267.601778520271182 ] ] ] } },
{ "type": "Feature", "properties": { "OBJECTID": 1264, "TYPE": "Piste cyclable", "NOM": null, "V_VELOBOUC": "Non", "LONGUEUR": 21.686390280772869 }, "geometry": { "type": "MultiLineString", "coordinates": [ [ [ -8079969.387856253422797, 5835221.991447491571307 ], [ -8079966.953882043249905, 5835253.356607791036367 ] ] ] } },
{ "type": "Feature", "properties": { "OBJECTID": 1266, "TYPE": "Accotement asphalté", "NOM": "Route Verte 5 (est-ouest)", "V_VELOBOUC": "Oui", "LONGUEUR": 259.07076299971908 }, "geometry": { "type": "MultiLineString", "coordinates": [ [ [ -8063562.57496156077832, 5845190.107860348187387 ], [ -8063530.716902485117316, 5845227.768406189978123 ], [ -8063451.335051540285349, 5845300.312683162279427 ], [ -8063308.080139922909439, 5845420.224697486497462 ], [ -8063283.466095245443285, 5845440.51327365450561 ] ] ] } },
{ "type": "Feature", "properties": { "OBJECTID": 1267, "TYPE": "Piste cyclable", "NOM": null, "V_VELOBOUC": "Non", "LONGUEUR": 854.23353969918674 }, "geometry": { "type": "MultiLineString", "coordinates": [ [ [ -8079897.80208239145577, 5835214.105252194218338 ], [ -8079899.421966041438282, 5835215.163842119276524 ], [ -8079901.005996329709888, 5835215.632710156962276 ], [ -8079912.463854493573308, 5835216.708670143969357 ], [ -8079914.920087520033121, 5835216.961055880412459 ], [ -8079916.918080107308924, 5835217.523371984250844 ], [ -8079919.093706231564283, 5835218.557657370343804 ], [ -8079920.952685805037618, 5835219.887849879451096 ], [ -8079922.242795645259321, 5835221.15209814812988 ], [ -8079923.3964479919523, 5835222.64949722122401 ], [ -8079927.973785256035626, 5835236.531042747199535 ], [ -8079929.241795757785439, 5835239.610396296717227 ], [ -8079930.839404496364295, 5835242.0360850058496 ], [ -8079933.799845118075609, 5835244.913561012595892 ], [ -8079936.684484320692718, 5835246.640267589129508 ], [ -8079938.298279259353876, 5835247.287487049587071 ], [ -8079940.031828513368964, 5835247.770562810823321 ], [ -8079973.474959937855601, 5835254.709581948816776 ], [ -8079993.645341346040368, 5835257.62331186234951 ], [ -8079998.834859885275364, 5835259.04829494562 ], [ -8080004.96518228854984, 5835261.217999831773341 ], [ -8080010.193230188451707, 5835263.528401946648955 ], [ -8080014.191973545588553, 5835265.608224424533546 ], [ -8080020.012897159904242, 5835269.176948495209217 ], [ -8080024.544834738597274, 5835272.461157979443669 ], [ -8080027.740777927450836, 5835275.085135971195996 ], [ -8080070.400462281890213, 5835315.720724265091121 ], [ -8080112.576240996830165, 5835362.531375844031572 ], [ -8080243.572142007760704, 5835525.544895355589688 ], [ -8080270.216851353645325, 5835566.135649650357664 ], [ -8080276.846786878071725, 5835574.822075032629073 ], [ -8080300.051801854744554, 5835601.017958700656891 ], [ -8080321.049355806782842, 5835632.017450356855989 ], [ -8080333.017712888307869, 5835661.278023526072502 ], [ -8080341.523694892413914, 5835692.722929214127362 ], [ -8080346.310522398911417, 5835721.826178336516023 ], [ -8080346.578634879551828, 5835758.797227757051587 ], [ -8080345.129876480437815, 5835774.067515537142754 ], [ -8080340.347636673599482, 5835799.850577355362475 ], [ -8080333.98200898617506, 5835821.697886282578111 ], [ -8080327.103054812178016, 5835839.685193317942321 ], [ -8080326.02664147131145, 5835842.174633426591754 ], [ -8080322.82701063901186, 5835849.067300696857274 ], [ -8080316.306714858859777, 5835861.667473296634853 ], [ -8080306.726335423067212, 5835877.573053140193224 ], [ -8080296.893381372094154, 5835891.430848971009254 ], [ -8080289.370685671456158, 5835901.435139364562929 ], [ -8080109.357842581346631, 5836131.787519170902669 ], [ -8080103.938077243044972, 5836138.212492276914418 ], [ -8080097.346407050266862, 5836144.095449692569673 ], [ -8080089.954506596550345, 5836148.973644191399217 ], [ -8080086.671412996016443, 5836150.683213228359818 ], [ -8080082.367786787450314, 5836152.558829490095377 ], [ -8080074.928693006746471, 5836155.557079961523414 ] ] ] } },
{ "type": "Feature", "properties": { "OBJECTID": 1269, "TYPE": "Chaussée désignée", "NOM": "Route Verte 5 (est-ouest)", "V_VELOBOUC": "Oui", "LONGUEUR": 92.320548398778755 }, "geometry": { "type": "MultiLineString", "coordinates": [ [ [ -8075497.49288687389344, 5834946.783468772657216 ], [ -8075376.718598861247301, 5834889.731936845928431 ] ] ] } },
{ "type": "Feature", "properties": { "OBJECTID": 1270, "TYPE": "Piste cyclable", "NOM": null, "V_VELOBOUC": "Non", "LONGUEUR": 332.00859828461728 }, "geometry": { "type": "MultiLineString", "coordinates": [ [ [ -8074784.154277015477419, 5844255.932970284484327 ], [ -8074791.553989245556295, 5844346.858668053522706 ], [ -8074788.965103486552835, 5844361.351625436916947 ], [ -8074783.63440849725157, 5844374.543002084828913 ], [ -8074775.725332109257579, 5844382.400368568487465 ], [ -8074767.448079954832792, 5844388.244017559103668 ], [ -8074684.63788756262511, 5844428.884440456517041 ], [ -8074613.266083022579551, 5844462.878657203167677 ], [ -8074517.712201328016818, 5844515.543231404386461 ], [ -8074504.135943004861474, 5844519.435463678091764 ], [ -8074490.756857249885798, 5844562.746792311780155 ] ] ] } },
{ "type": "Feature", "properties": { "OBJECTID": 1271, "TYPE": "Chaussée désignée", "NOM": null, "V_VELOBOUC": "Non", "LONGUEUR": 84.87265505323991 }, "geometry": { "type": "MultiLineString", "coordinates": [ [ [ -8077528.00229065772146, 5844595.265381528064609 ], [ -8077440.902785769663751, 5844508.340184451080859 ] ] ] } },
{ "type": "Feature", "properties": { "OBJECTID": 1272, "TYPE": "Piste cyclable", "NOM": null, "V_VELOBOUC": "Non", "LONGUEUR": 330.83265021804084 }, "geometry": { "type": "MultiLineString", "coordinates": [ [ [ -8077733.025735579431057, 5845095.736888274550438 ], [ -8077723.666686092503369, 5845070.839886003173888 ], [ -8077720.029664269648492, 5845060.9399403790012 ], [ -8077717.526390342973173, 5845049.910301306284964 ], [ -8077716.53777910862118, 5845044.422647694125772 ], [ -8077716.449544606730342, 5845027.561368391849101 ], [ -8077718.718744459562004, 5844997.566856324672699 ], [ -8077719.56049807742238, 5844970.869794552214444 ], [ -8077720.427643870934844, 5844950.129406161606312 ], [ -8077718.75443905685097, 5844925.564164373092353 ], [ -8077718.571914340369403, 5844904.523266765289009 ], [ -8077716.155297284945846, 5844894.263291974551976 ], [ -8077714.056511203758419, 5844889.531134047545493 ], [ -8077711.040887918323278, 5844885.412454901263118 ], [ -8077654.332321820780635, 5844820.056717277504504 ], [ -8077650.355939683504403, 5844816.20519051887095 ], [ -8077607.30700149666518, 5844763.93282019905746 ], [ -8077610.827439800836146, 5844758.717953900806606 ], [ -8077612.105410117655993, 5844752.680985470302403 ], [ -8077611.455457832664251, 5844749.330279259011149 ], [ -8077609.999241813085973, 5844746.14267039950937 ], [ -8077577.063812463544309, 5844677.602222251705825 ], [ -8077583.740118885412812, 5844670.150182507932186 ] ] ] } },
{ "type": "Feature", "properties": { "OBJECTID": 1273, "TYPE": "Piste cyclable", "NOM": null, "V_VELOBOUC": "Non", "LONGUEUR": 204.43455841136418 }, "geometry": { "type": "MultiLineString", "coordinates": [ [ [ -8078434.692563706077635, 5830838.716400907374918 ], [ -8078539.031587520614266, 5830937.350395547226071 ], [ -8078543.389440264552832, 5830947.375322700478137 ], [ -8078535.825680026784539, 5830964.419039279222488 ], [ -8078527.112445115111768, 5830974.320633583702147 ], [ -8078508.53791322465986, 5830986.983135072514415 ], [ -8078507.635217223316431, 5830995.079950511455536 ], [ -8078512.66488644015044, 5831002.164833014830947 ], [ -8078551.811406726948917, 5831043.742892378009856 ], [ -8078564.789494037628174, 5831046.10668658092618 ] ] ] } },
{ "type": "Feature", "properties": { "OBJECTID": 1274, "TYPE": "Piste cyclable", "NOM": null, "V_VELOBOUC": "Non", "LONGUEUR": 363.49242917352319 }, "geometry": { "type": "MultiLineString", "coordinates": [ [ [ -8078455.219534517265856, 5830429.291431868448853 ], [ -8078489.587347835302353, 5830472.761074893176556 ], [ -8078512.256075595505536, 5830488.477704167366028 ], [ -8078538.578742485493422, 5830524.099536170251667 ], [ -8078572.178420437499881, 5830540.978575077839196 ], [ -8078602.662513975985348, 5830572.658919137902558 ], [ -8078619.680955588817596, 5830597.349894336424768 ], [ -8078620.388249668292701, 5830611.163896064274013 ], [ -8078611.551826821640134, 5830625.461666912771761 ], [ -8078568.055670148693025, 5830672.603965651243925 ], [ -8078532.786211696453393, 5830703.060321860015392 ], [ -8078492.633148004300892, 5830727.283409109339118 ], [ -8078473.967654612846673, 5830755.174270397052169 ], [ -8078454.717248350381851, 5830764.85578322969377 ], [ -8078428.335720962844789, 5830800.053980643860996 ] ] ] } },
{ "type": "Feature", "properties": { "OBJECTID": 1275, "TYPE": "Piste cyclable", "NOM": null, "V_VELOBOUC": "Non", "LONGUEUR": 816.87123016311466 }, "geometry": { "type": "MultiLineString", "coordinates": [ [ [ -8078315.211792262271047, 5831103.434995900839567 ], [ -8078178.402199048548937, 5830965.434812104329467 ], [ -8078098.652722127735615, 5830895.177587252110243 ], [ -8078076.501542957499623, 5830867.119406248442829 ], [ -8078074.069911922328174, 5830851.64890793710947 ], [ -8078099.892097705043852, 5830821.259157177060843 ], [ -8078131.949905525892973, 5830773.11033765040338 ], [ -8078179.27204151917249, 5830722.0185167491436 ], [ -8078199.865352270193398, 5830688.684495886787772 ], [ -8078213.744284313172102, 5830663.026080287992954 ], [ -8078242.314551776275039, 5830642.868506041355431 ], [ -8078251.897279376164079, 5830643.992253055796027 ], [ -8078263.313723379746079, 5830651.93827448785305 ], [ -8078328.960720232687891, 5830713.831625433638692 ], [ -8078359.518113855272532, 5830736.88506199605763 ], [ -8078428.335720962844789, 5830800.053980643860996 ], [ -8078436.068756432272494, 5830816.101506520062685 ], [ -8078434.692563706077635, 5830838.716400907374918 ], [ -8078417.166666440665722, 5830858.370033705607057 ], [ -8078394.358832339756191, 5830883.603658978827298 ], [ -8078275.203314572572708, 5831061.105883858166635 ] ] ] } },
{ "type": "Feature", "properties": { "OBJECTID": 1277, "TYPE": "Piste cyclable", "NOM": null, "V_VELOBOUC": "Non", "LONGUEUR": 121.0999339934876 }, "geometry": { "type": "MultiLineString", "coordinates": [ [ [ -8077034.196393584832549, 5833873.944443562999368 ], [ -8077026.792038165032864, 5833881.071385714225471 ], [ -8076952.266323899850249, 5833938.095357201062143 ], [ -8076927.958231057040393, 5833951.106095823459327 ], [ -8076912.386567670851946, 5833958.207895867526531 ], [ -8076888.774146117269993, 5833970.147356111556292 ] ] ] } },
{ "type": "Feature", "properties": { "OBJECTID": 1278, "TYPE": "Piste cyclable", "NOM": "Route Verte 5 (est-ouest)", "V_VELOBOUC": "Oui", "LONGUEUR": 196.13765671031993 }, "geometry": { "type": "MultiLineString", "coordinates": [ [ [ -8076737.363825778476894, 5833567.933135295286775 ], [ -8076744.347440764307976, 5833582.495164602994919 ], [ -8076742.257865789346397, 5833604.24827547930181 ], [ -8076740.402359246276319, 5833609.196097942069173 ], [ -8076736.633352106437087, 5833613.563574976287782 ], [ -8076726.698765362612903, 5833621.54776110034436 ], [ -8076718.39107215963304, 5833627.98762618470937 ], [ -8076711.358356733806431, 5833633.818457012064755 ], [ -8076704.86127046123147, 5833640.771732225082815 ], [ -8076699.633231369778514, 5833648.136928387917578 ], [ -8076695.132605640217662, 5833655.125438384711742 ], [ -8076691.643317495472729, 5833661.352649073116481 ], [ -8076687.571440070867538, 5833665.955693519674242 ], [ -8076682.796439437195659, 5833669.488965148106217 ], [ -8076677.030590057373047, 5833672.559394815936685 ], [ -8076670.529676346108317, 5833676.46565453056246 ], [ -8076663.500551957637072, 5833682.074011147022247 ], [ -8076654.546415719203651, 5833689.98565112054348 ], [ -8076648.769266369752586, 5833693.723757162690163 ], [ -8076643.67654647026211, 5833696.360990221612155 ], [ -8076638.976722355931997, 5833698.726749847643077 ], [ -8076636.166171276941895, 5833700.903377082198858 ], [ -8076632.507797529920936, 5833704.010944705456495 ], [ -8076630.845911119133234, 5833707.153904316946864 ], [ -8076632.227876412682235, 5833711.306514504365623 ], [ -8076660.399529787711799, 5833740.774807423353195 ], [ -8076668.14194562472403, 5833746.14536804985255 ], [ -8076677.943665530532598, 5833751.110515967942774 ], [ -8076688.08351316768676, 5833757.904049393720925 ], [ -8076698.016824345104396, 5833767.631575571373105 ] ] ] } },
{ "type": "Feature", "properties": { "OBJECTID": 1279, "TYPE": "Piste cyclable", "NOM": "Route Verte 5 (est-ouest)", "V_VELOBOUC": "Oui", "LONGUEUR": 78.162188132744859 }, "geometry": { "type": "MultiLineString", "coordinates": [ [ [ -8076636.890809333883226, 5834020.270881169475615 ], [ -8076617.032839323394001, 5834025.082727328874171 ], [ -8076601.265301113948226, 5834028.119328608736396 ], [ -8076586.522004082798958, 5834030.383565893396735 ], [ -8076569.234584732912481, 5834032.877207316458225 ], [ -8076559.413892378099263, 5834034.250167894177139 ], [ -8076538.719696916639805, 5834036.220997620373964 ], [ -8076526.263935878872871, 5834041.291177744977176 ] ] ] } },
{ "type": "Feature", "properties": { "OBJECTID": 1280, "TYPE": "Piste cyclable", "NOM": "Route Verte 5 (est-ouest)", "V_VELOBOUC": "Oui", "LONGUEUR": 1044.6660873389253 }, "geometry": { "type": "MultiLineString", "coordinates": [ [ [ -8075059.439386285841465, 5837587.719548651948571 ], [ -8075052.684353425167501, 5837604.003856596536934 ], [ -8075037.208237973973155, 5837620.978281103074551 ], [ -8075017.26364793907851, 5837646.652501158416271 ], [ -8074608.988833, 5838106.713187581859529 ], [ -8074585.301234954968095, 5838130.758181849494576 ], [ -8074559.8431007983163, 5838154.032822947949171 ], [ -8074551.280844438821077, 5838162.548432097770274 ], [ -8074529.235575658269227, 5838187.640714501030743 ], [ -8074519.832617525942624, 5838196.049967809580266 ], [ -8074435.656253782100976, 5838272.315547673031688 ], [ -8074429.371190459467471, 5838276.420157225802541 ], [ -8074422.244342818856239, 5838279.869364409707487 ], [ -8074427.007486365735531, 5838300.812596444040537 ], [ -8074062.57101143617183, 5838711.07964954059571 ] ] ] } },
{ "type": "Feature", "properties": { "OBJECTID": 1281, "TYPE": "Bande cyclable (marquage)", "NOM": null, "V_VELOBOUC": "Non", "LONGUEUR": 215.82174530223216 }, "geometry": { "type": "MultiLineString", "coordinates": [ [ [ -8076536.591353478841484, 5838849.022136398591101 ], [ -8076775.364889726042747, 5838943.775977465324104 ], [ -8076805.385502818971872, 5838953.831769020296633 ], [ -8076828.407670303247869, 5838959.843071485869586 ] ] ] } },
{ "type": "Feature", "properties": { "OBJECTID": 1282, "TYPE": "Piste cyclable", "NOM": null, "V_VELOBOUC": "Non", "LONGUEUR": 571.4700203471009 }, "geometry": { "type": "MultiLineString", "coordinates": [ [ [ -8076164.093327596783638, 5838700.033689560368657 ], [ -8076160.838312579318881, 5838717.927455838769674 ], [ -8076161.18934134952724, 5838726.974891886115074 ], [ -8076164.910321257077157, 5838742.283861473202705 ], [ -8076167.609376357868314, 5838747.039656265638769 ], [ -8076172.803917127661407, 5838749.579109251499176 ], [ -8076183.091253632679582, 5838753.562171772122383 ], [ -8076207.562826013192534, 5838766.932290632277727 ], [ -8076239.188107160851359, 5838787.070102243684232 ], [ -8076284.200854025781155, 5838820.847762799821794 ], [ -8076292.456938568502665, 5838826.649519962258637 ], [ -8076301.12657883297652, 5838831.477157087065279 ], [ -8076312.469775295816362, 5838838.410665291361511 ], [ -8076321.89424953982234, 5838847.337035075761378 ], [ -8076328.555255978368223, 5838852.0828747311607 ], [ -8076333.235274360515177, 5838854.44321568403393 ], [ -8076341.599091030657291, 5838856.041333455592394 ], [ -8076350.119361612945795, 5838858.966281251981854 ], [ -8076356.964371272362769, 5838862.735078055411577 ], [ -8076362.002894398756325, 5838868.728728068061173 ], [ -8076372.800081050023437, 5838882.913217505440116 ], [ -8076381.941800703294575, 5838891.490595106966794 ], [ -8076388.099933448247612, 5838895.078264576382935 ], [ -8076398.796260770410299, 5838898.490149528719485 ], [ -8076410.326890209689736, 5838904.158492993563414 ], [ -8076426.234799048863351, 5838913.50845764670521 ], [ -8076434.940709182061255, 5838920.122078960761428 ], [ -8076438.148957183584571, 5838925.517532085068524 ], [ -8076443.070111722685397, 5838931.740101907402277 ], [ -8076449.344527818262577, 5838935.213901974260807 ], [ -8076455.410007094964385, 5838936.957316637970507 ], [ -8076465.737417228519917, 5838937.599817854352295 ], [ -8076478.433584144338965, 5838941.842034487053752 ], [ -8076496.702166026458144, 5838950.644065412692726 ], [ -8076527.103180138394237, 5838962.817588791251183 ], [ -8076531.220172403380275, 5838964.249462556093931 ], [ -8076534.894378066062927, 5838964.293571960180998 ], [ -8076545.593181995674968, 5838962.693981762975454 ], [ -8076550.873551769182086, 5838962.872459319420159 ], [ -8076562.141264010220766, 5838966.521510001271963 ], [ -8076567.040670495480299, 5838969.748401325196028 ], [ -8076571.634544163011014, 5838974.526933330111206 ], [ -8076576.568181845359504, 5838979.71273897215724 ], [ -8076580.556601800024509, 5838982.295018203556538 ], [ -8076587.307550393976271, 5838984.334532377310097 ], [ -8076599.190778033807874, 5838984.534731431864202 ], [ -8076618.979949170723557, 5838986.212203104048967 ], [ -8076626.264774951152503, 5838986.818021493032575 ], [ -8076635.529705522581935, 5838985.085878401063383 ], [ -8076650.200707957148552, 5838982.612018365412951 ], [ -8076657.09397681709379, 5838982.349102471023798 ], [ -8076665.734820955432951, 5838984.814414449036121 ], [ -8076672.31694027595222, 5838986.563738343305886 ], [ -8076692.445210204459727, 5838988.705927280709147 ], [ -8076707.887478912249207, 5838993.787292430177331 ], [ -8076717.737328440882266, 5838995.978945062495768 ], [ -8076750.661809789016843, 5838998.792783135548234 ], [ -8076766.566303882747889, 5838998.810595408082008 ], [ -8076781.71287605445832, 5838999.798411435447633 ], [ -8076799.678029430098832, 5839000.359136446379125 ], [ -8076822.441010975278914, 5839003.05101852864027 ], [ -8076843.608105879276991, 5839004.744484182447195 ], [ -8076856.637440071441233, 5839005.13076988607645 ], [ -8076865.280373101122677, 5839002.58454199694097 ], [ -8076868.065634577535093, 5839000.140925076790154 ] ] ] } },
{ "type": "Feature", "properties": { "OBJECTID": 1285, "TYPE": "Cyclo pédestre", "NOM": "Route Verte 4 (nord-sud)", "V_VELOBOUC": "Oui", "LONGUEUR": 795.52838072696034 }, "geometry": { "type": "MultiLineString", "coordinates": [ [ [ -8088706.56606899946928, 5843505.503104457631707 ], [ -8088683.628244617022574, 5843451.278902268968523 ], [ -8088675.65367120783776, 5843429.962035235948861 ], [ -8088667.590778249315917, 5843408.692193012684584 ], [ -8088654.32345871347934, 5843370.341997217386961 ], [ -8088634.79047351423651, 5843299.767792287282646 ], [ -8088631.435266722925007, 5843285.67034734133631 ], [ -8088620.942852885462344, 5843223.952574926428497 ], [ -8088619.689966301433742, 5843217.484754065982997 ], [ -8088616.686141960322857, 5843211.096624404191971 ], [ -8088605.426524969749153, 5843197.193324772641063 ], [ -8088597.341210990212858, 5843186.490624886006117 ], [ -8088583.819007996469736, 5843155.992086669430137 ], [ -8088553.014290927909315, 5843077.42236637417227 ], [ -8088545.510744753293693, 5843050.838738088496029 ], [ -8088544.65555958263576, 5843040.687053725123405 ], [ -8088558.285078527405858, 5843025.971807000227273 ], [ -8088595.9812549399212, 5843010.917230847291648 ], [ -8088630.323333634994924, 5842987.331388899125159 ], [ -8088633.774055731482804, 5842983.42912173550576 ], [ -8088635.130551529116929, 5842979.141289659775794 ], [ -8088637.017103862017393, 5842952.91472461540252 ], [ -8088646.940969623625278, 5842837.345907484181225 ], [ -8088649.131747224368155, 5842782.11732271220535 ], [ -8088651.68150935228914, 5842766.322768860496581 ], [ -8088670.79056972451508, 5842722.234407466836274 ], [ -8088679.403518415056169, 5842697.750736532732844 ], [ -8088679.071306492201984, 5842668.37847378756851 ], [ -8088673.36814121901989, 5842647.107654139399529 ], [ -8088665.637691279873252, 5842636.474643982946873 ], [ -8088660.11398933455348, 5842631.559920167550445 ], [ -8088652.816683507524431, 5842629.238753188401461 ], [ -8088635.638486453332007, 5842628.441522336564958 ], [ -8088621.231114545837045, 5842629.271773279644549 ], [ -8088598.310703113675117, 5842632.654658108949661 ], [ -8088529.569092663004994, 5842655.403951542451978 ], [ -8088520.041802795603871, 5842658.727641449309886 ], [ -8088494.439579483121634, 5842677.451622061431408 ], [ -8088484.495922110974789, 5842675.966932720504701 ] ] ] } },
{ "type": "Feature", "properties": { "OBJECTID": 1287, "TYPE": "Piste cyclable", "NOM": null, "V_VELOBOUC": "Non", "LONGUEUR": 106.21858522138922 }, "geometry": { "type": "MultiLineString", "coordinates": [ [ [ -8083008.507112319581211, 5837569.67951774597168 ], [ -8083014.161284001544118, 5837548.858157235197723 ], [ -8083015.551061439327896, 5837543.588415378704667 ], [ -8083019.119933335110545, 5837536.01180015783757 ], [ -8083024.043828998692334, 5837528.35003381408751 ], [ -8083030.972629434429109, 5837522.014713493175805 ], [ -8083046.67594697047025, 5837509.421160891652107 ], [ -8083051.322965963743627, 5837506.269065817818046 ], [ -8083061.326753850094974, 5837500.873445970006287 ], [ -8083080.989859185181558, 5837490.989333630539477 ], [ -8083098.391063701361418, 5837482.822118650190532 ], [ -8083106.434382956475019, 5837477.359264124184847 ], [ -8083114.977553797885776, 5837469.067803395912051 ] ] ] } },
{ "type": "Feature", "properties": { "OBJECTID": 1295, "TYPE": "Bande cyclable (marquage)", "NOM": "Route Verte 4 (nord-sud)", "V_VELOBOUC": "Oui", "LONGUEUR": 164.89241503848589 }, "geometry": { "type": "MultiLineString", "coordinates": [ [ [ -8088772.884895195253193, 5843657.043042736127973 ], [ -8088976.253071780316532, 5843579.419022447429597 ], [ -8088995.941379499621689, 5843571.866465242579579 ] ] ] } },
{ "type": "Feature", "properties": { "OBJECTID": 1296, "TYPE": "Bande cyclable (marquage)", "NOM": null, "V_VELOBOUC": "Non", "LONGUEUR": 224.6708382434297 }, "geometry": { "type": "MultiLineString", "coordinates": [ [ [ -8083386.738193084485829, 5840718.811420192942023 ], [ -8083514.363272909075022, 5840842.513686113990843 ], [ -8083549.391758845187724, 5840872.163842309266329 ], [ -8083614.104395817033947, 5840915.433948723599315 ], [ -8083634.867221402004361, 5840927.563802546821535 ] ] ] } },
{ "type": "Feature", "properties": { "OBJECTID": 1297, "TYPE": "Chaussée désignée", "NOM": null, "V_VELOBOUC": "Non", "LONGUEUR": 166.83125248967067 }, "geometry": { "type": "MultiLineString", "coordinates": [ [ [ -8088547.922923661768436, 5843745.063683553598821 ], [ -8088574.921239813789725, 5843733.776627227663994 ], [ -8088649.225023929961026, 5843704.444067207165062 ], [ -8088772.884895195253193, 5843657.043042736127973 ] ] ] } },
{ "type": "Feature", "properties": { "OBJECTID": 1300, "TYPE": "Chaussée désignée", "NOM": null, "V_VELOBOUC": "Non", "LONGUEUR": 212.01039040499879 }, "geometry": { "type": "MultiLineString", "coordinates": [ [ [ -8086613.508135029114783, 5829569.936997820623219 ], [ -8086826.93039080593735, 5829790.468047949485481 ] ] ] } },
{ "type": "Feature", "properties": { "OBJECTID": 1301, "TYPE": "Bande cyclable (marquage)", "NOM": null, "V_VELOBOUC": "Non", "LONGUEUR": 163.07385586532922 }, "geometry": { "type": "MultiLineString", "coordinates": [ [ [ -8086942.081203383393586, 5829793.059523981995881 ], [ -8086966.191818474791944, 5829799.528666603378952 ], [ -8086985.103560932911932, 5829813.893121629022062 ], [ -8087116.750453900545835, 5829947.115922226570547 ] ] ] } },
{ "type": "Feature", "properties": { "OBJECTID": 1302, "TYPE": "Chaussée désignée", "NOM": null, "V_VELOBOUC": "Non", "LONGUEUR": 197.98710333863448 }, "geometry": { "type": "MultiLineString", "coordinates": [ [ [ -8082047.067127047106624, 5835143.226638936437666 ], [ -8081760.775677149184048, 5835144.537602756172419 ] ] ] } },
{ "type": "Feature", "properties": { "OBJECTID": 1303, "TYPE": "Chaussée désignée", "NOM": null, "V_VELOBOUC": "Non", "LONGUEUR": 112.51993252413627 }, "geometry": { "type": "MultiLineString", "coordinates": [ [ [ -8081161.625798106193542, 5834853.274741651490331 ], [ -8081138.496937056072056, 5834854.010015470907092 ], [ -8081125.367611268535256, 5834855.266094831749797 ], [ -8081109.027823906391859, 5834858.769165932200849 ], [ -8081093.57901384215802, 5834863.382081832736731 ], [ -8081079.552935037761927, 5834869.393119812011719 ], [ -8081066.556435496546328, 5834876.367926049977541 ], [ -8081053.857849270105362, 5834884.656867287121713 ], [ -8081041.500212574377656, 5834894.074460128322244 ], [ -8081028.726056824438274, 5834905.014148466289043 ], [ -8081016.944835504516959, 5834916.00644104462117 ] ] ] } },
{ "type": "Feature", "properties": { "OBJECTID": 1304, "TYPE": "Bande cyclable (marquage)", "NOM": null, "V_VELOBOUC": "Non", "LONGUEUR": 126.31997529485638 }, "geometry": { "type": "MultiLineString", "coordinates": [ [ [ -8080912.685174291022122, 5834129.123040627688169 ], [ -8081044.901038736104965, 5834255.532198975794017 ] ] ] } },
{ "type": "Feature", "properties": { "OBJECTID": 1305, "TYPE": "Bande cyclable (marquage)", "NOM": null, "V_VELOBOUC": "Non", "LONGUEUR": 150.27780207379783 }, "geometry": { "type": "MultiLineString", "coordinates": [ [ [ -8082524.875396694988012, 5834815.915063949301839 ], [ -8082624.199854923412204, 5834732.71307010948658 ], [ -8082666.350727322511375, 5834697.894207498058677 ], [ -8082683.565916111692786, 5834669.300814639776945 ] ] ] } },
{ "type": "Feature", "properties": { "OBJECTID": 1306, "TYPE": "Bande cyclable (marquage)", "NOM": null, "V_VELOBOUC": "Non", "LONGUEUR": 257.33290052287384 }, "geometry": { "type": "MultiLineString", "coordinates": [ [ [ -8083370.95459190197289, 5835900.600638259202242 ], [ -8083372.135617009364069, 5835538.641335635446012 ], [ -8083371.994505553506315, 5835527.273682428523898 ] ] ] } },
{ "type": "Feature", "properties": { "OBJECTID": 1307, "TYPE": "Bande cyclable (marquage)", "NOM": null, "V_VELOBOUC": "Non", "LONGUEUR": 272.46301712898219 }, "geometry": { "type": "MultiLineString", "coordinates": [ [ [ -8082948.320999797433615, 5836720.866126630455256 ], [ -8083211.568697979673743, 5836458.786738590337336 ], [ -8083227.702898040413857, 5836442.088272565044463 ] ] ] } },
{ "type": "Feature", "properties": { "OBJECTID": 1308, "TYPE": "Bande cyclable (marquage)", "NOM": null, "V_VELOBOUC": "Non", "LONGUEUR": 68.960092646852644 }, "geometry": { "type": "MultiLineString", "coordinates": [ [ [ -8083926.344015375711024, 5839521.375592585653067 ], [ -8083959.10326821077615, 5839426.837770864367485 ] ] ] } },
{ "type": "Feature", "properties": { "OBJECTID": 1309, "TYPE": "Bande cyclable (marquage)", "NOM": null, "V_VELOBOUC": "Non", "LONGUEUR": 203.83307850117475 }, "geometry": { "type": "MultiLineString", "coordinates": [ [ [ -8083424.188096552155912, 5840111.454708130098879 ], [ -8083352.590185274370015, 5840184.352381093427539 ], [ -8083339.677382163703442, 5840198.561958312056959 ], [ -8083322.61190945096314, 5840218.594979735091329 ], [ -8083305.278230818919837, 5840240.430348218418658 ], [ -8083292.494470578618348, 5840257.984569951891899 ], [ -8083279.728284209035337, 5840276.811188201420009 ], [ -8083255.823494265787303, 5840313.746965298429132 ], [ -8083238.967940266244113, 5840340.303514595143497 ] ] ] } },
{ "type": "Feature", "properties": { "OBJECTID": 1312, "TYPE": "Bande cyclable (marquage)", "NOM": null, "V_VELOBOUC": "Non", "LONGUEUR": 160.67984775361489 }, "geometry": { "type": "MultiLineString", "coordinates": [ [ [ -8078207.072166088968515, 5838880.114205558784306 ], [ -8078237.629471526481211, 5838893.819546648301184 ], [ -8078265.643009309656918, 5838909.565303005278111 ], [ -8078303.327038931660354, 5838933.591639427468181 ], [ -8078390.418769774958491, 5838987.318044081330299 ], [ -8078405.491262566298246, 5839000.463982296176255 ] ] ] } },
{ "type": "Feature", "properties": { "OBJECTID": 1313, "TYPE": "Bande cyclable (marquage)", "NOM": null, "V_VELOBOUC": "Non", "LONGUEUR": 336.6504685291722 }, "geometry": { "type": "MultiLineString", "coordinates": [ [ [ -8077991.576127572916448, 5835639.192537649534643 ], [ -8077689.018689693883061, 5835602.953170672990382 ], [ -8077508.100846738554537, 5835581.975815368816257 ] ] ] } },
{ "type": "Feature", "properties": { "OBJECTID": 1314, "TYPE": "Piste cyclable", "NOM": null, "V_VELOBOUC": "Non", "LONGUEUR": 101.88791472966199 }, "geometry": { "type": "MultiLineString", "coordinates": [ [ [ -8076029.733534359373152, 5835499.095048352144659 ], [ -8076019.203695160336792, 5835514.706755695864558 ], [ -8076018.578272940590978, 5835521.883703402243555 ], [ -8076022.548114667646587, 5835527.671048267744482 ], [ -8076031.204456117004156, 5835531.817437372170389 ], [ -8076055.870818695053458, 5835541.212979225441813 ], [ -8076065.748326101340353, 5835547.003344571217895 ], [ -8076083.771233760751784, 5835563.020136317238212 ], [ -8076103.562336052767932, 5835580.654146091081202 ], [ -8076108.443182441405952, 5835587.060368464328349 ], [ -8076109.710536682978272, 5835592.938473868183792 ], [ -8076109.812280000187457, 5835595.311820358037949 ] ] ] } },
{ "type": "Feature", "properties": { "OBJECTID": 1316, "TYPE": "Chaussée désignée", "NOM": "Route Verte 5 (est-ouest)", "V_VELOBOUC": "Oui", "LONGUEUR": 350.89690789203371 }, "geometry": { "type": "MultiLineString", "coordinates": [ [ [ -8077618.67950027436018, 5832206.873180790804327 ], [ -8077502.873968458734453, 5832319.128473532386124 ], [ -8077743.572836928069592, 5832568.779779710806906 ] ] ] } },
{ "type": "Feature", "properties": { "OBJECTID": 1319, "TYPE": "Piste cyclable", "NOM": "Route Verte 5 (est-ouest)", "V_VELOBOUC": "Oui", "LONGUEUR": 66.940288909861323 }, "geometry": { "type": "MultiLineString", "coordinates": [ [ [ -8078500.727482536807656, 5831128.886744624003768 ], [ -8078479.207375979050994, 5831145.8247543387115 ], [ -8078464.498760301619768, 5831157.411840138956904 ], [ -8078431.728429669514298, 5831184.346232616342604 ], [ -8078428.932761357165873, 5831192.223704564385116 ] ] ] } },
{ "type": "Feature", "properties": { "OBJECTID": 1321, "TYPE": "Bande cyclable (marquage)", "NOM": null, "V_VELOBOUC": "Non", "LONGUEUR": 284.12961221919699 }, "geometry": { "type": "MultiLineString", "coordinates": [ [ [ -8077129.777452412992716, 5833974.527874694205821 ], [ -8077411.495360213331878, 5834274.485336829908192 ] ] ] } },
{ "type": "Feature", "properties": { "OBJECTID": 1333, "TYPE": "Chaussée désignée", "NOM": null, "V_VELOBOUC": "Non", "LONGUEUR": 332.08193886779378 }, "geometry": { "type": "MultiLineString", "coordinates": [ [ [ -8078383.000795771367848, 5845754.656849258579314 ], [ -8078720.869314440526068, 5846097.801677617244422 ] ] ] } },
{ "type": "Feature", "properties": { "OBJECTID": 1334, "TYPE": "Piste cyclable", "NOM": "Route Verte 4 (nord-sud)", "V_VELOBOUC": "Oui", "LONGUEUR": 1390.8582934210324 }, "geometry": { "type": "MultiLineString", "coordinates": [ [ [ -8075986.852048669941723, 5835440.178386128507555 ], [ -8075988.954307958483696, 5835465.941934078931808 ], [ -8075990.037711299955845, 5835471.329122275114059 ], [ -8075997.977626509033144, 5835479.294137085787952 ], [ -8076006.134011450223625, 5835485.150383293628693 ], [ -8076020.948880162090063, 5835494.157878469675779 ], [ -8076029.733534359373152, 5835499.095048352144659 ], [ -8076050.315998812206089, 5835518.119635090231895 ], [ -8076070.975866064429283, 5835534.299201486632228 ], [ -8076103.101914332248271, 5835551.576502199284732 ], [ -8076163.364571663551033, 5835583.779458744451404 ], [ -8076203.532057313248515, 5835600.577634977176785 ], [ -8076259.132538886740804, 5835622.743485008366406 ], [ -8076307.915410394780338, 5835639.06892965734005 ], [ -8076340.723830322735012, 5835647.332835254259408 ], [ -8076564.936383885331452, 5835722.462277557700872 ], [ -8076780.659801046364009, 5835794.222272053360939 ], [ -8076789.758927047252655, 5835769.14877329301089 ], [ -8076794.189940170384943, 5835763.367016700096428 ], [ -8076802.352827423252165, 5835759.088489535264671 ], [ -8076809.168454921804368, 5835758.709424109198153 ], [ -8077030.450658936984837, 5835794.36867917329073 ], [ -8077443.078470058739185, 5835860.785110565833747 ], [ -8077452.777338720858097, 5835862.512719601392746 ], [ -8077461.395915322937071, 5835864.995274363085628 ], [ -8077469.99816444888711, 5835868.859738020226359 ], [ -8077604.441690806299448, 5835938.718411515466869 ], [ -8077618.679115996696055, 5835947.495402485132217 ], [ -8077630.299792027100921, 5835955.003976529464126 ], [ -8077647.041268011555076, 5835964.385377526283264 ], [ -8077823.898667491972446, 5836055.852416543290019 ] ] ] } },
{ "type": "Feature", "properties": { "OBJECTID": 1339, "TYPE": "Chaussée désignée", "NOM": "Route Verte 5 (est-ouest)", "V_VELOBOUC": "Oui", "LONGUEUR": 92.439521618190994 }, "geometry": { "type": "MultiLineString", "coordinates": [ [ [ -8076214.849213880486786, 5834836.452512681484222 ], [ -8076168.111597723327577, 5834962.082599627785385 ] ] ] } },
{ "type": "Feature", "properties": { "OBJECTID": 1340, "TYPE": "Bande cyclable (marquage)", "NOM": "Route Verte 5 (est-ouest)", "V_VELOBOUC": "Oui", "LONGUEUR": 93.926075249641158 }, "geometry": { "type": "MultiLineString", "coordinates": [ [ [ -8076117.290199404582381, 5835080.764496746473014 ], [ -8076070.096255207434297, 5835208.529044411145151 ] ] ] } },
{ "type": "Feature", "properties": { "OBJECTID": 1341, "TYPE": "Chaussée désignée", "NOM": "Route Verte 5 (est-ouest)", "V_VELOBOUC": "Oui", "LONGUEUR": 93.655021647577044 }, "geometry": { "type": "MultiLineString", "coordinates": [ [ [ -8076077.887302885763347, 5835212.113913563080132 ], [ -8076126.802932464517653, 5835085.424277178011835 ] ] ] } },
{ "type": "Feature", "properties": { "OBJECTID": 1355, "TYPE": "Bande cyclable (marquage)", "NOM": null, "V_VELOBOUC": "Non", "LONGUEUR": 95.808053364474532 }, "geometry": { "type": "MultiLineString", "coordinates": [ [ [ -8077034.196393584832549, 5833873.944443562999368 ], [ -8077129.777452412992716, 5833974.527874694205821 ] ] ] } },
{ "type": "Feature", "properties": { "OBJECTID": 1356, "TYPE": "Bande cyclable (marquage)", "NOM": null, "V_VELOBOUC": "Oui", "LONGUEUR": 163.37813276693569 }, "geometry": { "type": "MultiLineString", "coordinates": [ [ [ -8078258.068450924009085, 5840981.006248274818063 ], [ -8078245.893508788198233, 5841003.665235321968794 ], [ -8078228.965371825732291, 5841030.198869272135198 ], [ -8078204.998404050245881, 5841062.718037546612322 ], [ -8078129.485706092789769, 5841159.000474533997476 ], [ -8078118.697820113040507, 5841172.06694564037025 ] ] ] } },
{ "type": "Feature", "properties": { "OBJECTID": 1358, "TYPE": "Chaussée désignée", "NOM": "Route Verte 5 (est-ouest)", "V_VELOBOUC": "Oui", "LONGUEUR": 114.40222090540901 }, "geometry": { "type": "MultiLineString", "coordinates": [ [ [ -8075279.935796768404543, 5834869.682533020153642 ], [ -8075195.456963834352791, 5835012.36538540199399 ] ] ] } },
{ "type": "Feature", "properties": { "OBJECTID": 1360, "TYPE": "Bande cyclable (marquage)", "NOM": null, "V_VELOBOUC": "Non", "LONGUEUR": 283.08896137819448 }, "geometry": { "type": "MultiLineString", "coordinates": [ [ [ -8078568.959430616348982, 5832591.45478571485728 ], [ -8078720.074227680452168, 5832742.97802456934005 ], [ -8078742.373557946644723, 5832764.729752914980054 ], [ -8078763.122321194037795, 5832783.209050848148763 ], [ -8078781.774846028536558, 5832797.550005505792797 ], [ -8078801.587503404356539, 5832811.233035063371062 ], [ -8078827.583379860967398, 5832827.319818884134293 ], [ -8078848.371328907087445, 5832838.671566910110414 ], [ -8078875.28987071942538, 5832851.312803831882775 ], [ -8078880.201759243384004, 5832853.175834638997912 ] ] ] } },
{ "type": "Feature", "properties": { "OBJECTID": 1361, "TYPE": "Bande cyclable (marquage)", "NOM": null, "V_VELOBOUC": "Non", "LONGUEUR": 108.45985334058231 }, "geometry": { "type": "MultiLineString", "coordinates": [ [ [ -8081429.831859472207725, 5833189.178552456200123 ], [ -8081342.11523802857846, 5833319.568143931217492 ] ] ] } },
{ "type": "Feature", "properties": { "OBJECTID": 1363, "TYPE": "Chaussée désignée", "NOM": null, "V_VELOBOUC": "Non", "LONGUEUR": 72.123733218216714 }, "geometry": { "type": "MultiLineString", "coordinates": [ [ [ -8081280.01086472440511, 5834733.178152651526034 ], [ -8081277.970222213305533, 5834628.575937230139971 ] ] ] } },
{ "type": "Feature", "properties": { "OBJECTID": 1364, "TYPE": "Chaussée désignée", "NOM": null, "V_VELOBOUC": "Non", "LONGUEUR": 92.771295457745936 }, "geometry": { "type": "MultiLineString", "coordinates": [ [ [ -8082200.717940773814917, 5837159.953129025176167 ], [ -8082239.304673704318702, 5837154.083294407464564 ], [ -8082333.144393731839955, 5837138.282341212965548 ] ] ] } },
{ "type": "Feature", "properties": { "OBJECTID": 1365, "TYPE": "Bande cyclable (marquage)", "NOM": "Route Verte 5 (est-ouest)", "V_VELOBOUC": "Oui", "LONGUEUR": 210.63828314243403 }, "geometry": { "type": "MultiLineString", "coordinates": [ [ [ -8077665.078533524647355, 5831818.057363136671484 ], [ -8077656.898883408866823, 5831826.359690167941153 ], [ -8077579.675408360548317, 5831904.769261951558292 ], [ -8077548.142443956807256, 5831933.131888374686241 ], [ -8077501.825351579114795, 5831972.455511989071965 ], [ -8077446.497804081998765, 5832030.338153347373009 ] ] ] } },
{ "type": "Feature", "properties": { "OBJECTID": 1366, "TYPE": "Chaussée désignée", "NOM": "Route Verte 5 (est-ouest)", "V_VELOBOUC": "Oui", "LONGUEUR": 144.02303794740857 }, "geometry": { "type": "MultiLineString", "coordinates": [ [ [ -8076428.379330388270319, 5834270.509681110270321 ], [ -8076401.622419285587966, 5834344.520415699109435 ], [ -8076354.276473285630345, 5834465.728223682381213 ] ] ] } },
{ "type": "Feature", "properties": { "OBJECTID": 1367, "TYPE": "Bande cyclable (marquage)", "NOM": null, "V_VELOBOUC": "Non", "LONGUEUR": 52.505578766361822 }, "geometry": { "type": "MultiLineString", "coordinates": [ [ [ -8077532.690572324208915, 5835517.510718638077378 ], [ -8077559.826177053153515, 5835446.370647692121565 ] ] ] } },
{ "type": "Feature", "properties": { "OBJECTID": 1368, "TYPE": "Bande cyclable (marquage)", "NOM": null, "V_VELOBOUC": "Non", "LONGUEUR": 289.31689403367204 }, "geometry": { "type": "MultiLineString", "coordinates": [ [ [ -8082383.1540263639763, 5838217.743256746791303 ], [ -8082464.345933460630476, 5838141.973373773507774 ], [ -8082623.825249638408422, 5837986.423319856636226 ], [ -8082684.430460545234382, 5837926.376884807832539 ] ] ] } },
{ "type": "Feature", "properties": { "OBJECTID": 1370, "TYPE": "Bande cyclable (marquage)", "NOM": null, "V_VELOBOUC": "Non", "LONGUEUR": 81.367633889714554 }, "geometry": { "type": "MultiLineString", "coordinates": [ [ [ -8083061.733696857467294, 5840398.692789987660944 ], [ -8083145.015844510868192, 5840482.173470453359187 ] ] ] } },
{ "type": "Feature", "properties": { "OBJECTID": 1371, "TYPE": "Piste cyclable", "NOM": null, "V_VELOBOUC": "Oui", "LONGUEUR": 1994.0340360609914 }, "geometry": { "type": "MultiLineString", "coordinates": [ [ [ -8086030.98251994419843, 5851242.883210399188101 ], [ -8086025.765922038815916, 5851241.276110277511179 ], [ -8086019.442273596301675, 5851242.233616160228848 ], [ -8085956.077591573819518, 5851304.828729530796409 ], [ -8085950.178293611854315, 5851309.763277874328196 ], [ -8085945.361218955367804, 5851312.113893341273069 ], [ -8085940.186984253115952, 5851312.057248297147453 ], [ -8085934.852615715935826, 5851309.114858885295689 ], [ -8085926.117872233502567, 5851301.962663356214762 ], [ -8085777.74271191097796, 5851146.442655517719686 ], [ -8085665.254219165071845, 5851032.73112865909934 ], [ -8085287.467598650604486, 5850640.549627956002951 ], [ -8085216.613979058340192, 5850565.556735324673355 ], [ -8085107.424786221235991, 5850454.031820261850953 ], [ -8085001.908732986077666, 5850342.911874169483781 ], [ -8084989.605227051302791, 5850332.471201786771417 ], [ -8084981.865352119319141, 5850325.387397103011608 ], [ -8084973.992983860895038, 5850317.126308946870267 ], [ -8084933.779993436299264, 5850275.05912303738296 ], [ -8084923.324345326051116, 5850263.023899918422103 ], [ -8084913.577610949985683, 5850252.219271729700267 ], [ -8084835.500304433517158, 5850172.575552883557975 ], [ -8084833.910380069166422, 5850170.781535685993731 ], [ -8084832.376015526242554, 5850168.111408147029579 ], [ -8084832.175194560550153, 5850165.456192687153816 ], [ -8084832.722785879857838, 5850163.755163208581507 ], [ -8084833.930330068804324, 5850162.279714453034103 ], [ -8084923.096874549053609, 5850067.300642014481127 ], [ -8084924.069279276765883, 5850065.312086602672935 ], [ -8084924.306097149848938, 5850063.284586506895721 ], [ -8084923.638679757714272, 5850061.287337604910135 ], [ -8084868.51159907784313, 5850003.916722706519067 ], [ -8084844.704672629013658, 5849977.683268047869205 ], [ -8084842.216447848826647, 5849975.317980953492224 ], [ -8084839.179164025001228, 5849973.39274241309613 ], [ -8084835.664934546686709, 5849972.331081413663924 ], [ -8084832.600142675451934, 5849972.248029175214469 ], [ -8084829.213921189308167, 5849972.743998393416405 ], [ -8084825.743192547000945, 5849973.758544109761715 ], [ -8084819.060445973649621, 5849977.288149493746459 ], [ -8084809.722016040235758, 5849982.296891864389181 ], [ -8084805.081365992315114, 5849983.975658190436661 ], [ -8084800.18307731859386, 5849983.99057640042156 ], [ -8084795.985817439854145, 5849982.998351647518575 ], [ -8084791.706344773061574, 5849981.105401485227048 ], [ -8084787.644909856840968, 5849978.222775172442198 ], [ -8084782.481018461287022, 5849973.113426198251545 ], [ -8084771.735761574469507, 5849961.15979765728116 ], [ -8084765.916154464706779, 5849957.127402796410024 ], [ -8084760.608130825683475, 5849954.849142723716795 ], [ -8084739.991554296575487, 5849949.550231027416885 ], [ -8084732.139606325887144, 5849947.180256729014218 ], [ -8084686.530138405039907, 5849930.660278728231788 ], [ -8084680.823711656033993, 5849928.889804208651185 ], [ -8084675.524874315597117, 5849927.70061272662133 ], [ -8084668.715345101431012, 5849927.498227102681994 ], [ -8084662.776387915946543, 5849928.505090409889817 ], [ -8084658.36167149618268, 5849930.55538213159889 ], [ -8084654.511584358289838, 5849933.145397159270942 ], [ -8084643.524104222655296, 5849939.387849416583776 ], [ -8084606.833391850814223, 5849957.568792543374002 ], [ -8084569.841459796763957, 5849979.668132277205586 ], [ -8084551.670666162855923, 5849991.541045772843063 ], [ -8084483.791320473887026, 5850029.531836987473071 ], [ -8084441.530498475767672, 5850054.766247100196779 ], [ -8084423.916779060848057, 5850064.043671405874193 ], [ -8084393.365447985939682, 5850083.637616251595318 ], [ -8084380.389058175496757, 5850094.52744915150106 ], [ -8084371.96908462792635, 5850111.644098048098385 ], [ -8084366.18828981090337, 5850131.651506971567869 ], [ -8084359.462172660976648, 5850143.216895403340459 ], [ -8084351.873066309839487, 5850155.664964548312128 ], [ -8084343.510556212626398, 5850162.727537709288299 ], [ -8084321.583547533489764, 5850174.687027632258832 ], [ -8084309.615557025186718, 5850181.82076664082706 ], [ -8084301.29053204972297, 5850188.095365849323571 ], [ -8084292.619938713498414, 5850198.382817598059773 ], [ -8084275.952992723323405, 5850225.452438519336283 ], [ -8084265.632066656835377, 5850240.284955033101141 ], [ -8084245.771584449335933, 5850264.287198407575488 ], [ -8084232.78496846742928, 5850277.552087201736867 ], [ -8084220.719708453863859, 5850286.687844415195286 ], [ -8084198.948599517345428, 5850304.618981492705643 ], [ -8084181.653885280713439, 5850326.198664925992489 ], [ -8084162.290018962696195, 5850354.618835743516684 ], [ -8084151.485384045168757, 5850375.031026250682771 ], [ -8084138.387694442644715, 5850394.840881666168571 ] ] ] } },
{ "type": "Feature", "properties": { "OBJECTID": 1372, "TYPE": "Piste cyclable", "NOM": null, "V_VELOBOUC": "Oui", "LONGUEUR": 3219.6067981207871 }, "geometry": { "type": "MultiLineString", "coordinates": [ [ [ -8082244.798269318416715, 5848450.312733353115618 ], [ -8082290.136351329274476, 5848495.617987886071205 ], [ -8082331.727645299397409, 5848532.68576084729284 ], [ -8082344.720639918930829, 5848549.48557060956955 ], [ -8082355.029580160044134, 5848572.647779515013099 ], [ -8082361.899269686080515, 5848600.596855102106929 ], [ -8082363.086798538453877, 5848622.71512683853507 ], [ -8082363.709676092490554, 5848633.568873792886734 ], [ -8082366.596233704127371, 5848649.846544986590743 ] ], [ [ -8082366.596233704127371, 5848649.846544986590743 ], [ -8082414.762152740731835, 5848662.595385267399251 ], [ -8082424.474161081947386, 5848667.895446905866265 ], [ -8082430.629710526205599, 5848679.344528651796281 ], [ -8082441.696180567145348, 5848707.264625558629632 ], [ -8082445.165931415744126, 5848715.607758364640176 ], [ -8082454.270573466084898, 5848727.20570354629308 ], [ -8082471.176138493232429, 5848740.16915000602603 ], [ -8082487.345298463478684, 5848754.068383144214749 ], [ -8082504.584583268500865, 5848774.946529504843056 ], [ -8082514.614124055020511, 5848792.898154558613896 ], [ -8082521.285805407911539, 5848799.355467439629138 ], [ -8082529.13663643412292, 5848803.211917450651526 ], [ -8082538.34305352345109, 5848805.776611056178808 ], [ -8082548.450885717757046, 5848806.58321597520262 ], [ -8082559.233332168310881, 5848805.321414728648961 ], [ -8082568.391278594732285, 5848805.38666854146868 ], [ -8082577.337440406903625, 5848807.256457339040935 ], [ -8082585.270390269346535, 5848810.614105795510113 ], [ -8082589.529891163110733, 5848813.507173230871558 ], [ -8082592.673306888900697, 5848816.81056531239301 ], [ -8082610.781998482532799, 5848839.630696222186089 ], [ -8082614.390963769517839, 5848845.699046173132956 ], [ -8082617.557852368801832, 5848859.842103087343276 ], [ -8082622.698407067917287, 5848872.97124647628516 ], [ -8082630.100872504524887, 5848885.124022959731519 ], [ -8082634.142508504912257, 5848891.474673936143517 ], [ -8082641.066521839238703, 5848895.974133604206145 ], [ -8082651.158839826472104, 5848904.969034281559289 ], [ -8082658.67792013566941, 5848914.473001524806023 ], [ -8082670.550244797952473, 5848938.750512752681971 ], [ -8082672.593392879702151, 5848944.501863065175712 ], [ -8082673.751906462945044, 5848953.933870809152722 ], [ -8082677.997198846191168, 5848964.900048196315765 ], [ -8082682.078710309229791, 5848973.404127122834325 ], [ -8082689.110848655924201, 5848985.324675451032817 ], [ -8082702.051567172631621, 5849012.575842941179872 ], [ -8082707.101447194814682, 5849016.937573997303843 ], [ -8082712.268905988894403, 5849019.859374708496034 ], [ -8082790.402344034053385, 5849055.478714838624001 ], [ -8082803.207754658535123, 5849059.387695146724582 ], [ -8082809.576360384002328, 5849061.154642502777278 ], [ -8082817.351659157313406, 5849064.933228536508977 ], [ -8082837.622226606123149, 5849075.350114293396473 ], [ -8082859.823449139483273, 5849083.996305229142308 ], [ -8082870.700651868246496, 5849088.449231303296983 ], [ -8082878.959091009572148, 5849093.578747497871518 ], [ -8082897.295676247216761, 5849109.01007909886539 ], [ -8082901.767852427437901, 5849116.865025227889419 ], [ -8082902.786068425513804, 5849121.759045722894371 ], [ -8082901.456784141249955, 5849127.510885966010392 ], [ -8082898.089581427164376, 5849132.101254743523896 ], [ -8082890.952805512584746, 5849138.080017859116197 ], [ -8082875.236362114548683, 5849145.284008028917015 ], [ -8082857.676515784114599, 5849148.679775438271463 ], [ -8082854.098599380813539, 5849150.658224070444703 ], [ -8082837.640314475633204, 5849169.310515375807881 ], [ -8082826.014188818633556, 5849180.828136223368347 ], [ -8082823.681018174625933, 5849183.83894722815603 ], [ -8082815.130942444317043, 5849197.851941962726414 ], [ -8082812.523074317723513, 5849201.436370273120701 ], [ -8082800.190240503288805, 5849214.445279581472278 ], [ -8082788.402279783971608, 5849236.956558718346059 ], [ -8082785.61772196367383, 5849240.124728498980403 ], [ -8082737.544665356166661, 5849277.490514396689832 ], [ -8082721.42938422691077, 5849292.01375556923449 ], [ -8082692.220006008632481, 5849356.469963732175529 ] ], [ [ -8082692.220006008632481, 5849356.469963732175529 ], [ -8082689.540830579586327, 5849352.565288570709527 ], [ -8082682.809910589829087, 5849342.800688440911472 ], [ -8082680.10241243056953, 5849333.081628673709929 ], [ -8082673.630451160483062, 5849296.466827228665352 ], [ -8082668.031679000705481, 5849276.167967990972102 ], [ -8082664.977199462242424, 5849272.190487759187818 ], [ -8082655.094350515864789, 5849266.245270306244493 ], [ -8082638.724619871005416, 5849255.776583516970277 ], [ -8082624.356502536684275, 5849245.579018187709153 ], [ -8082566.194813840091228, 5849174.717371040955186 ], [ -8082526.230593217536807, 5849131.306777677498758 ], [ -8082415.731866291724145, 5849015.263060626573861 ], [ -8082386.627736863680184, 5848984.840600850060582 ], [ -8082337.886458486318588, 5848937.286705766804516 ], [ -8082325.40466938726604, 5848922.728291790001094 ], [ -8082323.361030662432313, 5848917.053733260370791 ], [ -8082322.654513014480472, 5848911.740326322615147 ], [ -8082325.517213153652847, 5848899.16317748837173 ], [ -8082330.238970726728439, 5848888.260099668055773 ], [ -8082339.79634191468358, 5848869.915454236790538 ], [ -8082341.853330071084201, 5848862.275959002785385 ], [ -8082341.621914149262011, 5848847.369451177306473 ], [ -8082341.386842112056911, 5848830.835859144106507 ], [ -8082341.841468219645321, 5848810.92712043877691 ], [ -8082340.769975932314992, 5848803.995067042298615 ], [ -8082338.435602962039411, 5848798.621688497252762 ], [ -8082331.862989291548729, 5848785.026815107092261 ], [ -8082331.428279004991055, 5848781.155761207453907 ], [ -8082332.00075485277921, 5848775.692918316461146 ], [ -8082333.658576088957489, 5848766.268045683391392 ], [ -8082335.193388649262488, 5848734.460740527138114 ], [ -8082340.085434295237064, 5848716.928391464054585 ], [ -8082343.692756522446871, 5848698.487034078687429 ], [ -8082348.140022821724415, 5848682.324650377966464 ], [ -8082362.539639780297875, 5848664.236475561745465 ], [ -8082365.432336067780852, 5848656.422257244586945 ], [ -8082366.596233704127371, 5848649.846544986590743 ] ], [ [ -8084138.387694442644715, 5850394.840881666168571 ], [ -8084118.992220098152757, 5850423.681833242997527 ], [ -8084100.704848955385387, 5850442.091909604147077 ], [ -8084081.806143505498767, 5850456.184782818891108 ], [ -8084071.260816746391356, 5850465.268448825925589 ], [ -8084067.807388127781451, 5850472.535621200688183 ], [ -8084067.041746880859137, 5850479.371382930316031 ], [ -8084067.889036107808352, 5850485.91749385278672 ], [ -8084069.822130099870265, 5850491.3222671514377 ], [ -8084074.014186648651958, 5850498.063102876767516 ], [ -8084103.567963956855237, 5850531.303547372110188 ], [ -8084118.662308715283871, 5850545.775958876125515 ], [ -8084174.289355858229101, 5850602.120242136530578 ], [ -8084183.820711547508836, 5850613.646583097986877 ], [ -8084186.245405939407647, 5850616.738745026290417 ], [ -8084187.586654108949006, 5850619.687016973271966 ], [ -8084188.092083017341793, 5850622.499682040885091 ], [ -8084188.593741164542735, 5850629.11891311313957 ], [ -8084187.75789135042578, 5850649.219838866963983 ], [ -8084186.506678286008537, 5850654.896852903068066 ], [ -8084183.994346530176699, 5850660.252149400301278 ], [ -8084179.653803121298552, 5850665.711906378157437 ], [ -8084151.742705889977515, 5850694.047445252537727 ], [ -8084123.184359297156334, 5850720.260913661681116 ], [ -8084097.546409792266786, 5850699.114595158025622 ], [ -8084074.304861586540937, 5850677.898932519368827 ], [ -8084053.169266544282436, 5850656.899037315510213 ], [ -8084009.714549317955971, 5850609.310481657274067 ], [ -8083974.135672965086997, 5850577.516881464980543 ], [ -8083970.996104166842997, 5850574.807912136428058 ], [ -8083966.706700412556529, 5850571.737744786776602 ], [ -8083960.232357175089419, 5850568.689234049990773 ], [ -8083952.052311490289867, 5850567.695784819312394 ], [ -8083941.288292911835015, 5850568.844365733675659 ], [ -8083920.708849838934839, 5850573.747654281556606 ], [ -8083900.594252752140164, 5850578.194676419720054 ], [ -8083880.97540598642081, 5850579.417273727245629 ], [ -8083850.331543833017349, 5850579.343571211211383 ], [ -8083819.009198814630508, 5850578.378137640655041 ], [ -8083801.098570181056857, 5850575.928183010779321 ], [ -8083784.739716685377061, 5850566.368373221717775 ], [ -8083762.202656877227128, 5850544.963891987688839 ], [ -8083719.394301678054035, 5850502.761159798130393 ], [ -8083587.381917764432728, 5850369.506929843686521 ], [ -8083420.966467839665711, 5850197.966485701501369 ], [ -8083314.807180734351277, 5850089.82844116538763 ], [ -8083182.439093712717295, 5849952.423206573352218 ], [ -8083109.638692868873477, 5849876.694986682385206 ], [ -8083001.282638752833009, 5849768.087194550782442 ], [ -8082899.601376884616911, 5849659.151086235418916 ], [ -8082861.331743506714702, 5849616.676587605848908 ], [ -8082841.991878996603191, 5849598.349384973756969 ], [ -8082828.623997217975557, 5849585.741290593519807 ], [ -8082816.306357708759606, 5849571.761112525127828 ], [ -8082807.224940373562276, 5849561.393059364520013 ], [ -8082797.538420010358095, 5849548.59611532650888 ], [ -8082788.66710892226547, 5849534.885522669181228 ], [ -8082785.866962064988911, 5849528.279402662068605 ], [ -8082784.021308306604624, 5849523.7025948446244 ], [ -8082780.806680790148675, 5849513.054910291917622 ], [ -8082777.79656617064029, 5849499.765765164978802 ], [ -8082774.222753661684692, 5849485.06801868416369 ], [ -8082766.786097868345678, 5849466.471826518885791 ], [ -8082748.674661216326058, 5849441.180547459051013 ], [ -8082733.027135452255607, 5849421.741756822913885 ], [ -8082716.982771820388734, 5849391.572065363638103 ], [ -8082692.220006008632481, 5849356.469963732175529 ] ] ] } },
{ "type": "Feature", "properties": { "OBJECTID": 1373, "TYPE": "Accotement asphalté", "NOM": null, "V_VELOBOUC": "Non", "LONGUEUR": 272.75383881787729 }, "geometry": { "type": "MultiLineString", "coordinates": [ [ [ -8079461.716991680674255, 5843777.320215037092566 ], [ -8079468.764035128988326, 5843738.884713731706142 ], [ -8079483.930654839612544, 5843661.991862706840038 ], [ -8079492.363116763532162, 5843621.786002402193844 ], [ -8079505.750564415939152, 5843563.40973517857492 ], [ -8079516.746266248635948, 5843520.127090197987854 ], [ -8079528.411257341504097, 5843475.26455513201654 ], [ -8079544.048263167962432, 5843421.427452866919339 ], [ -8079550.904469955712557, 5843400.20436495449394 ], [ -8079553.628460701555014, 5843392.491057812236249 ] ] ] } },
{ "type": "Feature", "properties": { "OBJECTID": 1374, "TYPE": "Bande cyclable (marquage)", "NOM": null, "V_VELOBOUC": "Non", "LONGUEUR": 290.47535219542164 }, "geometry": { "type": "MultiLineString", "coordinates": [ [ [ -8072959.876775275915861, 5841376.329122007824481 ], [ -8072909.055268419906497, 5841454.865064292214811 ], [ -8072812.15274206828326, 5841599.911558607593179 ], [ -8072778.517229711636901, 5841649.657724513672292 ], [ -8072750.299522696994245, 5841692.726939462125301 ], [ -8072744.515220020897686, 5841702.212121239863336 ], [ -8072739.285384066402912, 5841711.458411292172968 ], [ -8072729.747658531181514, 5841729.063792748376727 ] ] ] } },
{ "type": "Feature", "properties": { "OBJECTID": 1389, "TYPE": "Bande cyclable (marquage)", "NOM": null, "V_VELOBOUC": "Non", "LONGUEUR": 289.26527542981125 }, "geometry": { "type": "MultiLineString", "coordinates": [ [ [ -8072651.913351724855602, 5840736.902510311454535 ], [ -8072646.35196257289499, 5840733.232169014401734 ], [ -8072637.586632284335792, 5840726.862390346825123 ], [ -8072628.58520148601383, 5840717.916138242930174 ], [ -8072620.712929390370846, 5840707.447786720469594 ], [ -8072615.056670190766454, 5840697.3525356259197 ], [ -8072605.710016859695315, 5840674.434178763069212 ], [ -8072597.743831052444875, 5840656.09071047976613 ], [ -8072590.689274628646672, 5840644.518728758208454 ], [ -8072576.870655370876193, 5840625.756762026809156 ], [ -8072562.268413900397718, 5840609.681357056833804 ], [ -8072382.377529316581786, 5840420.401254781521857 ] ] ] } },
{ "type": "Feature", "properties": { "OBJECTID": 1390, "TYPE": "Accotement asphalté", "NOM": "Route Verte 5 (est-ouest)", "V_VELOBOUC": "Oui", "LONGUEUR": 317.23381044266296 }, "geometry": { "type": "MultiLineString", "coordinates": [ [ [ -8067856.411276156082749, 5842744.251648887991905 ], [ -8067663.766485458239913, 5842907.404526280239224 ], [ -8067511.838492205366492, 5843048.463887986727059 ] ] ] } },
{ "type": "Feature", "properties": { "OBJECTID": 1391, "TYPE": "Accotement asphalté", "NOM": "Route Verte 5 (est-ouest)", "V_VELOBOUC": "Oui", "LONGUEUR": 199.96547606223962 }, "geometry": { "type": "MultiLineString", "coordinates": [ [ [ -8069026.383216205053031, 5841740.949732126668096 ], [ -8068805.322998955845833, 5841928.275816153734922 ] ] ] } },
{ "type": "Feature", "properties": { "OBJECTID": 1392, "TYPE": "Accotement asphalté", "NOM": "Route Verte 5 (est-ouest)", "V_VELOBOUC": "Oui", "LONGUEUR": 250.33032511135656 }, "geometry": { "type": "MultiLineString", "coordinates": [ [ [ -8065682.29521051608026, 5843916.994272661395371 ], [ -8065528.746330841444433, 5843950.148421553894877 ], [ -8065329.628708719275892, 5844000.198080572299659 ] ] ] } },
{ "type": "Feature", "properties": { "OBJECTID": 1393, "TYPE": "Accotement asphalté", "NOM": "Route Verte 5 (est-ouest)", "V_VELOBOUC": "Oui", "LONGUEUR": 200.33318612617893 }, "geometry": { "type": "MultiLineString", "coordinates": [ [ [ -8062616.574002543464303, 5845901.021220291033387 ], [ -8062523.669033665210009, 5845958.795693939551711 ], [ -8062369.247945312410593, 5846052.9947424326092 ] ] ] } },
{ "type": "Feature", "properties": { "OBJECTID": 1395, "TYPE": "Chaussée désignée", "NOM": "Route Verte 5 (est-ouest)", "V_VELOBOUC": "Oui", "LONGUEUR": 195.82472269032525 }, "geometry": { "type": "MultiLineString", "coordinates": [ [ [ -8091404.711691301316023, 5826525.976720496080816 ], [ -8091340.14643510337919, 5826491.650977211073041 ], [ -8091189.878381051123142, 5826412.134005532599986 ], [ -8091155.042649296112359, 5826392.553631655871868 ] ] ] } },
{ "type": "Feature", "properties": { "OBJECTID": 1399, "TYPE": "Bande cyclable (marquage)", "NOM": null, "V_VELOBOUC": "Non", "LONGUEUR": 57.589166110822312 }, "geometry": { "type": "MultiLineString", "coordinates": [ [ [ -8076296.939045739360154, 5840591.61681229993701 ], [ -8076303.38717385660857, 5840599.084560089744627 ], [ -8076352.336393197998405, 5840654.060111002996564 ] ] ] } },
{ "type": "Feature", "properties": { "OBJECTID": 1401, "TYPE": "Bande cyclable (marquage)", "NOM": null, "V_VELOBOUC": "Non", "LONGUEUR": 391.44245101926862 }, "geometry": { "type": "MultiLineString", "coordinates": [ [ [ -8076457.502954049967229, 5840772.047942330129445 ], [ -8076876.671862884424627, 5840389.926690934225917 ] ] ] } },
{ "type": "Feature", "properties": { "OBJECTID": 1404, "TYPE": "Bande cyclable (marquage)", "NOM": null, "V_VELOBOUC": "Non", "LONGUEUR": 209.87432981615845 }, "geometry": { "type": "MultiLineString", "coordinates": [ [ [ -8080623.502557704225183, 5830515.238847113214433 ], [ -8080648.103606111370027, 5830457.248948485590518 ], [ -8080673.443882802501321, 5830416.849217642098665 ], [ -8080702.805333402939141, 5830379.479924882762134 ], [ -8080739.395150818862021, 5830348.433318354189396 ], [ -8080821.065901429392397, 5830294.883813176304102 ] ] ] } },
{ "type": "Feature", "properties": { "OBJECTID": 1797, "TYPE": "Piste cyclable", "NOM": null, "V_VELOBOUC": "Non", "LONGUEUR": 166.375821212076 }, "geometry": { "type": "MultiLineString", "coordinates": [ [ [ -8081700.23183529637754, 5832799.740192633122206 ], [ -8081809.696481986902654, 5832621.077483144588768 ], [ -8081826.178040783852339, 5832594.176709614694118 ] ] ] } },
{ "type": "Feature", "properties": { "OBJECTID": 1798, "TYPE": "Piste cyclable", "NOM": null, "V_VELOBOUC": "Non", "LONGUEUR": 164.71034401846811 }, "geometry": { "type": "MultiLineString", "coordinates": [ [ [ -8081798.439235385507345, 5832576.057501646690071 ], [ -8081787.306221711449325, 5832599.875870331190526 ], [ -8081678.097261095419526, 5832782.033668070100248 ] ] ] } },
{ "type": "Feature", "properties": { "OBJECTID": 2219, "TYPE": "Piste cyclable", "NOM": null, "V_VELOBOUC": "Non", "LONGUEUR": 11.151745157307172 }, "geometry": { "type": "MultiLineString", "coordinates": [ [ [ -8078564.789494037628174, 5831046.10668658092618 ], [ -8078566.809819402173162, 5831051.70680270716548 ], [ -8078567.610476124100387, 5831056.750382031314075 ], [ -8078566.708446869626641, 5831061.776834025047719 ] ] ] } },
{ "type": "Feature", "properties": { "OBJECTID": 2223, "TYPE": "Chaussée désignée", "NOM": "Route Verte 5 (est-ouest)", "V_VELOBOUC": "Oui", "LONGUEUR": 209.88612990529606 }, "geometry": { "type": "MultiLineString", "coordinates": [ [ [ -8077452.748675312846899, 5832034.591408011503518 ], [ -8077510.486057217232883, 5831976.583760368637741 ], [ -8077546.655105567537248, 5831946.513297482393682 ], [ -8077594.389952161349356, 5831905.134435896761715 ], [ -8077619.852128064259887, 5831879.561401642858982 ], [ -8077653.110230637714267, 5831845.342117642983794 ], [ -8077672.840258843265474, 5831825.48749319370836 ] ] ] } },
{ "type": "Feature", "properties": { "OBJECTID": 2224, "TYPE": "Piste cyclable", "NOM": "Route Verte 5 (est-ouest)", "V_VELOBOUC": "Oui", "LONGUEUR": 487.72939275646291 }, "geometry": { "type": "MultiLineString", "coordinates": [ [ [ -8078584.92396323941648, 5831041.99353117402643 ], [ -8078623.332617808133364, 5831006.445448068901896 ], [ -8078644.364869059063494, 5830988.515883293934166 ], [ -8078667.05768870189786, 5830973.11533685401082 ], [ -8078788.10756704211235, 5830877.10512285027653 ], [ -8078974.737729776650667, 5830732.42818252928555 ], [ -8079120.846161333844066, 5830618.811900702305138 ], [ -8079142.239861563779414, 5830611.386077149771154 ] ] ] } },
{ "type": "Feature", "properties": { "OBJECTID": 2225, "TYPE": "Bande cyclable (marquage)", "NOM": "Route Verte 5 (est-ouest)", "V_VELOBOUC": "Oui", "LONGUEUR": 179.27438473663199 }, "geometry": { "type": "MultiLineString", "coordinates": [ [ [ -8078647.420441932976246, 5831046.807293524034321 ], [ -8078691.467459470033646, 5831008.028642111457884 ], [ -8078761.920144817791879, 5830951.689424383454025 ], [ -8078848.975284775719047, 5830883.556943310424685 ] ] ] } },
{ "type": "Feature", "properties": { "OBJECTID": 2226, "TYPE": "Piste cyclable", "NOM": null, "V_VELOBOUC": "Non", "LONGUEUR": 665.82042095909048 }, "geometry": { "type": "MultiLineString", "coordinates": [ [ [ -8078086.116464569233358, 5832103.916530614718795 ], [ -8078092.058038544841111, 5832091.084157926030457 ], [ -8078288.241064716130495, 5831690.323250860907137 ], [ -8078443.175381504930556, 5831374.171849162317812 ], [ -8078463.059243182651699, 5831334.306927206926048 ], [ -8078489.854247803799808, 5831290.833742460235953 ], [ -8078512.463106923736632, 5831244.544098795391619 ], [ -8078514.074613362550735, 5831239.450892005115747 ] ] ] } },
{ "type": "Feature", "properties": { "OBJECTID": 2227, "TYPE": "Piste cyclable", "NOM": "Route Verte 5 (est-ouest)", "V_VELOBOUC": "Oui", "LONGUEUR": 18.573670995524822 }, "geometry": { "type": "MultiLineString", "coordinates": [ [ [ -8078584.92396323941648, 5831041.99353117402643 ], [ -8078566.708446869626641, 5831061.776834025047719 ] ] ] } },
{ "type": "Feature", "properties": { "OBJECTID": 2228, "TYPE": "Piste cyclable", "NOM": "Route Verte 5 (est-ouest)", "V_VELOBOUC": "Oui", "LONGUEUR": 164.07641964446546 }, "geometry": { "type": "MultiLineString", "coordinates": [ [ [ -8078514.074613362550735, 5831239.450892005115747 ], [ -8078523.162065121345222, 5831210.730071030557156 ], [ -8078544.476702366955578, 5831171.01815852150321 ], [ -8078561.012397606857121, 5831144.516750242561102 ], [ -8078607.422899699769914, 5831088.578093975782394 ], [ -8078630.484055974520743, 5831065.97882429137826 ], [ -8078646.947289027273655, 5831050.274315488524735 ], [ -8078647.420441932976246, 5831046.807293524034321 ] ] ] } },
{ "type": "Feature", "properties": { "OBJECTID": 2229, "TYPE": "Piste cyclable", "NOM": "Route Verte 5 (est-ouest)", "V_VELOBOUC": "Oui", "LONGUEUR": 65.18328895305909 }, "geometry": { "type": "MultiLineString", "coordinates": [ [ [ -8078566.708446869626641, 5831061.776834025047719 ], [ -8078563.879474298097193, 5831066.584566158242524 ], [ -8078536.56146205496043, 5831095.902476828545332 ], [ -8078503.713180411607027, 5831126.536749674007297 ], [ -8078500.727482536807656, 5831128.886744624003768 ] ] ] } },
{ "type": "Feature", "properties": { "OBJECTID": 2230, "TYPE": "Piste cyclable", "NOM": null, "V_VELOBOUC": "Non", "LONGUEUR": 726.11295247263809 }, "geometry": { "type": "MultiLineString", "coordinates": [ [ [ -8078500.727482536807656, 5831128.886744624003768 ], [ -8078510.348983440548182, 5831143.690861659124494 ], [ -8078484.583569292910397, 5831196.291222862899303 ], [ -8078454.097360740415752, 5831259.417101844213903 ], [ -8078362.814096638001502, 5831445.136112802661955 ], [ -8078256.832771171815693, 5831661.614595361053944 ], [ -8078116.206546431407332, 5831949.04589372035116 ], [ -8078055.407893470488489, 5832072.907556410878897 ] ] ] } },
{ "type": "Feature", "properties": { "OBJECTID": 2231, "TYPE": "Piste cyclable", "NOM": null, "V_VELOBOUC": "Non", "LONGUEUR": 211.15254840869719 }, "geometry": { "type": "MultiLineString", "coordinates": [ [ [ -8077941.276003258302808, 5832372.978295532055199 ], [ -8077943.419247371144593, 5832369.618815853260458 ], [ -8077968.176222620531917, 5832332.805578336119652 ], [ -8078010.73110422026366, 5832255.978469490073621 ], [ -8078033.572131874971092, 5832211.071607556194067 ], [ -8078049.865107745863497, 5832182.50307104550302 ], [ -8078086.116464569233358, 5832103.916530614718795 ] ] ] } },
{ "type": "Feature", "properties": { "OBJECTID": 2233, "TYPE": "Piste cyclable", "NOM": null, "V_VELOBOUC": "Non", "LONGUEUR": 406.11039001076284 }, "geometry": { "type": "MultiLineString", "coordinates": [ [ [ -8078055.407893470488489, 5832072.907556410878897 ], [ -8078024.905766014009714, 5832135.046935671009123 ], [ -8077996.360179940238595, 5832193.588176928460598 ], [ -8077960.652265544049442, 5832263.169650592841208 ], [ -8077920.222451504319906, 5832331.745924768038094 ], [ -8077883.581741472706199, 5832388.564235336147249 ], [ -8077846.854801028966904, 5832441.17593877017498 ], [ -8077828.073017841205001, 5832462.796285449527204 ], [ -8077821.989327417686582, 5832474.12051204778254 ], [ -8077782.859704628586769, 5832523.990543910302222 ], [ -8077743.572836928069592, 5832568.779779710806906 ] ] ] } },
{ "type": "Feature", "properties": { "OBJECTID": 2636, "TYPE": "Bande cyclable (marquage)", "NOM": null, "V_VELOBOUC": "Non", "LONGUEUR": 95.52774344894766 }, "geometry": { "type": "MultiLineString", "coordinates": [ [ [ -8078435.510398761369288, 5834985.056901816278696 ], [ -8078420.230558406561613, 5835002.316434288397431 ], [ -8078336.987297659739852, 5835082.094990935176611 ] ] ] } },
{ "type": "Feature", "properties": { "OBJECTID": 2637, "TYPE": "Piste cyclable", "NOM": null, "V_VELOBOUC": "Non", "LONGUEUR": 67.648785824211203 }, "geometry": { "type": "MultiLineString", "coordinates": [ [ [ -8078503.652446445077658, 5834914.651105589233339 ], [ -8078435.510398761369288, 5834985.056901816278696 ] ] ] } },
{ "type": "Feature", "properties": { "OBJECTID": 2638, "TYPE": "Chaussée désignée", "NOM": "Route Verte 5 (est-ouest)", "V_VELOBOUC": "Oui", "LONGUEUR": 59.134838310286369 }, "geometry": { "type": "MultiLineString", "coordinates": [ [ [ -8078514.074613362550735, 5831239.450892005115747 ], [ -8078474.622077321633697, 5831215.606087764725089 ], [ -8078438.227374147623777, 5831200.430666037835181 ] ] ] } },
{ "type": "Feature", "properties": { "OBJECTID": 2639, "TYPE": "Chaussée désignée", "NOM": "Route Verte 5 (est-ouest)", "V_VELOBOUC": "Oui", "LONGUEUR": 165.19776256596214 }, "geometry": { "type": "MultiLineString", "coordinates": [ [ [ -8077452.748675312846899, 5832034.591408011503518 ], [ -8077618.67950027436018, 5832206.873180790804327 ] ] ] } },
{ "type": "Feature", "properties": { "OBJECTID": 3038, "TYPE": "Bande cyclable (marquage)", "NOM": null, "V_VELOBOUC": "Non", "LONGUEUR": 243.95116612988124 }, "geometry": { "type": "MultiLineString", "coordinates": [ [ [ -8081100.026900878176093, 5829155.096136631444097 ], [ -8081161.969308349303901, 5829104.655654415488243 ], [ -8081230.170033249072731, 5829051.189987630583346 ], [ -8081286.726741745136678, 5829011.152587970718741 ], [ -8081357.210526175796986, 5828964.83254461735487 ], [ -8081385.468578970991075, 5828948.319652494974434 ] ] ] } },
{ "type": "Feature", "properties": { "OBJECTID": 3042, "TYPE": "Bande cyclable (marquage)", "NOM": null, "V_VELOBOUC": "Non", "LONGUEUR": 100.36661343705137 }, "geometry": { "type": "MultiLineString", "coordinates": [ [ [ -8078466.652392387390137, 5832488.244590763933957 ], [ -8078568.959430616348982, 5832591.45478571485728 ] ] ] } },
{ "type": "Feature", "properties": { "OBJECTID": 3043, "TYPE": "Chaussée désignée", "NOM": null, "V_VELOBOUC": "Non", "LONGUEUR": 192.78902437029768 }, "geometry": { "type": "MultiLineString", "coordinates": [ [ [ -8080496.199182008393109, 5833743.426882015541196 ], [ -8080700.130192069336772, 5833934.053390404209495 ] ] ] } },
{ "type": "Feature", "properties": { "OBJECTID": 3044, "TYPE": "Bande cyclable (marquage)", "NOM": null, "V_VELOBOUC": "Non", "LONGUEUR": 113.73353275036402 }, "geometry": { "type": "MultiLineString", "coordinates": [ [ [ -8083189.273831201717257, 5834140.125549551099539 ], [ -8083301.051157968118787, 5834019.126993710175157 ] ] ] } },
{ "type": "Feature", "properties": { "OBJECTID": 3045, "TYPE": "Bande cyclable (marquage)", "NOM": "Route Verte 5 (est-ouest)", "V_VELOBOUC": "Oui", "LONGUEUR": 80.145299606402375 }, "geometry": { "type": "MultiLineString", "coordinates": [ [ [ -8076296.658711890690029, 5834619.883017604239285 ], [ -8076255.449217341840267, 5834728.541441122069955 ] ] ] } },
{ "type": "Feature", "properties": { "OBJECTID": 3046, "TYPE": "Chaussée désignée", "NOM": null, "V_VELOBOUC": "Non", "LONGUEUR": 274.06159540213878 }, "geometry": { "type": "MultiLineString", "coordinates": [ [ [ -8073114.103045704774559, 5841153.717022409662604 ], [ -8072840.200045584701002, 5840866.028881072066724 ] ] ] } },
{ "type": "Feature", "properties": { "OBJECTID": 3047, "TYPE": "Bande cyclable (marquage)", "NOM": null, "V_VELOBOUC": "Non", "LONGUEUR": 131.95653838168687 }, "geometry": { "type": "MultiLineString", "coordinates": [ [ [ -8078666.532545766793191, 5837314.596936685033143 ], [ -8078634.292574587278068, 5837337.222118834033608 ], [ -8078522.240746721625328, 5837439.535380404442549 ] ] ] } },
{ "type": "Feature", "properties": { "OBJECTID": 3048, "TYPE": "Chaussée désignée", "NOM": null, "V_VELOBOUC": "Non", "LONGUEUR": 168.42215329132219 }, "geometry": { "type": "MultiLineString", "coordinates": [ [ [ -8078522.240746721625328, 5837439.535380404442549 ], [ -8078341.505121479742229, 5837603.397194149903953 ] ] ] } },
{ "type": "Feature", "properties": { "OBJECTID": 3049, "TYPE": "Bande cyclable (marquage)", "NOM": null, "V_VELOBOUC": "Non", "LONGUEUR": 132.3854898647634 }, "geometry": { "type": "MultiLineString", "coordinates": [ [ [ -8078341.505121479742229, 5837603.397194149903953 ], [ -8078276.534616532735527, 5837667.218075605109334 ], [ -8078227.437512042932212, 5837755.256073707714677 ] ] ] } },
{ "type": "Feature", "properties": { "OBJECTID": 3050, "TYPE": "Bande cyclable (marquage)", "NOM": null, "V_VELOBOUC": "Non", "LONGUEUR": 249.10335400290472 }, "geometry": { "type": "MultiLineString", "coordinates": [ [ [ -8078063.865454578772187, 5838073.479898792691529 ], [ -8078230.758434032090008, 5837767.458600894547999 ], [ -8078227.437512042932212, 5837755.256073707714677 ] ] ] } },
{ "type": "Feature", "properties": { "OBJECTID": 3051, "TYPE": "Chaussée désignée", "NOM": null, "V_VELOBOUC": "Non", "LONGUEUR": 248.50951013570534 }, "geometry": { "type": "MultiLineString", "coordinates": [ [ [ -8078227.437512042932212, 5837755.256073707714677 ], [ -8078216.124669806100428, 5837759.900897653773427 ], [ -8078049.554951898753643, 5838065.557302693836391 ] ] ] } },
{ "type": "Feature", "properties": { "OBJECTID": 3053, "TYPE": "Chaussée désignée", "NOM": null, "V_VELOBOUC": "Non", "LONGUEUR": 266.22442750607621 }, "geometry": { "type": "MultiLineString", "coordinates": [ [ [ -8081616.602345901541412, 5848160.503273456357419 ], [ -8081697.190543559379876, 5848241.690718962810934 ], [ -8081890.059252832084894, 5848050.241906628012657 ] ] ] } },
{ "type": "Feature", "properties": { "OBJECTID": 3440, "TYPE": "Piste cyclable", "NOM": null, "V_VELOBOUC": "Non", "LONGUEUR": 14.216397354111905 }, "geometry": { "type": "MultiLineString", "coordinates": [ [ [ -8078584.92396323941648, 5831041.99353117402643 ], [ -8078564.789494037628174, 5831046.10668658092618 ] ] ] } },
{ "type": "Feature", "properties": { "OBJECTID": 3441, "TYPE": "Chaussée désignée", "NOM": "Route Verte 5 (est-ouest)", "V_VELOBOUC": "Oui", "LONGUEUR": 99.217845094119113 }, "geometry": { "type": "MultiLineString", "coordinates": [ [ [ -8070469.869143296033144, 5840251.786387283354998 ], [ -8070428.009852603077888, 5840210.478162219747901 ], [ -8070365.232018862850964, 5840153.23482770845294 ] ] ] } },
{ "type": "Feature", "properties": { "OBJECTID": 3442, "TYPE": "Bande cyclable (marquage)", "NOM": null, "V_VELOBOUC": "Non", "LONGUEUR": 76.551667673158178 }, "geometry": { "type": "MultiLineString", "coordinates": [ [ [ -8081251.206771453842521, 5833512.779668109491467 ], [ -8081310.226770959794521, 5833436.124835005030036 ], [ -8081317.841893306933343, 5833424.189609519205987 ] ] ] } },
{ "type": "Feature", "properties": { "OBJECTID": 3446, "TYPE": "Bande cyclable (marquage)", "NOM": null, "V_VELOBOUC": "Non", "LONGUEUR": 133.26372213403022 }, "geometry": { "type": "MultiLineString", "coordinates": [ [ [ -8078668.672106526792049, 5834821.67501381598413 ], [ -8078660.858673642389476, 5834822.675316456705332 ], [ -8078644.718867571093142, 5834826.496461387723684 ], [ -8078630.643160311505198, 5834830.788239603862166 ], [ -8078615.492656713351607, 5834835.90209546405822 ], [ -8078601.419937350787222, 5834841.976940480060875 ], [ -8078588.876659341156483, 5834847.83329607360065 ], [ -8078575.238303142599761, 5834855.886919026263058 ], [ -8078565.709349298849702, 5834862.607082056812942 ], [ -8078553.91654775198549, 5834871.503802679479122 ], [ -8078544.81515169609338, 5834879.288448985666037 ], [ -8078520.781514623202384, 5834900.22784928791225 ], [ -8078503.652446445077658, 5834914.651105589233339 ] ] ] } },
{ "type": "Feature", "properties": { "OBJECTID": 3447, "TYPE": "Chaussée désignée", "NOM": null, "V_VELOBOUC": "Non", "LONGUEUR": 227.81353576537109 }, "geometry": { "type": "MultiLineString", "coordinates": [ [ [ -8080754.628466689959168, 5838203.56040901876986 ], [ -8080513.442639103159308, 5838428.841397562995553 ] ] ] } },
{ "type": "Feature", "properties": { "OBJECTID": 3852, "TYPE": "Accotement asphalté", "NOM": "Route Verte 5 (est-ouest)", "V_VELOBOUC": "Oui", "LONGUEUR": 2259.9550471243424 }, "geometry": { "type": "MultiLineString", "coordinates": [ [ [ -8098809.725194746628404, 5828004.888297637924552 ], [ -8098761.670885891653597, 5828018.892662856727839 ], [ -8098710.289736132137477, 5828033.32386708445847 ], [ -8098644.867218874394894, 5828051.005806749686599 ], [ -8098573.076909858733416, 5828070.284816633909941 ], [ -8098512.272692658938468, 5828085.16057975590229 ], [ -8098454.919204786419868, 5828098.467481147497892 ], [ -8098392.694970650598407, 5828112.143915335647762 ], [ -8098340.835150767117739, 5828122.947525073774159 ], [ -8098267.782105817459524, 5828137.356249202042818 ], [ -8098221.148108678869903, 5828146.837443883530796 ], [ -8098171.995661308057606, 5828154.721557939425111 ], [ -8098078.650220029987395, 5828169.425166163593531 ], [ -8097986.499756850302219, 5828182.925738830119371 ], [ -8097919.998339341022074, 5828191.279566623270512 ], [ -8097854.014010313898325, 5828198.077029388397932 ], [ -8097797.348000392317772, 5828203.885269180871546 ], [ -8097761.321447745896876, 5828207.25222581718117 ], [ -8097725.825607584789395, 5828210.194450190290809 ], [ -8097697.551461514085531, 5828212.092145496048033 ], [ -8097644.455648978240788, 5828215.794983969070017 ], [ -8097611.66729521099478, 5828217.090564674697816 ], [ -8097570.061984622851014, 5828219.349331779405475 ], [ -8097492.140285600908101, 5828222.226966646499932 ], [ -8097441.090382880531251, 5828223.57446185965091 ], [ -8097391.283670832403004, 5828224.27809520252049 ], [ -8097317.191684287041426, 5828225.204731076955795 ], [ -8097273.993699781596661, 5828225.037036971189082 ], [ -8097216.32790890801698, 5828224.751859882846475 ], [ -8097171.761222065426409, 5828223.334221549332142 ], [ -8097120.441662786528468, 5828221.227124876342714 ], [ -8097076.774908854626119, 5828218.834258744493127 ], [ -8097017.728755690157413, 5828215.434845269657671 ], [ -8096945.028094007633626, 5828210.580214084126055 ], [ -8096895.370976048521698, 5828206.683960965834558 ], [ -8096824.566540046595037, 5828200.915153226815164 ], [ -8096736.276222554966807, 5828194.599166286177933 ], [ -8096251.23311316780746, 5828159.065641648136079 ], [ -8096223.577106209471822, 5828156.595011121593416 ], [ -8096144.935523448511958, 5828150.845729671418667 ], [ -8095883.56889200117439, 5828130.83330203127116 ], [ -8095839.990511005744338, 5828126.718725059181452 ], [ -8095809.085570632480085, 5828123.623709666542709 ], [ -8095771.069629423320293, 5828119.44997744075954 ], [ -8095687.392208183184266, 5828105.474537812173367 ], [ -8095657.466038829647005, 5828099.123598350211978 ], [ -8095619.816430725157261, 5828088.463698788546026 ], [ -8095575.930872242897749, 5828072.42937554884702 ] ] ] } },
{ "type": "Feature", "properties": { "OBJECTID": 3853, "TYPE": "Accotement asphalté", "NOM": "Route Verte 5 (est-ouest)", "V_VELOBOUC": "Oui", "LONGUEUR": 99.948053973628404 }, "geometry": { "type": "MultiLineString", "coordinates": [ [ [ -8094559.363735195249319, 5827523.167006816715002 ], [ -8094592.647803261876106, 5827549.284360710531473 ], [ -8094655.943442637100816, 5827575.568041767925024 ], [ -8094686.402779588475823, 5827589.906580451875925 ] ] ] } },
{ "type": "Feature", "properties": { "OBJECTID": 3854, "TYPE": "Accotement asphalté", "NOM": "Route Verte 5 (est-ouest)", "V_VELOBOUC": "Oui", "LONGUEUR": 36.968540250749015 }, "geometry": { "type": "MultiLineString", "coordinates": [ [ [ -8094559.363735195249319, 5827523.167006816715002 ], [ -8094510.256859980523586, 5827502.09063864313066 ] ] ] } },
{ "type": "Feature", "properties": { "OBJECTID": 3855, "TYPE": "Accotement asphalté", "NOM": "Route Verte 5 (est-ouest)", "V_VELOBOUC": "Oui", "LONGUEUR": 363.0222981672315 }, "geometry": { "type": "MultiLineString", "coordinates": [ [ [ -8094510.256859980523586, 5827502.09063864313066 ], [ -8094466.316624026745558, 5827483.231508327648044 ], [ -8094381.206815727055073, 5827447.876335348002613 ], [ -8094287.031604249961674, 5827406.781518979929388 ], [ -8094026.912662371993065, 5827297.83264534547925 ] ] ] } },
{ "type": "Feature", "properties": { "OBJECTID": 3856, "TYPE": "Accotement asphalté", "NOM": "Route Verte 5 (est-ouest)", "V_VELOBOUC": "Oui", "LONGUEUR": 400.04693320976969 }, "geometry": { "type": "MultiLineString", "coordinates": [ [ [ -8094026.912662371993065, 5827297.83264534547925 ], [ -8093712.661021959036589, 5827163.492710412479937 ], [ -8093654.997338128276169, 5827138.166435196995735 ], [ -8093626.3840800402686, 5827123.849139633588493 ], [ -8093553.658398893661797, 5827084.155308988876641 ], [ -8093502.945670225657523, 5827054.582390618510544 ] ] ] } },
{ "type": "Feature", "properties": { "OBJECTID": 3857, "TYPE": "Accotement asphalté", "NOM": "Route Verte 5 (est-ouest)", "V_VELOBOUC": "Oui", "LONGUEUR": 399.94269727585606 }, "geometry": { "type": "MultiLineString", "coordinates": [ [ [ -8093502.945670225657523, 5827054.582390618510544 ], [ -8093114.401306190527976, 5826827.991389806382358 ], [ -8093003.684261182323098, 5826762.809698077850044 ] ] ] } },
{ "type": "Feature", "properties": { "OBJECTID": 3858, "TYPE": "Accotement asphalté", "NOM": "Route Verte 5 (est-ouest)", "V_VELOBOUC": "Oui", "LONGUEUR": 400.04367812765486 }, "geometry": { "type": "MultiLineString", "coordinates": [ [ [ -8093003.684261182323098, 5826762.809698077850044 ], [ -8092957.241927519440651, 5826735.467460428364575 ], [ -8092921.180940611287951, 5826716.79119083378464 ], [ -8092905.246458629146218, 5826708.824132185429335 ], [ -8092653.829953715205193, 5826597.286617231555283 ], [ -8092609.380134014412761, 5826575.63222901057452 ], [ -8092557.207259591668844, 5826549.327856036834419 ], [ -8092484.086891283281147, 5826511.145543294027448 ], [ -8092483.602482262067497, 5826510.884657651185989 ] ] ] } },
{ "type": "Feature", "properties": { "OBJECTID": 3859, "TYPE": "Accotement asphalté", "NOM": "Route Verte 5 (est-ouest)", "V_VELOBOUC": "Oui", "LONGUEUR": 22.040857106887881 }, "geometry": { "type": "MultiLineString", "coordinates": [ [ [ -8091932.253481673076749, 5826384.456630507484078 ], [ -8091900.764471529982984, 5826379.72373703122139 ] ] ] } },
{ "type": "Feature", "properties": { "OBJECTID": 3860, "TYPE": "Chaussée désignée", "NOM": "Route Verte 5 (est-ouest)", "V_VELOBOUC": "Oui", "LONGUEUR": 240.71093124788445 }, "geometry": { "type": "MultiLineString", "coordinates": [ [ [ -8091900.764471529982984, 5826379.72373703122139 ], [ -8091893.757060551084578, 5826401.098235588520765 ], [ -8091889.402434497140348, 5826413.707379698753357 ], [ -8091883.316740122623742, 5826423.849272689782083 ], [ -8091871.628532183356583, 5826435.932999718002975 ], [ -8091817.947580409236252, 5826481.830248241312802 ], [ -8091788.197653464972973, 5826512.928226329386234 ], [ -8091766.546368030831218, 5826537.738475538790226 ], [ -8091746.427895809523761, 5826560.229685633443296 ], [ -8091725.73713693022728, 5826575.261371214874089 ], [ -8091689.020611919462681, 5826598.351522257551551 ], [ -8091655.484768867492676, 5826616.399263701401651 ] ] ] } },
{ "type": "Feature", "properties": { "OBJECTID": 3861, "TYPE": "Chaussée désignée", "NOM": "Route Verte 5 (est-ouest)", "V_VELOBOUC": "Oui", "LONGUEUR": 186.3433704476025 }, "geometry": { "type": "MultiLineString", "coordinates": [ [ [ -8091655.484768867492676, 5826616.399263701401651 ], [ -8091622.373196928761899, 5826614.497003212571144 ], [ -8091567.522506911307573, 5826601.59942864254117 ], [ -8091553.213913942687213, 5826595.921232837252319 ], [ -8091505.443168511614203, 5826578.073740256018937 ], [ -8091439.946777623146772, 5826544.70900871604681 ], [ -8091404.711691301316023, 5826525.976720496080816 ] ] ] } },
{ "type": "Feature", "properties": { "OBJECTID": 3862, "TYPE": "Bande cyclable (marquage)", "NOM": "Route Verte 5 (est-ouest)", "V_VELOBOUC": "Oui", "LONGUEUR": 118.26329927155884 }, "geometry": { "type": "MultiLineString", "coordinates": [ [ [ -8091155.042649296112359, 5826392.553631655871868 ], [ -8091141.377106649801135, 5826403.839370554313064 ], [ -8091129.01216924097389, 5826411.579536776989698 ], [ -8091120.259642213582993, 5826416.056427355855703 ], [ -8091108.146942479535937, 5826421.725027084350586 ], [ -8091096.157108893617988, 5826426.752389695495367 ], [ -8091073.254914930090308, 5826435.675838256254792 ], [ -8091000.838352155871689, 5826464.249371511861682 ] ] ] } },
{ "type": "Feature", "properties": { "OBJECTID": 3863, "TYPE": "Bande cyclable (marquage)", "NOM": "Route Verte 5 (est-ouest)", "V_VELOBOUC": "Oui", "LONGUEUR": 49.161937546507517 }, "geometry": { "type": "MultiLineString", "coordinates": [ [ [ -8091000.838352155871689, 5826464.249371511861682 ], [ -8090976.310831447131932, 5826473.927100046537817 ], [ -8090934.887284194119275, 5826490.683526664972305 ] ] ] } },
{ "type": "Feature", "properties": { "OBJECTID": 3864, "TYPE": "Bande cyclable (marquage)", "NOM": "Route Verte 5 (est-ouest)", "V_VELOBOUC": "Oui", "LONGUEUR": 41.350552776119272 }, "geometry": { "type": "MultiLineString", "coordinates": [ [ [ -8090934.887284194119275, 5826490.683526664972305 ], [ -8090879.485171377658844, 5826513.094134813174605 ] ] ] } },
{ "type": "Feature", "properties": { "OBJECTID": 3865, "TYPE": "Bande cyclable (marquage)", "NOM": "Route Verte 5 (est-ouest)", "V_VELOBOUC": "Oui", "LONGUEUR": 67.718515852361449 }, "geometry": { "type": "MultiLineString", "coordinates": [ [ [ -8090879.485171377658844, 5826513.094134813174605 ], [ -8090869.703976515680552, 5826517.050686413422227 ], [ -8090844.12327981274575, 5826527.038842484354973 ], [ -8090826.796605940908194, 5826534.304205945692956 ], [ -8090794.980859145522118, 5826546.929514892399311 ], [ -8090788.567233741283417, 5826549.310264856554568 ] ] ] } },
{ "type": "Feature", "properties": { "OBJECTID": 3866, "TYPE": "Bande cyclable (marquage)", "NOM": "Route Verte 5 (est-ouest)", "V_VELOBOUC": "Oui", "LONGUEUR": 42.209331130480528 }, "geometry": { "type": "MultiLineString", "coordinates": [ [ [ -8090788.567233741283417, 5826549.310264856554568 ], [ -8090759.965764752589166, 5826559.927075838670135 ], [ -8090730.418894461356103, 5826567.438006840646267 ] ] ] } },
{ "type": "Feature", "properties": { "OBJECTID": 3867, "TYPE": "Bande cyclable (marquage)", "NOM": "Route Verte 5 (est-ouest)", "V_VELOBOUC": "Oui", "LONGUEUR": 142.71736958663115 }, "geometry": { "type": "MultiLineString", "coordinates": [ [ [ -8090730.418894461356103, 5826567.438006840646267 ], [ -8090708.913749020546675, 5826572.576786935329437 ], [ -8090701.641899474896491, 5826574.062865706160665 ], [ -8090690.689043810591102, 5826576.02598104160279 ], [ -8090677.216607262380421, 5826578.506149631924927 ], [ -8090651.28564113099128, 5826581.797717754729092 ], [ -8090578.198899442330003, 5826589.186659015715122 ], [ -8090536.002830808050931, 5826595.171343659982085 ], [ -8090526.536210462450981, 5826596.850779574364424 ] ] ] } },
{ "type": "Feature", "properties": { "OBJECTID": 3868, "TYPE": "Bande cyclable (marquage)", "NOM": "Route Verte 5 (est-ouest)", "V_VELOBOUC": "Oui", "LONGUEUR": 158.24057268725517 }, "geometry": { "type": "MultiLineString", "coordinates": [ [ [ -8090526.536210462450981, 5826596.850779574364424 ], [ -8090523.373191503807902, 5826597.411912641488016 ], [ -8090510.145150370895863, 5826601.553033208474517 ], [ -8090489.653701092116535, 5826607.614219688810408 ], [ -8090466.095719126053154, 5826614.675118374638259 ], [ -8090441.659787876531482, 5826623.771019973792136 ], [ -8090407.629047686234117, 5826638.721875839866698 ], [ -8090343.840140939690173, 5826669.449148993007839 ], [ -8090321.719420463778079, 5826680.720362177118659 ], [ -8090315.545445377938449, 5826683.570727300830185 ] ] ] } },
{ "type": "Feature", "properties": { "OBJECTID": 3869, "TYPE": "Bande cyclable (marquage)", "NOM": "Route Verte 5 (est-ouest)", "V_VELOBOUC": "Oui", "LONGUEUR": 267.25399518009277 }, "geometry": { "type": "MultiLineString", "coordinates": [ [ [ -8090315.545445377938449, 5826683.570727300830185 ], [ -8090301.003853248432279, 5826690.284166438505054 ], [ -8090227.190980549901724, 5826726.994585974141955 ], [ -8090190.477732058614492, 5826745.666517663747072 ], [ -8090161.191093888133764, 5826760.212476678192616 ], [ -8090105.695836934261024, 5826791.519998455420136 ], [ -8090088.784382108598948, 5826803.297557653859258 ], [ -8090079.269161019474268, 5826809.871771314181387 ], [ -8090066.831136422231793, 5826818.732165019959211 ], [ -8090055.04937460180372, 5826827.418088578619063 ], [ -8090042.192928528413177, 5826837.235339915379882 ], [ -8090037.001463201828301, 5826841.686848549172282 ], [ -8090027.083755208179355, 5826850.0311961742118 ], [ -8090014.326486266218126, 5826862.130266054533422 ], [ -8089993.409806609153748, 5826882.520462014712393 ], [ -8089989.480168740265071, 5826886.417679970152676 ] ] ] } },
{ "type": "Feature", "properties": { "OBJECTID": 3870, "TYPE": "Bande cyclable (marquage)", "NOM": "Route Verte 5 (est-ouest)", "V_VELOBOUC": "Oui", "LONGUEUR": 73.339614575775457 }, "geometry": { "type": "MultiLineString", "coordinates": [ [ [ -8089989.480168740265071, 5826886.417679970152676 ], [ -8089938.020920742303133, 5826937.451764612458646 ], [ -8089914.296475141309202, 5826961.313294003717601 ] ] ] } },
{ "type": "Feature", "properties": { "OBJECTID": 3871, "TYPE": "Bande cyclable (marquage)", "NOM": "Route Verte 5 (est-ouest)", "V_VELOBOUC": "Oui", "LONGUEUR": 159.21160687388468 }, "geometry": { "type": "MultiLineString", "coordinates": [ [ [ -8089914.296475141309202, 5826961.313294003717601 ], [ -8089892.612339078448713, 5826983.122628038749099 ], [ -8089758.420988468453288, 5827117.608699597418308 ], [ -8089751.762377826496959, 5827124.590475131757557 ] ] ] } },
{ "type": "Feature", "properties": { "OBJECTID": 3872, "TYPE": "Bande cyclable (marquage)", "NOM": "Route Verte 5 (est-ouest)", "V_VELOBOUC": "Oui", "LONGUEUR": 19.48893062781088 }, "geometry": { "type": "MultiLineString", "coordinates": [ [ [ -8089751.762377826496959, 5827124.590475131757557 ], [ -8089732.297316274605691, 5827145.000114948488772 ] ] ] } },
{ "type": "Feature", "properties": { "OBJECTID": 3873, "TYPE": "Bande cyclable (marquage)", "NOM": "Route Verte 5 (est-ouest)", "V_VELOBOUC": "Oui", "LONGUEUR": 73.697020523640234 }, "geometry": { "type": "MultiLineString", "coordinates": [ [ [ -8089732.297316274605691, 5827145.000114948488772 ], [ -8089675.905947882682085, 5827204.127485697157681 ], [ -8089659.439360816031694, 5827222.869473829865456 ] ] ] } },
{ "type": "Feature", "properties": { "OBJECTID": 3874, "TYPE": "Bande cyclable (marquage)", "NOM": "Route Verte 5 (est-ouest)", "V_VELOBOUC": "Oui", "LONGUEUR": 35.248155863365746 }, "geometry": { "type": "MultiLineString", "coordinates": [ [ [ -8089659.439360816031694, 5827222.869473829865456 ], [ -8089625.766435123048723, 5827261.195246936753392 ] ] ] } },
{ "type": "Feature", "properties": { "OBJECTID": 3875, "TYPE": "Bande cyclable (marquage)", "NOM": "Route Verte 5 (est-ouest)", "V_VELOBOUC": "Oui", "LONGUEUR": 47.252318873116721 }, "geometry": { "type": "MultiLineString", "coordinates": [ [ [ -8089625.766435123048723, 5827261.195246936753392 ], [ -8089598.605337125249207, 5827292.109146204777062 ], [ -8089596.444026716053486, 5827294.889743931591511 ], [ -8089582.583733287639916, 5827314.147454554215074 ] ] ] } },
{ "type": "Feature", "properties": { "OBJECTID": 3876, "TYPE": "Bande cyclable (marquage)", "NOM": "Route Verte 5 (est-ouest)", "V_VELOBOUC": "Oui", "LONGUEUR": 26.084746214294032 }, "geometry": { "type": "MultiLineString", "coordinates": [ [ [ -8089582.583733287639916, 5827314.147454554215074 ], [ -8089569.270971938967705, 5827332.644303088076413 ], [ -8089561.122886536642909, 5827345.21284675784409 ] ] ] } },
{ "type": "Feature", "properties": { "OBJECTID": 3879, "TYPE": "Bande cyclable (marquage)", "NOM": "Route Verte 5 (est-ouest)", "V_VELOBOUC": "Oui", "LONGUEUR": 58.210973888157646 }, "geometry": { "type": "MultiLineString", "coordinates": [ [ [ -8089381.645726679824293, 5827686.381960044614971 ], [ -8089362.83264231774956, 5827723.723443518392742 ], [ -8089343.725021757185459, 5827761.6942751230672 ] ] ] } },
{ "type": "Feature", "properties": { "OBJECTID": 3880, "TYPE": "Bande cyclable (marquage)", "NOM": "Route Verte 5 (est-ouest)", "V_VELOBOUC": "Oui", "LONGUEUR": 61.961277755771825 }, "geometry": { "type": "MultiLineString", "coordinates": [ [ [ -8089343.725021757185459, 5827761.6942751230672 ], [ -8089340.660301722586155, 5827767.784463579766452 ], [ -8089314.74227496702224, 5827817.567342647351325 ], [ -8089302.426728684455156, 5827841.378387056291103 ] ] ] } },
{ "type": "Feature", "properties": { "OBJECTID": 3881, "TYPE": "Bande cyclable (marquage)", "NOM": "Route Verte 5 (est-ouest)", "V_VELOBOUC": "Oui", "LONGUEUR": 31.283594790549543 }, "geometry": { "type": "MultiLineString", "coordinates": [ [ [ -8089302.426728684455156, 5827841.378387056291103 ], [ -8089287.284309596754611, 5827870.654739523306489 ], [ -8089281.593297600746155, 5827881.619920798577368 ] ] ] } },
{ "type": "Feature", "properties": { "OBJECTID": 3882, "TYPE": "Bande cyclable (marquage)", "NOM": "Route Verte 5 (est-ouest)", "V_VELOBOUC": "Oui", "LONGUEUR": 46.147458433055014 }, "geometry": { "type": "MultiLineString", "coordinates": [ [ [ -8089281.593297600746155, 5827881.619920798577368 ], [ -8089266.374614959582686, 5827910.942423537373543 ], [ -8089254.353634987957776, 5827933.461838855408132 ], [ -8089250.226096426136792, 5827940.639586201868951 ] ] ] } },
{ "type": "Feature", "properties": { "OBJECTID": 3883, "TYPE": "Bande cyclable (marquage)", "NOM": "Route Verte 5 (est-ouest)", "V_VELOBOUC": "Oui", "LONGUEUR": 235.34370192859657 }, "geometry": { "type": "MultiLineString", "coordinates": [ [ [ -8089250.226096426136792, 5827940.639586201868951 ], [ -8089236.24981477484107, 5827964.944046044722199 ], [ -8089220.958284912630916, 5827989.012162981554866 ], [ -8089208.425265982747078, 5828006.198449806310236 ], [ -8089203.661685450002551, 5828012.567459328100085 ], [ -8089195.622070235200226, 5828022.839749730192125 ], [ -8089180.676361372694373, 5828040.792814058251679 ], [ -8089161.481222956441343, 5828061.118548566475511 ], [ -8089144.44478449691087, 5828077.889145456254482 ], [ -8089129.695989365689456, 5828091.47459552437067 ], [ -8089115.192360802553594, 5828103.889456395059824 ], [ -8089060.376875516958535, 5828151.088125890120864 ], [ -8089018.554787391796708, 5828186.960834278725088 ] ] ] } },
{ "type": "Feature", "properties": { "OBJECTID": 3884, "TYPE": "Bande cyclable (marquage)", "NOM": "Route Verte 5 (est-ouest)", "V_VELOBOUC": "Oui", "LONGUEUR": 40.094566085338066 }, "geometry": { "type": "MultiLineString", "coordinates": [ [ [ -8089018.554787391796708, 5828186.960834278725088 ], [ -8089012.035317840985954, 5828192.552859646268189 ], [ -8088974.357094217091799, 5828224.534769646823406 ] ] ] } },
{ "type": "Feature", "properties": { "OBJECTID": 3885, "TYPE": "Bande cyclable (marquage)", "NOM": "Route Verte 5 (est-ouest)", "V_VELOBOUC": "Oui", "LONGUEUR": 195.0270641395652 }, "geometry": { "type": "MultiLineString", "coordinates": [ [ [ -8088974.357094217091799, 5828224.534769646823406 ], [ -8088928.650899292901158, 5828263.330600428394973 ], [ -8088821.580211929045618, 5828353.120946913957596 ], [ -8088770.081501107662916, 5828397.510752642527223 ], [ -8088759.726795868016779, 5828407.66359515953809 ] ] ] } },
{ "type": "Feature", "properties": { "OBJECTID": 3886, "TYPE": "Bande cyclable (marquage)", "NOM": "Route Verte 5 (est-ouest)", "V_VELOBOUC": "Oui", "LONGUEUR": 27.591539064921491 }, "geometry": { "type": "MultiLineString", "coordinates": [ [ [ -8088759.726795868016779, 5828407.66359515953809 ], [ -8088750.040062912739813, 5828417.161456346511841 ], [ -8088733.569409606978297, 5828437.761070217005908 ] ] ] } },
{ "type": "Feature", "properties": { "OBJECTID": 3887, "TYPE": "Bande cyclable (marquage)", "NOM": "Route Verte 5 (est-ouest)", "V_VELOBOUC": "Oui", "LONGUEUR": 157.17528376010335 }, "geometry": { "type": "MultiLineString", "coordinates": [ [ [ -8088733.569409606978297, 5828437.761070217005908 ], [ -8088712.096174515783787, 5828464.617202756926417 ], [ -8088698.95616177469492, 5828484.409128796309233 ], [ -8088691.818796852603555, 5828495.780364518985152 ], [ -8088686.758227261714637, 5828504.998396560549736 ], [ -8088672.392559493891895, 5828534.850362984463573 ], [ -8088658.437324409373105, 5828569.759517004713416 ], [ -8088643.530433401465416, 5828619.587392999790609 ], [ -8088637.660689504817128, 5828641.704616660252213 ] ] ] } },
{ "type": "Feature", "properties": { "OBJECTID": 3888, "TYPE": "Bande cyclable (marquage)", "NOM": "Route Verte 5 (est-ouest)", "V_VELOBOUC": "Oui", "LONGUEUR": 264.90386260825767 }, "geometry": { "type": "MultiLineString", "coordinates": [ [ [ -8088637.660689504817128, 5828641.704616660252213 ], [ -8088612.443144208751619, 5828736.724126963876188 ], [ -8088584.732809871435165, 5828839.46777003351599 ], [ -8088557.283023104071617, 5828942.328940629027784 ], [ -8088541.993609372526407, 5829000.09123944118619 ], [ -8088538.172600231133401, 5829012.516348146833479 ] ] ] } },
{ "type": "Feature", "properties": { "OBJECTID": 3889, "TYPE": "Bande cyclable (marquage)", "NOM": "Route Verte 5 (est-ouest)", "V_VELOBOUC": "Oui", "LONGUEUR": 41.892272147399581 }, "geometry": { "type": "MultiLineString", "coordinates": [ [ [ -8088538.172600231133401, 5829012.516348146833479 ], [ -8088532.521654237993062, 5829030.891872892156243 ], [ -8088528.011405005119741, 5829045.249812316149473 ], [ -8088523.554129445925355, 5829056.848188187927008 ], [ -8088517.609758667647839, 5829069.532234832644463 ] ] ] } },
{ "type": "Feature", "properties": { "OBJECTID": 3890, "TYPE": "Bande cyclable (marquage)", "NOM": "Route Verte 5 (est-ouest)", "V_VELOBOUC": "Oui", "LONGUEUR": 56.409831307781587 }, "geometry": { "type": "MultiLineString", "coordinates": [ [ [ -8088517.609758667647839, 5829069.532234832644463 ], [ -8088511.266681560315192, 5829082.306618709117174 ], [ -8088497.410852180793881, 5829103.614964345470071 ], [ -8088484.644739748910069, 5829118.425551380962133 ], [ -8088478.266965716145933, 5829124.659243590198457 ], [ -8088467.979359458200634, 5829133.44095694180578 ] ] ] } },
{ "type": "Feature", "properties": { "OBJECTID": 3893, "TYPE": "Bande cyclable (marquage)", "NOM": "Route Verte 5 (est-ouest)", "V_VELOBOUC": "Oui", "LONGUEUR": 9.7078010030915358 }, "geometry": { "type": "MultiLineString", "coordinates": [ [ [ -8088024.764151882380247, 5829229.317403444088995 ], [ -8088010.865905793383718, 5829231.230382426641881 ] ] ] } },
{ "type": "Feature", "properties": { "OBJECTID": 3894, "TYPE": "Bande cyclable (marquage)", "NOM": "Route Verte 5 (est-ouest)", "V_VELOBOUC": "Oui", "LONGUEUR": 143.45080341254177 }, "geometry": { "type": "MultiLineString", "coordinates": [ [ [ -8088010.865905793383718, 5829231.230382426641881 ], [ -8088004.499595233239233, 5829232.106630677357316 ], [ -8087885.556669137440622, 5829248.932398596778512 ], [ -8087806.351778498850763, 5829260.449633819982409 ], [ -8087805.639761004596949, 5829260.547045817598701 ] ] ] } },
{ "type": "Feature", "properties": { "OBJECTID": 3895, "TYPE": "Bande cyclable (marquage)", "NOM": "Route Verte 5 (est-ouest)", "V_VELOBOUC": "Oui", "LONGUEUR": 12.408129371101834 }, "geometry": { "type": "MultiLineString", "coordinates": [ [ [ -8087805.639761004596949, 5829260.547045817598701 ], [ -8087787.873579075559974, 5829262.977982431650162 ] ] ] } },
{ "type": "Feature", "properties": { "OBJECTID": 3896, "TYPE": "Bande cyclable (marquage)", "NOM": "Route Verte 5 (est-ouest)", "V_VELOBOUC": "Oui", "LONGUEUR": 103.6158192601373 }, "geometry": { "type": "MultiLineString", "coordinates": [ [ [ -8087787.873579075559974, 5829262.977982431650162 ], [ -8087740.015650388784707, 5829269.526212191209197 ], [ -8087712.572772280313075, 5829273.492426253855228 ], [ -8087697.074312699027359, 5829275.635642636567354 ], [ -8087639.569377637468278, 5829283.674417238682508 ] ] ] } },
{ "type": "Feature", "properties": { "OBJECTID": 3897, "TYPE": "Bande cyclable (marquage)", "NOM": "Route Verte 5 (est-ouest)", "V_VELOBOUC": "Oui", "LONGUEUR": 184.5456650929475 }, "geometry": { "type": "MultiLineString", "coordinates": [ [ [ -8087639.569377637468278, 5829283.674417238682508 ], [ -8087540.609389206394553, 5829297.507412493228912 ], [ -8087467.429700874723494, 5829307.708181635476649 ], [ -8087375.356531321071088, 5829319.998251998797059 ] ] ] } },
{ "type": "Feature", "properties": { "OBJECTID": 3898, "TYPE": "Bande cyclable (marquage)", "NOM": "Route Verte 5 (est-ouest)", "V_VELOBOUC": "Oui", "LONGUEUR": 96.64455541192423 }, "geometry": { "type": "MultiLineString", "coordinates": [ [ [ -8087375.356531321071088, 5829319.998251998797059 ], [ -8087318.553547649644315, 5829328.361081047914922 ], [ -8087237.140818111598492, 5829340.091749490238726 ] ] ] } },
{ "type": "Feature", "properties": { "OBJECTID": 3899, "TYPE": "Bande cyclable (marquage)", "NOM": "Route Verte 5 (est-ouest)", "V_VELOBOUC": "Oui", "LONGUEUR": 106.88848424525499 }, "geometry": { "type": "MultiLineString", "coordinates": [ [ [ -8087237.140818111598492, 5829340.091749490238726 ], [ -8087084.246241888962686, 5829362.120091749355197 ] ] ] } },
{ "type": "Feature", "properties": { "OBJECTID": 3900, "TYPE": "Bande cyclable (marquage)", "NOM": "Route Verte 5 (est-ouest)", "V_VELOBOUC": "Oui", "LONGUEUR": 94.52688836154185 }, "geometry": { "type": "MultiLineString", "coordinates": [ [ [ -8087084.246241888962686, 5829362.120091749355197 ], [ -8087072.549255172722042, 5829363.805207688361406 ], [ -8087034.191154081374407, 5829370.986107579432428 ], [ -8087027.557808215729892, 5829372.224677658639848 ], [ -8087015.394441651180387, 5829374.680519401095808 ], [ -8086954.667545189149678, 5829390.135430809110403 ], [ -8086950.913417189382017, 5829391.39273997489363 ] ] ] } },
{ "type": "Feature", "properties": { "OBJECTID": 3901, "TYPE": "Bande cyclable (marquage)", "NOM": "Route Verte 5 (est-ouest)", "V_VELOBOUC": "Oui", "LONGUEUR": 208.80333871848833 }, "geometry": { "type": "MultiLineString", "coordinates": [ [ [ -8086950.913417189382017, 5829391.39273997489363 ], [ -8086930.861044928431511, 5829398.108620383776724 ], [ -8086914.672375197522342, 5829403.535729835741222 ], [ -8086907.858966336585581, 5829406.18222522828728 ], [ -8086900.49740797560662, 5829409.204238398931921 ], [ -8086878.950745328329504, 5829418.337394357658923 ], [ -8086860.169931665062904, 5829426.775514245033264 ], [ -8086833.406542898155749, 5829440.044330824166536 ], [ -8086806.058108947239816, 5829454.840534470044076 ], [ -8086763.948068677447736, 5829478.894984202459455 ], [ -8086702.114770558662713, 5829516.586535669863224 ], [ -8086682.752892484888434, 5829528.218975075520575 ] ] ] } },
{ "type": "Feature", "properties": { "OBJECTID": 3902, "TYPE": "Bande cyclable (marquage)", "NOM": "Route Verte 5 (est-ouest)", "V_VELOBOUC": "Oui", "LONGUEUR": 54.196982036896586 }, "geometry": { "type": "MultiLineString", "coordinates": [ [ [ -8086682.752892484888434, 5829528.218975075520575 ], [ -8086618.775581912137568, 5829566.655550913885236 ], [ -8086615.590750619769096, 5829568.639603237621486 ] ] ] } },
{ "type": "Feature", "properties": { "OBJECTID": 3903, "TYPE": "Bande cyclable (marquage)", "NOM": "Route Verte 5 (est-ouest)", "V_VELOBOUC": "Oui", "LONGUEUR": 22.447016912694625 }, "geometry": { "type": "MultiLineString", "coordinates": [ [ [ -8086615.590750619769096, 5829568.639603237621486 ], [ -8086613.508135029114783, 5829569.936997820623219 ], [ -8086603.8095738356933, 5829575.829265835694969 ], [ -8086587.837722882628441, 5829585.487286708317697 ] ] ] } },
{ "type": "Feature", "properties": { "OBJECTID": 3904, "TYPE": "Bande cyclable (marquage)", "NOM": "Route Verte 5 (est-ouest)", "V_VELOBOUC": "Oui", "LONGUEUR": 105.19424283403654 }, "geometry": { "type": "MultiLineString", "coordinates": [ [ [ -8086587.837722882628441, 5829585.487286708317697 ], [ -8086457.639742927625775, 5829664.21525345928967 ] ] ] } },
{ "type": "Feature", "properties": { "OBJECTID": 3905, "TYPE": "Bande cyclable (marquage)", "NOM": "Route Verte 5 (est-ouest)", "V_VELOBOUC": "Oui", "LONGUEUR": 26.754919527443917 }, "geometry": { "type": "MultiLineString", "coordinates": [ [ [ -8086457.639742927625775, 5829664.21525345928967 ], [ -8086424.525045602582395, 5829684.238580700010061 ] ] ] } },
{ "type": "Feature", "properties": { "OBJECTID": 3906, "TYPE": "Bande cyclable (marquage)", "NOM": "Route Verte 5 (est-ouest)", "V_VELOBOUC": "Oui", "LONGUEUR": 75.902881775142433 }, "geometry": { "type": "MultiLineString", "coordinates": [ [ [ -8086424.525045602582395, 5829684.238580700010061 ], [ -8086330.57886787969619, 5829741.043715750798583 ] ] ] } },
{ "type": "Feature", "properties": { "OBJECTID": 3907, "TYPE": "Bande cyclable (marquage)", "NOM": "Route Verte 5 (est-ouest)", "V_VELOBOUC": "Oui", "LONGUEUR": 117.81095781476039 }, "geometry": { "type": "MultiLineString", "coordinates": [ [ [ -8086330.57886787969619, 5829741.043715750798583 ], [ -8086184.760026556439698, 5829829.211223752237856 ] ] ] } },
{ "type": "Feature", "properties": { "OBJECTID": 3908, "TYPE": "Bande cyclable (marquage)", "NOM": "Route Verte 5 (est-ouest)", "V_VELOBOUC": "Oui", "LONGUEUR": 269.43449583661629 }, "geometry": { "type": "MultiLineString", "coordinates": [ [ [ -8086184.760026556439698, 5829829.211223752237856 ], [ -8086047.37322554551065, 5829912.277394030243158 ], [ -8086008.881234017200768, 5829936.676616583950818 ], [ -8085959.880856974981725, 5829969.656577358953655 ], [ -8085944.983354947529733, 5829980.036090299487114 ], [ -8085940.30781939253211, 5829983.385083993896842 ], [ -8085933.381874301470816, 5829988.621795384213328 ], [ -8085902.001582033932209, 5830012.237483529374003 ], [ -8085875.642472783103585, 5830032.433108015917242 ], [ -8085860.360433883965015, 5830044.55837947782129 ] ] ] } },
{ "type": "Feature", "properties": { "OBJECTID": 3909, "TYPE": "Bande cyclable (marquage)", "NOM": "Route Verte 5 (est-ouest)", "V_VELOBOUC": "Oui", "LONGUEUR": 46.90235578783625 }, "geometry": { "type": "MultiLineString", "coordinates": [ [ [ -8085860.360433883965015, 5830044.55837947782129 ], [ -8085829.189470626413822, 5830069.290267433039844 ], [ -8085814.407003996893764, 5830081.808722766116261 ], [ -8085808.094716401770711, 5830087.810605432838202 ] ] ] } },
{ "type": "Feature", "properties": { "OBJECTID": 3910, "TYPE": "Bande cyclable (marquage)", "NOM": "Route Verte 5 (est-ouest)", "V_VELOBOUC": "Oui", "LONGUEUR": 50.537469713197197 }, "geometry": { "type": "MultiLineString", "coordinates": [ [ [ -8085808.094716401770711, 5830087.810605432838202 ], [ -8085801.2655890583992, 5830094.303945602849126 ], [ -8085756.09653362352401, 5830136.118325920775533 ], [ -8085754.516791098751128, 5830137.606225938536227 ] ] ] } },
{ "type": "Feature", "properties": { "OBJECTID": 3911, "TYPE": "Bande cyclable (marquage)", "NOM": "Route Verte 5 (est-ouest)", "V_VELOBOUC": "Oui", "LONGUEUR": 166.4589829721491 }, "geometry": { "type": "MultiLineString", "coordinates": [ [ [ -8085754.516791098751128, 5830137.606225938536227 ], [ -8085645.292706199921668, 5830240.478187183849514 ], [ -8085579.922888725996017, 5830303.635258261114359 ] ] ] } },
{ "type": "Feature", "properties": { "OBJECTID": 3912, "TYPE": "Bande cyclable (marquage)", "NOM": "Route Verte 5 (est-ouest)", "V_VELOBOUC": "Oui", "LONGUEUR": 233.54139310453584 }, "geometry": { "type": "MultiLineString", "coordinates": [ [ [ -8085579.922888725996017, 5830303.635258261114359 ], [ -8085561.48706616461277, 5830321.44686359167099 ], [ -8085541.943227334879339, 5830340.032925944775343 ], [ -8085508.555778908543289, 5830371.764747261069715 ], [ -8085352.405356238596141, 5830520.877462633885443 ], [ -8085335.344810706563294, 5830536.99026626162231 ] ] ] } },
{ "type": "Feature", "properties": { "OBJECTID": 3913, "TYPE": "Bande cyclable (marquage)", "NOM": "Route Verte 5 (est-ouest)", "V_VELOBOUC": "Oui", "LONGUEUR": 400.27100591530484 }, "geometry": { "type": "MultiLineString", "coordinates": [ [ [ -8085335.344810706563294, 5830536.99026626162231 ], [ -8085200.18998059257865, 5830664.634751000441611 ], [ -8085176.556497528217733, 5830684.263367764651775 ], [ -8085164.398089313879609, 5830693.966240466572344 ], [ -8085157.103632017970085, 5830699.157229509204626 ], [ -8085134.085120034404099, 5830715.075398666784167 ], [ -8085112.202145805582404, 5830729.67592300567776 ], [ -8085052.73366220574826, 5830763.948300143703818 ], [ -8085022.917464353144169, 5830778.800231116823852 ], [ -8085000.573786473833025, 5830789.154672619886696 ], [ -8084983.272062981501222, 5830796.846863650716841 ], [ -8084973.191632773727179, 5830800.881921791471541 ], [ -8084947.172365276142955, 5830809.702278825454414 ], [ -8084913.520177880302072, 5830820.901795683428645 ], [ -8084851.967801115475595, 5830837.289728772826493 ], [ -8084851.359706475399435, 5830837.445235751569271 ] ] ] } },
{ "type": "Feature", "properties": { "OBJECTID": 3914, "TYPE": "Bande cyclable (marquage)", "NOM": "Route Verte 5 (est-ouest)", "V_VELOBOUC": "Oui", "LONGUEUR": 399.96368358009698 }, "geometry": { "type": "MultiLineString", "coordinates": [ [ [ -8084851.359706475399435, 5830837.445235751569271 ], [ -8084769.336028740741313, 5830858.420085271820426 ], [ -8084740.886507770977914, 5830868.120321341790259 ], [ -8084719.952668514102697, 5830876.782873144373298 ], [ -8084702.617385412566364, 5830884.833978770300746 ], [ -8084691.542906349524856, 5830890.809693680144846 ], [ -8084682.403794778510928, 5830896.815375063568354 ], [ -8084665.063936989754438, 5830909.993397911079228 ], [ -8084639.870320687070489, 5830930.828143296763301 ], [ -8084633.549882430583239, 5830936.58282633498311 ], [ -8084628.766661293804646, 5830941.890071912668645 ], [ -8084611.756492434069514, 5830961.122027304954827 ], [ -8084598.284451159648597, 5830978.90409427229315 ], [ -8084573.959826548583806, 5831013.991651737131178 ], [ -8084532.631806526333094, 5831085.531481613405049 ], [ -8084522.781770087778568, 5831103.100353674031794 ], [ -8084455.433927411213517, 5831220.555114230141044 ] ] ] } },
{ "type": "Feature", "properties": { "OBJECTID": 3915, "TYPE": "Bande cyclable (marquage)", "NOM": "Route Verte 5 (est-ouest)", "V_VELOBOUC": "Oui", "LONGUEUR": 399.54718424243663 }, "geometry": { "type": "MultiLineString", "coordinates": [ [ [ -8084455.433927411213517, 5831220.555114230141044 ], [ -8084302.937010259367526, 5831486.502230152487755 ], [ -8084287.251241957768798, 5831513.271345674060285 ], [ -8084274.900854914449155, 5831534.707731558941305 ], [ -8084270.707374649122357, 5831541.814837515354156 ], [ -8084263.352685693651438, 5831555.044117907993495 ], [ -8084245.621289215050638, 5831586.336369989439845 ], [ -8084228.893065856769681, 5831614.742085199803114 ], [ -8084212.403470022603869, 5831640.407183587551117 ], [ -8084200.551850817166269, 5831656.744775057770312 ], [ -8084195.724106602370739, 5831662.621066649444401 ], [ -8084182.486814379692078, 5831678.04790703766048 ], [ -8084174.98151411768049, 5831686.10190515499562 ], [ -8084153.560105505399406, 5831706.420719135552645 ], [ -8084149.554402397945523, 5831709.47246793936938 ] ] ] } },
{ "type": "Feature", "properties": { "OBJECTID": 3919, "TYPE": "Bande cyclable (marquage)", "NOM": "Route Verte 5 (est-ouest)", "V_VELOBOUC": "Oui", "LONGUEUR": 24.164084806143492 }, "geometry": { "type": "MultiLineString", "coordinates": [ [ [ -8082866.795269332826138, 5831787.215454272925854 ], [ -8082838.977959730662405, 5831778.930095547810197 ], [ -8082833.175680776126683, 5831777.796784800477326 ] ] ] } },
{ "type": "Feature", "properties": { "OBJECTID": 3920, "TYPE": "Bande cyclable (marquage)", "NOM": "Route Verte 5 (est-ouest)", "V_VELOBOUC": "Oui", "LONGUEUR": 82.93642722341869 }, "geometry": { "type": "MultiLineString", "coordinates": [ [ [ -8082833.175680776126683, 5831777.796784800477326 ], [ -8082812.992502270266414, 5831773.854598236270249 ], [ -8082790.972238182090223, 5831770.960372326895595 ], [ -8082713.882690214551985, 5831769.093258724547923 ] ] ] } },
{ "type": "Feature", "properties": { "OBJECTID": 3921, "TYPE": "Bande cyclable (marquage)", "NOM": null, "V_VELOBOUC": "Non", "LONGUEUR": 80.525679223507822 }, "geometry": { "type": "MultiLineString", "coordinates": [ [ [ -8086826.93039080593735, 5829790.468047949485481 ], [ -8086888.105268714018166, 5829799.877118622884154 ], [ -8086941.043906459584832, 5829792.781204765662551 ], [ -8086942.081203383393586, 5829793.059523981995881 ] ] ] } },
{ "type": "Feature", "properties": { "OBJECTID": 3922, "TYPE": "Chaussée désignée", "NOM": null, "V_VELOBOUC": "Non", "LONGUEUR": 250.88896513596754 }, "geometry": { "type": "MultiLineString", "coordinates": [ [ [ -8089914.296403664164245, 5826961.31322078127414 ], [ -8089886.272153610363603, 5826932.623629461973906 ], [ -8089875.431501126848161, 5826921.494766321033239 ], [ -8089864.658593461848795, 5826912.396818504668772 ], [ -8089853.920172546058893, 5826905.58163090236485 ], [ -8089840.063001563772559, 5826896.734431372955441 ], [ -8089830.691924537532032, 5826892.738612737506628 ], [ -8089818.293025196529925, 5826888.592928955331445 ], [ -8089806.443120688199997, 5826886.003860397264361 ], [ -8089786.031481701880693, 5826883.474752043373883 ], [ -8089753.576851061545312, 5826880.612770998850465 ], [ -8089740.239770842716098, 5826878.380519738420844 ], [ -8089723.886757985688746, 5826872.432341497391462 ], [ -8089714.578848229721189, 5826867.900499203242362 ], [ -8089701.924399508163333, 5826859.727829232811928 ], [ -8089686.277939839288592, 5826846.130923394113779 ], [ -8089669.511136527173221, 5826828.930326167494059 ], [ -8089617.9692905517295, 5826775.420522282831371 ] ] ] } },
{ "type": "Feature", "properties": { "OBJECTID": 3923, "TYPE": "Chaussée désignée", "NOM": null, "V_VELOBOUC": "Non", "LONGUEUR": 147.44517939395769 }, "geometry": { "type": "MultiLineString", "coordinates": [ [ [ -8089617.9692905517295, 5826775.420522282831371 ], [ -8089554.788919686339796, 5826709.826978771016002 ], [ -8089537.382165152579546, 5826692.752140886150301 ], [ -8089522.968231968581676, 5826681.778060493990779 ], [ -8089505.185177982784808, 5826669.49395780172199 ], [ -8089489.062905635684729, 5826661.480800252407789 ], [ -8089453.777704706415534, 5826646.852530987001956 ], [ -8089451.952082713134587, 5826646.385103686712682 ] ] ] } },
{ "type": "Feature", "properties": { "OBJECTID": 3924, "TYPE": "Chaussée désignée", "NOM": null, "V_VELOBOUC": "Non", "LONGUEUR": 271.97738588711559 }, "geometry": { "type": "MultiLineString", "coordinates": [ [ [ -8089451.952082713134587, 5826646.385103686712682 ], [ -8089426.322612011805177, 5826639.823019476607442 ], [ -8089381.071728262118995, 5826636.312712408602238 ], [ -8089060.004531315527856, 5826634.126418692059815 ] ] ] } },
{ "type": "Feature", "properties": { "OBJECTID": 3925, "TYPE": "Chaussée désignée", "NOM": null, "V_VELOBOUC": "Non", "LONGUEUR": 143.61540262693021 }, "geometry": { "type": "MultiLineString", "coordinates": [ [ [ -8089060.004531315527856, 5826634.126418692059815 ], [ -8088873.47171888500452, 5826632.850833646953106 ], [ -8088863.118320214562118, 5826632.320031323470175 ], [ -8088852.979242633096874, 5826629.324901387095451 ] ] ] } },
{ "type": "Feature", "properties": { "OBJECTID": 3926, "TYPE": "Chaussée désignée", "NOM": null, "V_VELOBOUC": "Non", "LONGUEUR": 124.51162902023493 }, "geometry": { "type": "MultiLineString", "coordinates": [ [ [ -8088852.979242633096874, 5826629.324901387095451 ], [ -8088850.678731037303805, 5826628.645314427092671 ], [ -8088836.950332082808018, 5826616.566356714814901 ], [ -8088721.489372601732612, 5826506.585182957351208 ] ] ] } },
{ "type": "Feature", "properties": { "OBJECTID": 3927, "TYPE": "Chaussée désignée", "NOM": null, "V_VELOBOUC": "Non", "LONGUEUR": 31.781028238764161 }, "geometry": { "type": "MultiLineString", "coordinates": [ [ [ -8088721.489372601732612, 5826506.585182957351208 ], [ -8088688.195160279981792, 5826474.870601144619286 ] ] ] } },
{ "type": "Feature", "properties": { "OBJECTID": 3928, "TYPE": "Chaussée désignée", "NOM": null, "V_VELOBOUC": "Non", "LONGUEUR": 116.33920088476467 }, "geometry": { "type": "MultiLineString", "coordinates": [ [ [ -8088688.195160279981792, 5826474.870601144619286 ], [ -8088566.318798437714577, 5826358.774503652006388 ] ] ] } },
{ "type": "Feature", "properties": { "OBJECTID": 3929, "TYPE": "Chaussée désignée", "NOM": null, "V_VELOBOUC": "Non", "LONGUEUR": 97.779137694506446 }, "geometry": { "type": "MultiLineString", "coordinates": [ [ [ -8088388.354157307185233, 5826179.89423899538815 ], [ -8088290.819108272902668, 5826077.399049973115325 ] ] ] } },
{ "type": "Feature", "properties": { "OBJECTID": 3932, "TYPE": "Bande cyclable (marquage)", "NOM": "Route Verte 5 (est-ouest)", "V_VELOBOUC": "Oui", "LONGUEUR": 165.69415900938262 }, "geometry": { "type": "MultiLineString", "coordinates": [ [ [ -8082093.736408679746091, 5831472.773176148533821 ], [ -8082048.654408732429147, 5831430.71490462962538 ], [ -8081917.849305102601647, 5831309.701965817250311 ] ] ] } },
{ "type": "Feature", "properties": { "OBJECTID": 3933, "TYPE": "Bande cyclable (marquage)", "NOM": "Route Verte 5 (est-ouest)", "V_VELOBOUC": "Oui", "LONGUEUR": 244.95430088621885 }, "geometry": { "type": "MultiLineString", "coordinates": [ [ [ -8081917.849305102601647, 5831309.701965817250311 ], [ -8081657.579047279432416, 5831068.905104264616966 ] ] ] } },
{ "type": "Feature", "properties": { "OBJECTID": 3934, "TYPE": "Chaussée désignée", "NOM": "Route Verte 5 (est-ouest)", "V_VELOBOUC": "Oui", "LONGUEUR": 234.45881155359675 }, "geometry": { "type": "MultiLineString", "coordinates": [ [ [ -8081657.579047279432416, 5831068.905104264616966 ], [ -8081408.473806185647845, 5830838.424611234106123 ] ] ] } },
{ "type": "Feature", "properties": { "OBJECTID": 3935, "TYPE": "Chaussée désignée", "NOM": "Route Verte 5 (est-ouest)", "V_VELOBOUC": "Oui", "LONGUEUR": 156.32291562103109 }, "geometry": { "type": "MultiLineString", "coordinates": [ [ [ -8081408.473806185647845, 5830838.424611234106123 ], [ -8081242.392744141630828, 5830684.753679372370243 ] ] ] } },
{ "type": "Feature", "properties": { "OBJECTID": 3936, "TYPE": "Chaussée désignée", "NOM": "Route Verte 5 (est-ouest)", "V_VELOBOUC": "Oui", "LONGUEUR": 75.479833838979815 }, "geometry": { "type": "MultiLineString", "coordinates": [ [ [ -8081242.392744141630828, 5830684.753679372370243 ], [ -8081162.203315462917089, 5830610.554174359887838 ] ] ] } },
{ "type": "Feature", "properties": { "OBJECTID": 3937, "TYPE": "Chaussée désignée", "NOM": "Route Verte 5 (est-ouest)", "V_VELOBOUC": "Oui", "LONGUEUR": 216.77507843526001 }, "geometry": { "type": "MultiLineString", "coordinates": [ [ [ -8081162.203315462917089, 5830610.554174359887838 ], [ -8080931.909916339442134, 5830397.455638008192182 ] ] ] } },
{ "type": "Feature", "properties": { "OBJECTID": 3938, "TYPE": "Chaussée désignée", "NOM": "Route Verte 5 (est-ouest)", "V_VELOBOUC": "Oui", "LONGUEUR": 101.78371529611822 }, "geometry": { "type": "MultiLineString", "coordinates": [ [ [ -8080931.909916339442134, 5830397.455638008192182 ], [ -8080823.782700657844543, 5830297.397901152260602 ] ] ] } },
{ "type": "Feature", "properties": { "OBJECTID": 3939, "TYPE": "Chaussée désignée", "NOM": "Route Verte 5 (est-ouest)", "V_VELOBOUC": "Oui", "LONGUEUR": 96.741219281131663 }, "geometry": { "type": "MultiLineString", "coordinates": [ [ [ -8080823.782700657844543, 5830297.397901152260602 ], [ -8080721.014505579136312, 5830202.296996504999697 ] ] ] } },
{ "type": "Feature", "properties": { "OBJECTID": 3940, "TYPE": "Chaussée désignée", "NOM": "Route Verte 5 (est-ouest)", "V_VELOBOUC": "Oui", "LONGUEUR": 103.00652930537947 }, "geometry": { "type": "MultiLineString", "coordinates": [ [ [ -8080721.014505579136312, 5830202.296996504999697 ], [ -8080611.593110083602369, 5830101.036827484145761 ] ] ] } },
{ "type": "Feature", "properties": { "OBJECTID": 3941, "TYPE": "Chaussée désignée", "NOM": "Route Verte 5 (est-ouest)", "V_VELOBOUC": "Oui", "LONGUEUR": 76.775475541529332 }, "geometry": { "type": "MultiLineString", "coordinates": [ [ [ -8080611.593110083602369, 5830101.036827484145761 ], [ -8080533.019173718988895, 5830028.321813111193478 ], [ -8080530.072320831008255, 5830025.52598107047379 ] ] ] } },
{ "type": "Feature", "properties": { "OBJECTID": 3942, "TYPE": "Chaussée désignée", "NOM": "Route Verte 5 (est-ouest)", "V_VELOBOUC": "Oui", "LONGUEUR": 98.340081596611086 }, "geometry": { "type": "MultiLineString", "coordinates": [ [ [ -8080530.072320831008255, 5830025.52598107047379 ], [ -8080426.816020051017404, 5829927.559779402799904 ] ] ] } },
{ "type": "Feature", "properties": { "OBJECTID": 3943, "TYPE": "Chaussée désignée", "NOM": "Route Verte 5 (est-ouest)", "V_VELOBOUC": "Oui", "LONGUEUR": 74.048751586952847 }, "geometry": { "type": "MultiLineString", "coordinates": [ [ [ -8080426.816020051017404, 5829927.559779402799904 ], [ -8080349.066932988353074, 5829853.792479955591261 ] ] ] } },
{ "type": "Feature", "properties": { "OBJECTID": 3944, "TYPE": "Bande cyclable (marquage)", "NOM": null, "V_VELOBOUC": "Non", "LONGUEUR": 65.738715215697866 }, "geometry": { "type": "MultiLineString", "coordinates": [ [ [ -8080258.917404526844621, 5829768.509830160066485 ], [ -8080336.670609834603965, 5829713.747172517701983 ] ] ] } },
{ "type": "Feature", "properties": { "OBJECTID": 3945, "TYPE": "Bande cyclable (marquage)", "NOM": null, "V_VELOBOUC": "Non", "LONGUEUR": 103.75726388264643 }, "geometry": { "type": "MultiLineString", "coordinates": [ [ [ -8080336.670609834603965, 5829713.747172517701983 ], [ -8080459.388719579204917, 5829627.312978623434901 ] ] ] } },
{ "type": "Feature", "properties": { "OBJECTID": 3946, "TYPE": "Bande cyclable (marquage)", "NOM": null, "V_VELOBOUC": "Non", "LONGUEUR": 85.149261256139212 }, "geometry": { "type": "MultiLineString", "coordinates": [ [ [ -8080459.388719579204917, 5829627.312978623434901 ], [ -8080560.096576169133186, 5829556.379372324794531 ] ] ] } },
{ "type": "Feature", "properties": { "OBJECTID": 3947, "TYPE": "Bande cyclable (marquage)", "NOM": null, "V_VELOBOUC": "Non", "LONGUEUR": 254.11299322711611 }, "geometry": { "type": "MultiLineString", "coordinates": [ [ [ -8080560.096576169133186, 5829556.379372324794531 ], [ -8080779.718665182590485, 5829401.682457808405161 ], [ -8080860.904688426293433, 5829345.078660136088729 ] ] ] } },
{ "type": "Feature", "properties": { "OBJECTID": 3948, "TYPE": "Bande cyclable (marquage)", "NOM": null, "V_VELOBOUC": "Non", "LONGUEUR": 130.45682134236429 }, "geometry": { "type": "MultiLineString", "coordinates": [ [ [ -8080860.904688426293433, 5829345.078660136088729 ], [ -8080869.659772147424519, 5829338.974449413828552 ], [ -8080922.498874249868095, 5829299.234308667480946 ], [ -8080984.565931063145399, 5829250.445676213130355 ], [ -8081010.010457950644195, 5829229.41552949976176 ] ] ] } },
{ "type": "Feature", "properties": { "OBJECTID": 3949, "TYPE": "Bande cyclable (marquage)", "NOM": null, "V_VELOBOUC": "Non", "LONGUEUR": 167.05858891051906 }, "geometry": { "type": "MultiLineString", "coordinates": [ [ [ -8081385.468578970991075, 5828948.319652494974434 ], [ -8081419.680658880621195, 5828928.327255746349692 ], [ -8081489.54437411390245, 5828890.068479970097542 ], [ -8081553.968198430724442, 5828859.396009417250752 ], [ -8081600.497819025069475, 5828838.689673863351345 ] ] ] } },
{ "type": "Feature", "properties": { "OBJECTID": 3950, "TYPE": "Bande cyclable (marquage)", "NOM": null, "V_VELOBOUC": "Non", "LONGUEUR": 80.675685933705509 }, "geometry": { "type": "MultiLineString", "coordinates": [ [ [ -8081010.010457950644195, 5829229.41552949976176 ], [ -8081093.402586909011006, 5829160.490364057943225 ], [ -8081100.026900878176093, 5829155.096136631444097 ] ] ] } },
{ "type": "Feature", "properties": { "OBJECTID": 3951, "TYPE": "Bande cyclable (marquage)", "NOM": null, "V_VELOBOUC": "Non", "LONGUEUR": 98.847852701693355 }, "geometry": { "type": "MultiLineString", "coordinates": [ [ [ -8080262.874150471761823, 5831089.943340179510415 ], [ -8080340.451029031537473, 5830995.270732969976962 ], [ -8080345.572579434141517, 5830975.142386780120432 ] ] ] } },
{ "type": "Feature", "properties": { "OBJECTID": 3952, "TYPE": "Bande cyclable (marquage)", "NOM": null, "V_VELOBOUC": "Non", "LONGUEUR": 195.65813223441276 }, "geometry": { "type": "MultiLineString", "coordinates": [ [ [ -8080345.572579434141517, 5830975.142386780120432 ], [ -8080373.50890683196485, 5830939.411107273772359 ], [ -8080428.20982819236815, 5830862.182181334123015 ], [ -8080480.218385857529938, 5830783.83731613215059 ], [ -8080505.95066000521183, 5830741.698262872174382 ] ] ] } },
{ "type": "Feature", "properties": { "OBJECTID": 3953, "TYPE": "Bande cyclable (marquage)", "NOM": null, "V_VELOBOUC": "Non", "LONGUEUR": 176.31439055532439 }, "geometry": { "type": "MultiLineString", "coordinates": [ [ [ -8080505.95066000521183, 5830741.698262872174382 ], [ -8080543.88060147408396, 5830679.583850129507482 ], [ -8080606.416286438703537, 5830555.514496122486889 ], [ -8080623.502557704225183, 5830515.238847113214433 ] ] ] } },
{ "type": "Feature", "properties": { "OBJECTID": 3954, "TYPE": "Bande cyclable (marquage)", "NOM": "Route Verte 5 (est-ouest)", "V_VELOBOUC": "Oui", "LONGUEUR": 42.62266175129141 }, "geometry": { "type": "MultiLineString", "coordinates": [ [ [ -8080258.917404526844621, 5829768.509830160066485 ], [ -8080208.639872360043228, 5829804.208533074706793 ] ] ] } },
{ "type": "Feature", "properties": { "OBJECTID": 3956, "TYPE": "Bande cyclable (marquage)", "NOM": "Route Verte 5 (est-ouest)", "V_VELOBOUC": "Oui", "LONGUEUR": 39.162336080130935 }, "geometry": { "type": "MultiLineString", "coordinates": [ [ [ -8080124.1681037414819, 5829864.185291891917586 ], [ -8080077.971369324252009, 5829896.985417744144797 ] ] ] } },
{ "type": "Feature", "properties": { "OBJECTID": 3957, "TYPE": "Bande cyclable (marquage)", "NOM": "Route Verte 5 (est-ouest)", "V_VELOBOUC": "Oui", "LONGUEUR": 65.015105400140257 }, "geometry": { "type": "MultiLineString", "coordinates": [ [ [ -8080077.971369324252009, 5829896.985417744144797 ], [ -8080077.116698876954615, 5829897.592230421490967 ], [ -8080002.657433451153338, 5829953.342827044427395 ] ] ] } },
{ "type": "Feature", "properties": { "OBJECTID": 3958, "TYPE": "Bande cyclable (marquage)", "NOM": "Route Verte 5 (est-ouest)", "V_VELOBOUC": "Oui", "LONGUEUR": 10.770821783004768 }, "geometry": { "type": "MultiLineString", "coordinates": [ [ [ -8080002.657433451153338, 5829953.342827044427395 ], [ -8079990.182918634265661, 5829962.68287768214941 ] ] ] } },
{ "type": "Feature", "properties": { "OBJECTID": 3959, "TYPE": "Bande cyclable (marquage)", "NOM": "Route Verte 5 (est-ouest)", "V_VELOBOUC": "Oui", "LONGUEUR": 74.536001461378547 }, "geometry": { "type": "MultiLineString", "coordinates": [ [ [ -8079990.182918634265661, 5829962.68287768214941 ], [ -8079903.856380508281291, 5830027.317519917152822 ] ] ] } },
{ "type": "Feature", "properties": { "OBJECTID": 3960, "TYPE": "Bande cyclable (marquage)", "NOM": "Route Verte 5 (est-ouest)", "V_VELOBOUC": "Oui", "LONGUEUR": 77.811021857474188 }, "geometry": { "type": "MultiLineString", "coordinates": [ [ [ -8079903.856380508281291, 5830027.317519917152822 ], [ -8079874.690860044211149, 5830049.15410546399653 ], [ -8079814.210892539471388, 5830095.423995458520949 ] ] ] } },
{ "type": "Feature", "properties": { "OBJECTID": 3961, "TYPE": "Bande cyclable (marquage)", "NOM": "Route Verte 5 (est-ouest)", "V_VELOBOUC": "Oui", "LONGUEUR": 70.111407724407158 }, "geometry": { "type": "MultiLineString", "coordinates": [ [ [ -8079814.210892539471388, 5830095.423995458520949 ], [ -8079743.017836737446487, 5830149.889018268324435 ], [ -8079733.946500104852021, 5830157.449776345863938 ] ] ] } },
{ "type": "Feature", "properties": { "OBJECTID": 3962, "TYPE": "Bande cyclable (marquage)", "NOM": "Route Verte 5 (est-ouest)", "V_VELOBOUC": "Oui", "LONGUEUR": 113.96328901163423 }, "geometry": { "type": "MultiLineString", "coordinates": [ [ [ -8079733.946500104852021, 5830157.449776345863938 ], [ -8079707.646254112012684, 5830179.37027177773416 ], [ -8079656.108270321041346, 5830223.891118333674967 ], [ -8079649.804053381085396, 5830229.530885294079781 ], [ -8079608.937040759250522, 5830265.019094040617347 ] ] ] } },
{ "type": "Feature", "properties": { "OBJECTID": 3963, "TYPE": "Bande cyclable (marquage)", "NOM": "Route Verte 5 (est-ouest)", "V_VELOBOUC": "Oui", "LONGUEUR": 104.22414552025606 }, "geometry": { "type": "MultiLineString", "coordinates": [ [ [ -8079608.937040759250522, 5830265.019094040617347 ], [ -8079584.219488766975701, 5830286.483230348676443 ], [ -8079537.895774578675628, 5830325.933028609491885 ], [ -8079494.676858666352928, 5830363.482098611071706 ] ] ] } },
{ "type": "Feature", "properties": { "OBJECTID": 3965, "TYPE": "Bande cyclable (marquage)", "NOM": "Route Verte 5 (est-ouest)", "V_VELOBOUC": "Oui", "LONGUEUR": 152.16130874951367 }, "geometry": { "type": "MultiLineString", "coordinates": [ [ [ -8078428.932761357165873, 5831192.223704564385116 ], [ -8078401.565432524308562, 5831213.203428802080452 ], [ -8078351.182721383869648, 5831252.548010530881584 ], [ -8078328.318289427086711, 5831269.320674823597074 ], [ -8078314.325586682185531, 5831278.878092532977462 ], [ -8078298.770277102477849, 5831288.694768838584423 ], [ -8078259.793614192865789, 5831310.56012533698231 ], [ -8078248.203703045845032, 5831317.216185346245766 ] ] ] } },
{ "type": "Feature", "properties": { "OBJECTID": 3966, "TYPE": "Chaussée désignée", "NOM": "Route Verte 5 (est-ouest)", "V_VELOBOUC": "Oui", "LONGUEUR": 153.61991819423176 }, "geometry": { "type": "MultiLineString", "coordinates": [ [ [ -8078254.432103085331619, 5831324.063220438547432 ], [ -8078278.456065522506833, 5831311.671419812366366 ], [ -8078287.662648036144674, 5831306.569964740425348 ], [ -8078303.411155404523015, 5831296.996869870461524 ], [ -8078314.928041153587401, 5831289.51396582275629 ], [ -8078329.769029815681279, 5831279.914623304270208 ], [ -8078358.379647967405617, 5831259.828545716591179 ], [ -8078385.633583273738623, 5831238.752236081287265 ], [ -8078430.579145177267492, 5831203.141921376809478 ], [ -8078438.227374147623777, 5831200.430666037835181 ] ] ] } },
{ "type": "Feature", "properties": { "OBJECTID": 3967, "TYPE": "Bande cyclable (marquage)", "NOM": "Route Verte 5 (est-ouest)", "V_VELOBOUC": "Oui", "LONGUEUR": 96.31306969362717 }, "geometry": { "type": "MultiLineString", "coordinates": [ [ [ -8078248.203703045845032, 5831317.216185346245766 ], [ -8078239.544811552390456, 5831322.188988151960075 ], [ -8078219.855537939816713, 5831333.42084920220077 ], [ -8078200.589071117341518, 5831345.252376708202064 ], [ -8078140.387213283218443, 5831390.944893592968583 ], [ -8078133.878081230446696, 5831396.435754384845495 ] ] ] } },
{ "type": "Feature", "properties": { "OBJECTID": 3968, "TYPE": "Chaussée désignée", "NOM": "Route Verte 5 (est-ouest)", "V_VELOBOUC": "Oui", "LONGUEUR": 96.187131227265226 }, "geometry": { "type": "MultiLineString", "coordinates": [ [ [ -8078140.155917036347091, 5831402.987575070001185 ], [ -8078145.456618671305478, 5831398.517877519130707 ], [ -8078206.543707817792892, 5831352.235376815311611 ], [ -8078223.066975745372474, 5831341.372483051382005 ], [ -8078251.849865644238889, 5831325.395158492028713 ], [ -8078254.432103085331619, 5831324.063220438547432 ] ] ] } },
{ "type": "Feature", "properties": { "OBJECTID": 3969, "TYPE": "Chaussée désignée", "NOM": "Route Verte 5 (est-ouest)", "V_VELOBOUC": "Oui", "LONGUEUR": 31.275831620857826 }, "geometry": { "type": "MultiLineString", "coordinates": [ [ [ -8078105.550028644502163, 5831432.168043291196227 ], [ -8078140.155917036347091, 5831402.987575070001185 ] ] ] } },
{ "type": "Feature", "properties": { "OBJECTID": 3970, "TYPE": "Bande cyclable (marquage)", "NOM": "Route Verte 5 (est-ouest)", "V_VELOBOUC": "Oui", "LONGUEUR": 31.562118352643093 }, "geometry": { "type": "MultiLineString", "coordinates": [ [ [ -8078133.878081230446696, 5831396.435754384845495 ], [ -8078098.961231147870421, 5831425.890206946060061 ] ] ] } },
{ "type": "Feature", "properties": { "OBJECTID": 3971, "TYPE": "Chaussée désignée", "NOM": "Route Verte 5 (est-ouest)", "V_VELOBOUC": "Oui", "LONGUEUR": 21.787509534277596 }, "geometry": { "type": "MultiLineString", "coordinates": [ [ [ -8078081.420499232597649, 5831452.469435033388436 ], [ -8078095.708381100557745, 5831440.46669364720583 ], [ -8078105.550028644502163, 5831432.168043291196227 ] ] ] } },
{ "type": "Feature", "properties": { "OBJECTID": 3972, "TYPE": "Bande cyclable (marquage)", "NOM": "Route Verte 5 (est-ouest)", "V_VELOBOUC": "Oui", "LONGUEUR": 21.731097100924234 }, "geometry": { "type": "MultiLineString", "coordinates": [ [ [ -8078098.961231147870421, 5831425.890206946060061 ], [ -8078094.507290092296898, 5831429.647355584427714 ], [ -8078074.792169786058366, 5831446.016136950813234 ] ] ] } },
{ "type": "Feature", "properties": { "OBJECTID": 3973, "TYPE": "Chaussée désignée", "NOM": "Route Verte 5 (est-ouest)", "V_VELOBOUC": "Oui", "LONGUEUR": 66.957490704568357 }, "geometry": { "type": "MultiLineString", "coordinates": [ [ [ -8078007.010338015854359, 5831514.553585887886584 ], [ -8078016.071633127517998, 5831507.055077149532735 ], [ -8078058.92612543143332, 5831471.366038958542049 ], [ -8078081.420499232597649, 5831452.469435033388436 ] ] ] } },
{ "type": "Feature", "properties": { "OBJECTID": 3974, "TYPE": "Bande cyclable (marquage)", "NOM": "Route Verte 5 (est-ouest)", "V_VELOBOUC": "Oui", "LONGUEUR": 67.120750301199948 }, "geometry": { "type": "MultiLineString", "coordinates": [ [ [ -8078074.792169786058366, 5831446.016136950813234 ], [ -8078032.657576966099441, 5831480.998803591355681 ], [ -8077999.637822510674596, 5831507.562324640341103 ] ] ] } },
{ "type": "Feature", "properties": { "OBJECTID": 3975, "TYPE": "Bande cyclable (marquage)", "NOM": "Route Verte 5 (est-ouest)", "V_VELOBOUC": "Oui", "LONGUEUR": 36.178280071244949 }, "geometry": { "type": "MultiLineString", "coordinates": [ [ [ -8077999.637822510674596, 5831507.562324640341103 ], [ -8077997.873245001770556, 5831508.981870783492923 ], [ -8077959.593492521904409, 5831541.300087506882846 ] ] ] } },
{ "type": "Feature", "properties": { "OBJECTID": 3976, "TYPE": "Chaussée désignée", "NOM": "Route Verte 5 (est-ouest)", "V_VELOBOUC": "Oui", "LONGUEUR": 35.888243617374201 }, "geometry": { "type": "MultiLineString", "coordinates": [ [ [ -8077966.993782766163349, 5831547.668414489366114 ], [ -8078007.010338015854359, 5831514.553585887886584 ] ] ] } },
{ "type": "Feature", "properties": { "OBJECTID": 3977, "TYPE": "Chaussée désignée", "NOM": "Route Verte 5 (est-ouest)", "V_VELOBOUC": "Oui", "LONGUEUR": 74.096958707526795 }, "geometry": { "type": "MultiLineString", "coordinates": [ [ [ -8077884.824761789292097, 5831616.5531683024019 ], [ -8077903.488765330985188, 5831599.742145494557917 ], [ -8077961.910914524458349, 5831551.874585558660328 ], [ -8077966.993782766163349, 5831547.668414489366114 ] ] ] } },
{ "type": "Feature", "properties": { "OBJECTID": 3978, "TYPE": "Bande cyclable (marquage)", "NOM": "Route Verte 5 (est-ouest)", "V_VELOBOUC": "Oui", "LONGUEUR": 73.505993826618393 }, "geometry": { "type": "MultiLineString", "coordinates": [ [ [ -8077959.593492521904409, 5831541.300087506882846 ], [ -8077931.046261156909168, 5831565.401297997683287 ], [ -8077905.102713434025645, 5831586.975109960883856 ], [ -8077880.308360829949379, 5831606.806909545324743 ], [ -8077877.61266906093806, 5831609.092675611376762 ] ] ] } },
{ "type": "Feature", "properties": { "OBJECTID": 3979, "TYPE": "Bande cyclable (marquage)", "NOM": "Route Verte 5 (est-ouest)", "V_VELOBOUC": "Oui", "LONGUEUR": 43.604456594367264 }, "geometry": { "type": "MultiLineString", "coordinates": [ [ [ -8077877.61266906093806, 5831609.092675611376762 ], [ -8077853.022346139885485, 5831629.943303441628814 ], [ -8077830.746999736875296, 5831651.327168874442577 ] ] ] } },
{ "type": "Feature", "properties": { "OBJECTID": 3980, "TYPE": "Chaussée désignée", "NOM": "Route Verte 5 (est-ouest)", "V_VELOBOUC": "Oui", "LONGUEUR": 43.130585399958235 }, "geometry": { "type": "MultiLineString", "coordinates": [ [ [ -8077837.48639205750078, 5831657.225131502375007 ], [ -8077857.876824309118092, 5831638.757651374675333 ], [ -8077884.824761789292097, 5831616.5531683024019 ] ] ] } },
{ "type": "Feature", "properties": { "OBJECTID": 3981, "TYPE": "Bande cyclable (marquage)", "NOM": "Route Verte 5 (est-ouest)", "V_VELOBOUC": "Oui", "LONGUEUR": 49.497275819266562 }, "geometry": { "type": "MultiLineString", "coordinates": [ [ [ -8077830.746999736875296, 5831651.327168874442577 ], [ -8077797.221564288251102, 5831683.510607867501676 ], [ -8077779.608521541580558, 5831701.513255113735795 ] ] ] } },
{ "type": "Feature", "properties": { "OBJECTID": 3982, "TYPE": "Chaussée désignée", "NOM": "Route Verte 5 (est-ouest)", "V_VELOBOUC": "Oui", "LONGUEUR": 49.730482060893728 }, "geometry": { "type": "MultiLineString", "coordinates": [ [ [ -8077786.217940461821854, 5831707.747538454830647 ], [ -8077825.90781840402633, 5831667.711726386100054 ], [ -8077837.48639205750078, 5831657.225131502375007 ] ] ] } },
{ "type": "Feature", "properties": { "OBJECTID": 3983, "TYPE": "Chaussée désignée", "NOM": "Route Verte 5 (est-ouest)", "V_VELOBOUC": "Oui", "LONGUEUR": 112.89527103104906 }, "geometry": { "type": "MultiLineString", "coordinates": [ [ [ -8077672.840258843265474, 5831825.48749319370836 ], [ -8077681.167460318654776, 5831817.107684552669525 ], [ -8077728.426004667766392, 5831767.776592658832669 ], [ -8077748.995009605772793, 5831746.119411010295153 ], [ -8077776.122303268872201, 5831717.931101106107235 ], [ -8077786.217940461821854, 5831707.747538454830647 ] ] ] } },
{ "type": "Feature", "properties": { "OBJECTID": 3984, "TYPE": "Bande cyclable (marquage)", "NOM": "Route Verte 5 (est-ouest)", "V_VELOBOUC": "Oui", "LONGUEUR": 112.85940919841831 }, "geometry": { "type": "MultiLineString", "coordinates": [ [ [ -8077779.608521541580558, 5831701.513255113735795 ], [ -8077738.062286721542478, 5831743.97817762196064 ], [ -8077665.078533524647355, 5831818.057363136671484 ] ] ] } },
{ "type": "Feature", "properties": { "OBJECTID": 4252, "TYPE": "Accotement asphalté", "NOM": null, "V_VELOBOUC": "Non", "LONGUEUR": 400.16501237592166 }, "geometry": { "type": "MultiLineString", "coordinates": [ [ [ -8090435.121028096415102, 5841197.719864764250815 ], [ -8090437.848881853744388, 5841218.409559363499284 ], [ -8090441.998971580527723, 5841242.843872022815049 ], [ -8090448.661401031538844, 5841264.999765664339066 ], [ -8090458.964863609522581, 5841286.809556276537478 ], [ -8090472.530529969371855, 5841307.885143073275685 ], [ -8090492.963618363253772, 5841331.336958485655487 ], [ -8090526.870673908852041, 5841366.260599983856082 ], [ -8090615.743132874369621, 5841454.764798265881836 ], [ -8090714.48239659704268, 5841552.014318096451461 ], [ -8090798.211517780087888, 5841635.686929721385241 ] ] ] } },
{ "type": "Feature", "properties": { "OBJECTID": 4652, "TYPE": "Bande cyclable (marquage)", "NOM": null, "V_VELOBOUC": "Non", "LONGUEUR": 154.11409211168541 }, "geometry": { "type": "MultiLineString", "coordinates": [ [ [ -8082259.730446998029947, 5833059.20048441644758 ], [ -8082272.7390401288867, 5833045.19212625734508 ], [ -8082300.287962213158607, 5833021.037775192409754 ], [ -8082330.445504649542272, 5832999.588849653489888 ], [ -8082354.454346130602062, 5832986.278926049359143 ], [ -8082378.538569502532482, 5832975.3584916703403 ], [ -8082401.114451629109681, 5832966.768111927434802 ], [ -8082421.460396294482052, 5832960.395623439922929 ], [ -8082450.508840872906148, 5832950.005538231693208 ] ] ] } },
{ "type": "Feature", "properties": { "OBJECTID": 4653, "TYPE": "Bande cyclable (marquage)", "NOM": null, "V_VELOBOUC": "Non", "LONGUEUR": 25.017682881567755 }, "geometry": { "type": "MultiLineString", "coordinates": [ [ [ -8082450.508840872906148, 5832950.005538231693208 ], [ -8082457.070117427036166, 5832947.65867523662746 ], [ -8082470.649510921910405, 5832941.442832361906767 ], [ -8082482.660748082213104, 5832933.703556281514466 ] ] ] } },
{ "type": "Feature", "properties": { "OBJECTID": 4654, "TYPE": "Bande cyclable (marquage)", "NOM": null, "V_VELOBOUC": "Non", "LONGUEUR": 144.00878344219149 }, "geometry": { "type": "MultiLineString", "coordinates": [ [ [ -8083464.503916167654097, 5833842.184354578144848 ], [ -8083606.025717373937368, 5833688.977280715480447 ] ] ] } },
{ "type": "Feature", "properties": { "OBJECTID": 4655, "TYPE": "Bande cyclable (marquage)", "NOM": null, "V_VELOBOUC": "Non", "LONGUEUR": 102.94461568315509 }, "geometry": { "type": "MultiLineString", "coordinates": [ [ [ -8083363.334124346263707, 5833951.704564870335162 ], [ -8083464.503916167654097, 5833842.184354578144848 ] ] ] } },
{ "type": "Feature", "properties": { "OBJECTID": 4656, "TYPE": "Bande cyclable (marquage)", "NOM": null, "V_VELOBOUC": "Non", "LONGUEUR": 63.374319878332813 }, "geometry": { "type": "MultiLineString", "coordinates": [ [ [ -8083301.051157968118787, 5834019.126993710175157 ], [ -8083363.334124346263707, 5833951.704564870335162 ] ] ] } },
{ "type": "Feature", "properties": { "OBJECTID": 4659, "TYPE": "Bande cyclable (marquage)", "NOM": null, "V_VELOBOUC": "Non", "LONGUEUR": 125.37436077595707 }, "geometry": { "type": "MultiLineString", "coordinates": [ [ [ -8082875.508776715956628, 5834481.234269231557846 ], [ -8082913.523558824323118, 5834441.238047602586448 ], [ -8082998.69194957613945, 5834347.821021250449121 ] ] ] } },
{ "type": "Feature", "properties": { "OBJECTID": 4660, "TYPE": "Bande cyclable (marquage)", "NOM": null, "V_VELOBOUC": "Non", "LONGUEUR": 34.896624143676135 }, "geometry": { "type": "MultiLineString", "coordinates": [ [ [ -8082840.688490501604974, 5834517.869205106981099 ], [ -8082875.508776715956628, 5834481.234269231557846 ] ] ] } },
{ "type": "Feature", "properties": { "OBJECTID": 4661, "TYPE": "Accotement asphalté", "NOM": null, "V_VELOBOUC": "Non", "LONGUEUR": 400.00002198260955 }, "geometry": { "type": "MultiLineString", "coordinates": [ [ [ -8085609.514970179647207, 5839701.382978891022503 ], [ -8086025.338127933442593, 5840105.182839449495077 ] ] ] } },
{ "type": "Feature", "properties": { "OBJECTID": 4664, "TYPE": "Bande cyclable (marquage)", "NOM": null, "V_VELOBOUC": "Non", "LONGUEUR": 117.68993874182969 }, "geometry": { "type": "MultiLineString", "coordinates": [ [ [ -8082870.739922169595957, 5834889.124776952899992 ], [ -8082760.179554502479732, 5834759.339516909793019 ] ] ] } },
{ "type": "Feature", "properties": { "OBJECTID": 4665, "TYPE": "Bande cyclable (marquage)", "NOM": null, "V_VELOBOUC": "Non", "LONGUEUR": 91.703520995516399 }, "geometry": { "type": "MultiLineString", "coordinates": [ [ [ -8082957.361508619040251, 5834989.837534729391336 ], [ -8082944.623518064618111, 5834975.781698330305517 ], [ -8082925.649718093685806, 5834953.581372232176363 ], [ -8082870.739922169595957, 5834889.124776952899992 ] ] ] } },
{ "type": "Feature", "properties": { "OBJECTID": 4666, "TYPE": "Bande cyclable (marquage)", "NOM": null, "V_VELOBOUC": "Non", "LONGUEUR": 235.04850550782118 }, "geometry": { "type": "MultiLineString", "coordinates": [ [ [ -8083209.498005533590913, 5835218.303507400676608 ], [ -8083066.579438124783337, 5835093.984224140644073 ], [ -8083021.80887851677835, 5835052.447500769048929 ], [ -8082965.808480904437602, 5834999.15840698312968 ], [ -8082957.361508619040251, 5834989.837534729391336 ] ] ] } },
{ "type": "Feature", "properties": { "OBJECTID": 4667, "TYPE": "Bande cyclable (marquage)", "NOM": null, "V_VELOBOUC": "Non", "LONGUEUR": 113.08585794548215 }, "geometry": { "type": "MultiLineString", "coordinates": [ [ [ -8083320.292491740547121, 5835337.639437246136367 ], [ -8083308.112240672111511, 5835317.525275503285229 ], [ -8083296.67700329516083, 5835302.282663273625076 ], [ -8083279.754319649189711, 5835282.669443674385548 ], [ -8083268.405535040423274, 5835271.026350262574852 ], [ -8083251.749897945672274, 5835255.056011194363236 ], [ -8083209.498005533590913, 5835218.303507400676608 ] ] ] } },
{ "type": "Feature", "properties": { "OBJECTID": 4668, "TYPE": "Bande cyclable (marquage)", "NOM": null, "V_VELOBOUC": "Non", "LONGUEUR": 137.21282265946172 }, "geometry": { "type": "MultiLineString", "coordinates": [ [ [ -8083371.994505553506315, 5835527.273682428523898 ], [ -8083371.8332563880831, 5835514.28162008151412 ], [ -8083370.447305209934711, 5835494.458712964318693 ], [ -8083367.930223803967237, 5835473.126056780107319 ], [ -8083363.164515898562968, 5835447.564917156472802 ], [ -8083358.21830596961081, 5835426.481921726837754 ], [ -8083352.740553434938192, 5835407.858797862194479 ], [ -8083347.85142198484391, 5835393.370869807898998 ], [ -8083341.447298645973206, 5835377.48392191156745 ], [ -8083330.304962020367384, 5835354.173746258951724 ], [ -8083320.292491740547121, 5835337.639437246136367 ] ] ] } },
{ "type": "Feature", "properties": { "OBJECTID": 4669, "TYPE": "Bande cyclable (marquage)", "NOM": null, "V_VELOBOUC": "Non", "LONGUEUR": 74.654837363780388 }, "geometry": { "type": "MultiLineString", "coordinates": [ [ [ -8083370.601171074435115, 5836008.909674811176956 ], [ -8083370.95459190197289, 5835900.600638259202242 ] ] ] } },
{ "type": "Feature", "properties": { "OBJECTID": 4670, "TYPE": "Bande cyclable (marquage)", "NOM": null, "V_VELOBOUC": "Non", "LONGUEUR": 270.25751297675708 }, "geometry": { "type": "MultiLineString", "coordinates": [ [ [ -8083276.889105945825577, 5836379.292313314974308 ], [ -8083284.441787187941372, 5836367.018354668281972 ], [ -8083304.935098673216999, 5836327.476424251683056 ], [ -8083351.885495580732822, 5836234.589175364002585 ], [ -8083360.88601877912879, 5836214.988039083778858 ], [ -8083366.383505838923156, 5836200.711293175816536 ], [ -8083369.390970745123923, 5836184.093687266111374 ], [ -8083370.601171074435115, 5836008.909674811176956 ] ] ] } },
{ "type": "Feature", "properties": { "OBJECTID": 4671, "TYPE": "Bande cyclable (marquage)", "NOM": null, "V_VELOBOUC": "Non", "LONGUEUR": 55.204347546009323 }, "geometry": { "type": "MultiLineString", "coordinates": [ [ [ -8083227.702898040413857, 5836442.088272565044463 ], [ -8083237.585199089720845, 5836431.860315892845392 ], [ -8083251.617696785368025, 5836415.77887568064034 ], [ -8083267.028064831160009, 5836395.317650767043233 ], [ -8083276.889105945825577, 5836379.292313314974308 ] ] ] } },
{ "type": "Feature", "properties": { "OBJECTID": 4673, "TYPE": "Bande cyclable (marquage)", "NOM": null, "V_VELOBOUC": "Non", "LONGUEUR": 74.210286317367249 }, "geometry": { "type": "MultiLineString", "coordinates": [ [ [ -8082872.13607663474977, 5836796.709951906464994 ], [ -8082948.320999797433615, 5836720.866126630455256 ] ] ] } },
{ "type": "Feature", "properties": { "OBJECTID": 4674, "TYPE": "Bande cyclable (marquage)", "NOM": null, "V_VELOBOUC": "Non", "LONGUEUR": 116.73370019300614 }, "geometry": { "type": "MultiLineString", "coordinates": [ [ [ -8083208.466379539109766, 5837375.630493456497788 ], [ -8083181.835196195170283, 5837357.456932444125414 ], [ -8083166.650426907464862, 5837349.799218798987567 ], [ -8083058.60604024771601, 5837298.256362207233906 ] ] ] } },
{ "type": "Feature", "properties": { "OBJECTID": 4675, "TYPE": "Bande cyclable (marquage)", "NOM": null, "V_VELOBOUC": "Non", "LONGUEUR": 33.8068720697527 }, "geometry": { "type": "MultiLineString", "coordinates": [ [ [ -8082717.411763298325241, 5837019.827873366884887 ], [ -8082683.675889256410301, 5836984.320700954645872 ] ] ] } },
{ "type": "Feature", "properties": { "OBJECTID": 4676, "TYPE": "Bande cyclable (marquage)", "NOM": null, "V_VELOBOUC": "Non", "LONGUEUR": 68.716371376900611 }, "geometry": { "type": "MultiLineString", "coordinates": [ [ [ -8082785.984690717421472, 5837092.000315940007567 ], [ -8082717.411763298325241, 5837019.827873366884887 ] ] ] } },
{ "type": "Feature", "properties": { "OBJECTID": 4677, "TYPE": "Bande cyclable (marquage)", "NOM": null, "V_VELOBOUC": "Non", "LONGUEUR": 48.426846143716467 }, "geometry": { "type": "MultiLineString", "coordinates": [ [ [ -8082835.387709005735815, 5837141.796327768824995 ], [ -8082826.368005986325443, 5837133.341049013659358 ], [ -8082789.33825570717454, 5837095.529881949536502 ], [ -8082785.984690717421472, 5837092.000315940007567 ] ] ] } },
{ "type": "Feature", "properties": { "OBJECTID": 4678, "TYPE": "Bande cyclable (marquage)", "NOM": null, "V_VELOBOUC": "Non", "LONGUEUR": 49.502152987125555 }, "geometry": { "type": "MultiLineString", "coordinates": [ [ [ -8082888.505225910805166, 5837189.928182791918516 ], [ -8082870.177244361490011, 5837174.408634354360402 ], [ -8082835.387709005735815, 5837141.796327768824995 ] ] ] } },
{ "type": "Feature", "properties": { "OBJECTID": 4679, "TYPE": "Bande cyclable (marquage)", "NOM": null, "V_VELOBOUC": "Non", "LONGUEUR": 129.47014029790833 }, "geometry": { "type": "MultiLineString", "coordinates": [ [ [ -8083045.128745684400201, 5837291.826856154948473 ], [ -8082996.707034618593752, 5837266.952359522692859 ], [ -8082962.974627434276044, 5837246.127561902627349 ], [ -8082935.155430842190981, 5837227.000827197916806 ], [ -8082903.756778255105019, 5837202.842620058916509 ], [ -8082888.505225910805166, 5837189.928182791918516 ] ] ] } },
{ "type": "Feature", "properties": { "OBJECTID": 4680, "TYPE": "Bande cyclable (marquage)", "NOM": null, "V_VELOBOUC": "Non", "LONGUEUR": 10.31785521474788 }, "geometry": { "type": "MultiLineString", "coordinates": [ [ [ -8083058.60604024771601, 5837298.256362207233906 ], [ -8083045.128745684400201, 5837291.826856154948473 ] ] ] } },
{ "type": "Feature", "properties": { "OBJECTID": 4681, "TYPE": "Bande cyclable (marquage)", "NOM": null, "V_VELOBOUC": "Non", "LONGUEUR": 38.85937125598781 }, "geometry": { "type": "MultiLineString", "coordinates": [ [ [ -8083241.759696576744318, 5837419.669038309715688 ], [ -8083235.440088048577309, 5837413.186569398269057 ], [ -8083215.752475593239069, 5837394.055878516286612 ], [ -8083208.466379539109766, 5837375.630493456497788 ] ] ] } },
{ "type": "Feature", "properties": { "OBJECTID": 4682, "TYPE": "Bande cyclable (marquage)", "NOM": null, "V_VELOBOUC": "Non", "LONGUEUR": 39.001609200347339 }, "geometry": { "type": "MultiLineString", "coordinates": [ [ [ -8082683.675889256410301, 5836984.320700954645872 ], [ -8082665.82561771851033, 5836965.533143480308354 ], [ -8082644.160530210472643, 5836943.943234049715102 ] ] ] } },
{ "type": "Feature", "properties": { "OBJECTID": 4685, "TYPE": "Bande cyclable (marquage)", "NOM": null, "V_VELOBOUC": "Non", "LONGUEUR": 381.70603684074905 }, "geometry": { "type": "MultiLineString", "coordinates": [ [ [ -8082344.916332031600177, 5836639.66075090225786 ], [ -8082297.618984852917492, 5836591.199473335407674 ], [ -8082224.991156762465835, 5836518.080822957679629 ], [ -8082199.40392788220197, 5836493.097241429612041 ], [ -8082175.468214932829142, 5836470.988815576769412 ], [ -8082155.796629194170237, 5836454.549189041368663 ], [ -8082129.032742976211011, 5836433.998430460691452 ], [ -8082099.91041146311909, 5836413.579707781784236 ], [ -8082052.460858873091638, 5836381.96099897287786 ], [ -8082005.22156198695302, 5836349.211628441698849 ], [ -8081980.404651984572411, 5836330.655535480938852 ], [ -8081953.390169087797403, 5836309.044509856961668 ], [ -8081924.302020045928657, 5836283.628807879984379 ] ] ] } },
{ "type": "Feature", "properties": { "OBJECTID": 4686, "TYPE": "Bande cyclable (marquage)", "NOM": null, "V_VELOBOUC": "Non", "LONGUEUR": 287.5843190730094 }, "geometry": { "type": "MultiLineString", "coordinates": [ [ [ -8081924.302020045928657, 5836283.628807879984379 ], [ -8081913.4514139899984, 5836274.14806326571852 ], [ -8081848.816340469755232, 5836210.496030699461699 ], [ -8081824.549143626354635, 5836186.02928588539362 ], [ -8081681.355553906410933, 5836031.217708601616323 ], [ -8081635.3288096440956, 5835983.740168353542686 ] ] ] } },
{ "type": "Feature", "properties": { "OBJECTID": 4687, "TYPE": "Bande cyclable (marquage)", "NOM": null, "V_VELOBOUC": "Non", "LONGUEUR": 211.9743034082268 }, "geometry": { "type": "MultiLineString", "coordinates": [ [ [ -8081635.3288096440956, 5835983.740168353542686 ], [ -8081614.122745326720178, 5835961.865485175512731 ], [ -8081484.877199541777372, 5835832.890469801612198 ], [ -8081419.549018662422895, 5835765.320491217076778 ] ] ] } },
{ "type": "Feature", "properties": { "OBJECTID": 4688, "TYPE": "Bande cyclable (marquage)", "NOM": null, "V_VELOBOUC": "Non", "LONGUEUR": 52.055904508832114 }, "geometry": { "type": "MultiLineString", "coordinates": [ [ [ -8081419.549018662422895, 5835765.320491217076778 ], [ -8081388.940972176380455, 5835733.661745578050613 ], [ -8081367.27531794924289, 5835710.976738213561475 ] ] ] } },
{ "type": "Feature", "properties": { "OBJECTID": 4689, "TYPE": "Bande cyclable (marquage)", "NOM": null, "V_VELOBOUC": "Non", "LONGUEUR": 124.15283134333366 }, "geometry": { "type": "MultiLineString", "coordinates": [ [ [ -8081367.27531794924289, 5835710.976738213561475 ], [ -8081243.066429059021175, 5835580.921902602538466 ] ] ] } },
{ "type": "Feature", "properties": { "OBJECTID": 4690, "TYPE": "Bande cyclable (marquage)", "NOM": null, "V_VELOBOUC": "Non", "LONGUEUR": 128.67000082825493 }, "geometry": { "type": "MultiLineString", "coordinates": [ [ [ -8081243.066429059021175, 5835580.921902602538466 ], [ -8081114.342196309939027, 5835446.135341060347855 ] ] ] } },
{ "type": "Feature", "properties": { "OBJECTID": 4691, "TYPE": "Bande cyclable (marquage)", "NOM": null, "V_VELOBOUC": "Non", "LONGUEUR": 74.731214727665844 }, "geometry": { "type": "MultiLineString", "coordinates": [ [ [ -8081114.342196309939027, 5835446.135341060347855 ], [ -8081039.581266174092889, 5835367.851750874891877 ] ] ] } },
{ "type": "Feature", "properties": { "OBJECTID": 4692, "TYPE": "Bande cyclable (marquage)", "NOM": null, "V_VELOBOUC": "Non", "LONGUEUR": 238.76534640599149 }, "geometry": { "type": "MultiLineString", "coordinates": [ [ [ -8081039.581266174092889, 5835367.851750874891877 ], [ -8080800.729899468831718, 5835117.736999731510878 ] ] ] } },
{ "type": "Feature", "properties": { "OBJECTID": 4693, "TYPE": "Chaussée désignée", "NOM": null, "V_VELOBOUC": "Non", "LONGUEUR": 79.246003484611919 }, "geometry": { "type": "MultiLineString", "coordinates": [ [ [ -8080884.64113995898515, 5835039.448217863216996 ], [ -8080800.729899468831718, 5835117.736999731510878 ] ] ] } },
{ "type": "Feature", "properties": { "OBJECTID": 4694, "TYPE": "Chaussée désignée", "NOM": null, "V_VELOBOUC": "Non", "LONGUEUR": 124.95081474574306 }, "geometry": { "type": "MultiLineString", "coordinates": [ [ [ -8081016.944835504516959, 5834916.00644104462117 ], [ -8080884.64113995898515, 5835039.448217863216996 ] ] ] } },
{ "type": "Feature", "properties": { "OBJECTID": 4695, "TYPE": "Chaussée désignée", "NOM": null, "V_VELOBOUC": "Non", "LONGUEUR": 102.37352547120196 }, "geometry": { "type": "MultiLineString", "coordinates": [ [ [ -8081161.625798106193542, 5834853.274741651490331 ], [ -8081178.767235380597413, 5834860.855653150007129 ], [ -8081271.316624355502427, 5834859.857464312575758 ], [ -8081308.028573897667229, 5834858.367903549224138 ] ] ] } },
{ "type": "Feature", "properties": { "OBJECTID": 4696, "TYPE": "Bande cyclable (marquage)", "NOM": null, "V_VELOBOUC": "Non", "LONGUEUR": 262.49698502921797 }, "geometry": { "type": "MultiLineString", "coordinates": [ [ [ -8084483.046278181485832, 5838607.37769953161478 ], [ -8084291.031239871867001, 5838419.759433470666409 ], [ -8084210.791651163250208, 5838341.829155552200973 ] ] ] } },
{ "type": "Feature", "properties": { "OBJECTID": 4697, "TYPE": "Bande cyclable (marquage)", "NOM": null, "V_VELOBOUC": "Non", "LONGUEUR": 47.024875927039105 }, "geometry": { "type": "MultiLineString", "coordinates": [ [ [ -8084210.791651163250208, 5838341.829155552200973 ], [ -8084184.145194824784994, 5838315.94928340613842 ], [ -8084161.953165467828512, 5838294.327059931121767 ] ] ] } },
{ "type": "Feature", "properties": { "OBJECTID": 4701, "TYPE": "Bande cyclable (marquage)", "NOM": null, "V_VELOBOUC": "Non", "LONGUEUR": 131.93467310998474 }, "geometry": { "type": "MultiLineString", "coordinates": [ [ [ -8084284.016735075041652, 5838879.48404576908797 ], [ -8084300.184146489016712, 5838863.40990789514035 ], [ -8084310.027695688419044, 5838853.312469243071973 ], [ -8084318.274188128300011, 5838844.026585262268782 ], [ -8084324.63396312482655, 5838836.589956946671009 ], [ -8084329.235268634743989, 5838830.669760212302208 ], [ -8084334.251776481047273, 5838823.544614206068218 ], [ -8084337.759830764494836, 5838817.842744675464928 ], [ -8084387.451550908386707, 5838729.404115038923919 ], [ -8084391.460318489000201, 5838722.689110753126442 ] ] ] } },
{ "type": "Feature", "properties": { "OBJECTID": 4702, "TYPE": "Bande cyclable (marquage)", "NOM": null, "V_VELOBOUC": "Non", "LONGUEUR": 38.288118097410454 }, "geometry": { "type": "MultiLineString", "coordinates": [ [ [ -8084244.67481938842684, 5838918.598728947341442 ], [ -8084284.016735075041652, 5838879.48404576908797 ] ] ] } },
{ "type": "Feature", "properties": { "OBJECTID": 4703, "TYPE": "Bande cyclable (marquage)", "NOM": null, "V_VELOBOUC": "Non", "LONGUEUR": 73.142963869060054 }, "geometry": { "type": "MultiLineString", "coordinates": [ [ [ -8084169.517802930437028, 5838993.320700887590647 ], [ -8084244.67481938842684, 5838918.598728947341442 ] ] ] } },
{ "type": "Feature", "properties": { "OBJECTID": 4704, "TYPE": "Bande cyclable (marquage)", "NOM": null, "V_VELOBOUC": "Non", "LONGUEUR": 51.345432941601715 }, "geometry": { "type": "MultiLineString", "coordinates": [ [ [ -8084116.871393665671349, 5839045.88871418312192 ], [ -8084131.851339397951961, 5839030.76867450773716 ], [ -8084169.517802930437028, 5838993.320700887590647 ] ] ] } },
{ "type": "Feature", "properties": { "OBJECTID": 4705, "TYPE": "Bande cyclable (marquage)", "NOM": null, "V_VELOBOUC": "Non", "LONGUEUR": 88.422425822914121 }, "geometry": { "type": "MultiLineString", "coordinates": [ [ [ -8084053.254530244506896, 5839155.125892386771739 ], [ -8084064.41747818980366, 5839122.910019285045564 ], [ -8084069.693119931034744, 5839109.965634448453784 ], [ -8084074.947733961045742, 5839098.657203566282988 ], [ -8084080.80121052917093, 5839088.584364904090762 ], [ -8084089.012124380096793, 5839076.699893267825246 ], [ -8084094.52334057725966, 5839069.651609343476593 ], [ -8084104.292141594924033, 5839058.585538832470775 ], [ -8084116.871393665671349, 5839045.88871418312192 ] ] ] } },
{ "type": "Feature", "properties": { "OBJECTID": 4706, "TYPE": "Bande cyclable (marquage)", "NOM": null, "V_VELOBOUC": "Non", "LONGUEUR": 121.63775249257526 }, "geometry": { "type": "MultiLineString", "coordinates": [ [ [ -8083995.474110148847103, 5839321.876017808914185 ], [ -8084053.254530244506896, 5839155.125892386771739 ] ] ] } },
{ "type": "Feature", "properties": { "OBJECTID": 4707, "TYPE": "Bande cyclable (marquage)", "NOM": null, "V_VELOBOUC": "Non", "LONGUEUR": 41.633697773295673 }, "geometry": { "type": "MultiLineString", "coordinates": [ [ [ -8083975.696735533885658, 5839378.951225698925555 ], [ -8083995.474110148847103, 5839321.876017808914185 ] ] ] } },
{ "type": "Feature", "properties": { "OBJECTID": 4708, "TYPE": "Bande cyclable (marquage)", "NOM": null, "V_VELOBOUC": "Non", "LONGUEUR": 34.9308138047287 }, "geometry": { "type": "MultiLineString", "coordinates": [ [ [ -8083959.10326821077615, 5839426.837770864367485 ], [ -8083975.696735533885658, 5839378.951225698925555 ] ] ] } },
{ "type": "Feature", "properties": { "OBJECTID": 4709, "TYPE": "Bande cyclable (marquage)", "NOM": null, "V_VELOBOUC": "Non", "LONGUEUR": 17.872198922506009 }, "geometry": { "type": "MultiLineString", "coordinates": [ [ [ -8083917.853788846172392, 5839545.876849895343184 ], [ -8083926.344015375711024, 5839521.375592585653067 ] ] ] } },
{ "type": "Feature", "properties": { "OBJECTID": 4710, "TYPE": "Bande cyclable (marquage)", "NOM": null, "V_VELOBOUC": "Non", "LONGUEUR": 27.547654013409197 }, "geometry": { "type": "MultiLineString", "coordinates": [ [ [ -8083917.853788846172392, 5839545.876849895343184 ], [ -8083904.955863117240369, 5839583.707736674696207 ] ] ] } },
{ "type": "Feature", "properties": { "OBJECTID": 4711, "TYPE": "Bande cyclable (marquage)", "NOM": null, "V_VELOBOUC": "Non", "LONGUEUR": 93.332249803036149 }, "geometry": { "type": "MultiLineString", "coordinates": [ [ [ -8083904.955863117240369, 5839583.707736674696207 ], [ -8083892.145762925967574, 5839621.280799836851656 ], [ -8083887.768191516399384, 5839631.239965653046966 ], [ -8083883.187875349074602, 5839640.367490607313812 ], [ -8083876.971188225783408, 5839648.631682564504445 ], [ -8083865.917795529589057, 5839661.679407640360296 ], [ -8083832.916590346954763, 5839695.283265410922468 ] ] ] } },
{ "type": "Feature", "properties": { "OBJECTID": 4712, "TYPE": "Bande cyclable (marquage)", "NOM": null, "V_VELOBOUC": "Non", "LONGUEUR": 245.44587310515632 }, "geometry": { "type": "MultiLineString", "coordinates": [ [ [ -8083832.916590346954763, 5839695.283265410922468 ], [ -8083583.688802041113377, 5839949.054133913479745 ] ] ] } },
{ "type": "Feature", "properties": { "OBJECTID": 4713, "TYPE": "Bande cyclable (marquage)", "NOM": null, "V_VELOBOUC": "Non", "LONGUEUR": 128.50914766741315 }, "geometry": { "type": "MultiLineString", "coordinates": [ [ [ -8083583.688802041113377, 5839949.054133913479745 ], [ -8083453.193846341222525, 5840081.922057358548045 ] ] ] } },
{ "type": "Feature", "properties": { "OBJECTID": 4714, "TYPE": "Bande cyclable (marquage)", "NOM": null, "V_VELOBOUC": "Non", "LONGUEUR": 28.563825663163978 }, "geometry": { "type": "MultiLineString", "coordinates": [ [ [ -8083453.193846341222525, 5840081.922057358548045 ], [ -8083424.188096552155912, 5840111.454708130098879 ] ] ] } },
{ "type": "Feature", "properties": { "OBJECTID": 4716, "TYPE": "Bande cyclable (marquage)", "NOM": null, "V_VELOBOUC": "Non", "LONGUEUR": 185.6556118432986 }, "geometry": { "type": "MultiLineString", "coordinates": [ [ [ -8084191.155799154192209, 5841258.490882351063192 ], [ -8084275.771805269643664, 5841309.442130019888282 ], [ -8084410.334483853541315, 5841387.034544331021607 ], [ -8084423.519741769880056, 5841393.68106456939131 ] ] ] } },
{ "type": "Feature", "properties": { "OBJECTID": 4718, "TYPE": "Bande cyclable (marquage)", "NOM": null, "V_VELOBOUC": "Non", "LONGUEUR": 96.951264088435266 }, "geometry": { "type": "MultiLineString", "coordinates": [ [ [ -8084529.740515244193375, 5841446.838060157373548 ], [ -8084585.003578293137252, 5841468.122161726467311 ], [ -8084629.195074032992125, 5841480.768074672669172 ], [ -8084663.084159938618541, 5841490.109141422435641 ] ] ] } },
{ "type": "Feature", "properties": { "OBJECTID": 4719, "TYPE": "Bande cyclable (marquage)", "NOM": null, "V_VELOBOUC": "Non", "LONGUEUR": 19.686318237071401 }, "geometry": { "type": "MultiLineString", "coordinates": [ [ [ -8084423.519741769880056, 5841393.68106456939131 ], [ -8084448.974198382347822, 5841406.512272194027901 ] ] ] } },
{ "type": "Feature", "properties": { "OBJECTID": 4720, "TYPE": "Bande cyclable (marquage)", "NOM": null, "V_VELOBOUC": "Non", "LONGUEUR": 62.355991586094731 }, "geometry": { "type": "MultiLineString", "coordinates": [ [ [ -8084448.974198382347822, 5841406.512272194027901 ], [ -8084526.488975438289344, 5841445.585737469606102 ], [ -8084529.740515244193375, 5841446.838060157373548 ] ] ] } },
{ "type": "Feature", "properties": { "OBJECTID": 4721, "TYPE": "Accotement asphalté", "NOM": null, "V_VELOBOUC": "Non", "LONGUEUR": 208.86040077164631 }, "geometry": { "type": "MultiLineString", "coordinates": [ [ [ -8084663.084159938618541, 5841490.109141422435641 ], [ -8084677.980847990140319, 5841494.215271825902164 ], [ -8084954.6236622761935, 5841570.062780430540442 ] ] ] } },
{ "type": "Feature", "properties": { "OBJECTID": 4722, "TYPE": "Accotement asphalté", "NOM": null, "V_VELOBOUC": "Non", "LONGUEUR": 161.04736618641502 }, "geometry": { "type": "MultiLineString", "coordinates": [ [ [ -8084954.6236622761935, 5841570.062780430540442 ], [ -8085179.430852958001196, 5841631.691546134650707 ] ] ] } },
{ "type": "Feature", "properties": { "OBJECTID": 4723, "TYPE": "Accotement asphalté", "NOM": null, "V_VELOBOUC": "Non", "LONGUEUR": 177.81246999962704 }, "geometry": { "type": "MultiLineString", "coordinates": [ [ [ -8085179.430852958001196, 5841631.691546134650707 ], [ -8085246.347895501181483, 5841650.035039723850787 ], [ -8085284.99954308476299, 5841660.736183573491871 ], [ -8085329.172294325195253, 5841674.282982989214361 ], [ -8085360.814905613660812, 5841686.923411101102829 ], [ -8085395.560684336349368, 5841704.68756724987179 ], [ -8085420.684109004214406, 5841718.394063740968704 ] ] ] } },
{ "type": "Feature", "properties": { "OBJECTID": 4724, "TYPE": "Accotement asphalté", "NOM": null, "V_VELOBOUC": "Non", "LONGUEUR": 186.28981754288245 }, "geometry": { "type": "MultiLineString", "coordinates": [ [ [ -8085420.684109004214406, 5841718.394063740968704 ], [ -8085434.004867595620453, 5841725.661354321986437 ], [ -8085656.766078973188996, 5841848.966647751629353 ] ] ] } },
{ "type": "Feature", "properties": { "OBJECTID": 4725, "TYPE": "Accotement asphalté", "NOM": null, "V_VELOBOUC": "Non", "LONGUEUR": 141.82408533431826 }, "geometry": { "type": "MultiLineString", "coordinates": [ [ [ -8085656.766078973188996, 5841848.966647751629353 ], [ -8085828.62375461589545, 5841944.09020249824971 ], [ -8085836.471337467432022, 5841948.426125575788319 ] ] ] } },
{ "type": "Feature", "properties": { "OBJECTID": 4726, "TYPE": "Accotement asphalté", "NOM": null, "V_VELOBOUC": "Non", "LONGUEUR": 138.04388747944211 }, "geometry": { "type": "MultiLineString", "coordinates": [ [ [ -8085836.471337467432022, 5841948.426125575788319 ], [ -8085963.792742639780045, 5842018.77169207111001 ], [ -8085987.092124110087752, 5842031.22314577922225 ], [ -8086006.808240630663931, 5842040.41800606995821 ], [ -8086012.684332164935768, 5842042.628846120089293 ] ] ] } },
{ "type": "Feature", "properties": { "OBJECTID": 4727, "TYPE": "Accotement asphalté", "NOM": null, "V_VELOBOUC": "Non", "LONGUEUR": 183.73058195553861 }, "geometry": { "type": "MultiLineString", "coordinates": [ [ [ -8086120.362998649477959, 5842077.91889061126858 ], [ -8086154.980210052803159, 5842088.806209191679955 ], [ -8086173.177832260727882, 5842095.055125680752099 ], [ -8086189.36393959634006, 5842101.397345875389874 ], [ -8086207.536011873744428, 5842110.008452004753053 ], [ -8086225.40589137468487, 5842119.999024062417448 ], [ -8086241.49857472255826, 5842129.682281591929495 ], [ -8086339.968036580830812, 5842191.68177929893136 ], [ -8086354.626505030319095, 5842201.131534670479596 ] ] ] } },
{ "type": "Feature", "properties": { "OBJECTID": 4728, "TYPE": "Accotement asphalté", "NOM": null, "V_VELOBOUC": "Non", "LONGUEUR": 236.45101508432981 }, "geometry": { "type": "MultiLineString", "coordinates": [ [ [ -8086354.626505030319095, 5842201.131534670479596 ], [ -8086376.093981692567468, 5842214.97072796523571 ], [ -8086406.801319316960871, 5842236.510285762138665 ], [ -8086433.363029539585114, 5842259.003602046519518 ], [ -8086456.1791473608464, 5842280.84140130225569 ], [ -8086537.722009681165218, 5842360.787821162492037 ], [ -8086608.301296599209309, 5842430.283754143863916 ] ] ] } },
{ "type": "Feature", "properties": { "OBJECTID": 4729, "TYPE": "Accotement asphalté", "NOM": null, "V_VELOBOUC": "Non", "LONGUEUR": 86.221981083599445 }, "geometry": { "type": "MultiLineString", "coordinates": [ [ [ -8086608.301296599209309, 5842430.283754143863916 ], [ -8086629.720542825758457, 5842451.373983197845519 ], [ -8086697.572260838001966, 5842517.750137243419886 ] ] ] } },
{ "type": "Feature", "properties": { "OBJECTID": 4730, "TYPE": "Accotement asphalté", "NOM": null, "V_VELOBOUC": "Non", "LONGUEUR": 75.196189839799231 }, "geometry": { "type": "MultiLineString", "coordinates": [ [ [ -8086697.572260838001966, 5842517.750137243419886 ], [ -8086775.488426525145769, 5842593.970615603961051 ] ] ] } },
{ "type": "Feature", "properties": { "OBJECTID": 4731, "TYPE": "Accotement asphalté", "NOM": null, "V_VELOBOUC": "Non", "LONGUEUR": 75.484257032395362 }, "geometry": { "type": "MultiLineString", "coordinates": [ [ [ -8086775.488426525145769, 5842593.970615603961051 ], [ -8086795.492892894893885, 5842613.539491545408964 ], [ -8086853.55817904509604, 5842670.633143607527018 ] ] ] } },
{ "type": "Feature", "properties": { "OBJECTID": 4732, "TYPE": "Accotement asphalté", "NOM": null, "V_VELOBOUC": "Non", "LONGUEUR": 14.560616519098703 }, "geometry": { "type": "MultiLineString", "coordinates": [ [ [ -8086853.55817904509604, 5842670.633143607527018 ], [ -8086868.607985261827707, 5842685.430993854999542 ] ] ] } },
{ "type": "Feature", "properties": { "OBJECTID": 4733, "TYPE": "Accotement asphalté", "NOM": null, "V_VELOBOUC": "Non", "LONGUEUR": 377.03554484646156 }, "geometry": { "type": "MultiLineString", "coordinates": [ [ [ -8086868.607985261827707, 5842685.430993854999542 ], [ -8086883.466070180758834, 5842700.040293826721609 ], [ -8086955.85434406530112, 5842770.206315761432052 ], [ -8086977.609247321262956, 5842791.26412342954427 ], [ -8087147.193598067387938, 5842954.133858639746904 ], [ -8087252.864222647622228, 5843056.546483997255564 ], [ -8087261.726490079425275, 5843065.096320684067905 ] ] ] } },
{ "type": "Feature", "properties": { "OBJECTID": 4734, "TYPE": "Accotement asphalté", "NOM": null, "V_VELOBOUC": "Non", "LONGUEUR": 260.81694230062192 }, "geometry": { "type": "MultiLineString", "coordinates": [ [ [ -8087261.726490079425275, 5843065.096320684067905 ], [ -8087361.119967993348837, 5843160.984633478336036 ], [ -8087488.915438048541546, 5843286.379866763949394 ], [ -8087531.883654487319291, 5843329.588905954733491 ] ] ] } },
{ "type": "Feature", "properties": { "OBJECTID": 4735, "TYPE": "Accotement asphalté", "NOM": null, "V_VELOBOUC": "Non", "LONGUEUR": 14.033312879760432 }, "geometry": { "type": "MultiLineString", "coordinates": [ [ [ -8087531.883654487319291, 5843329.588905954733491 ], [ -8087546.228922377340496, 5843344.014487224631011 ] ] ] } },
{ "type": "Feature", "properties": { "OBJECTID": 4736, "TYPE": "Accotement asphalté", "NOM": null, "V_VELOBOUC": "Non", "LONGUEUR": 58.30971907506072 }, "geometry": { "type": "MultiLineString", "coordinates": [ [ [ -8087546.228922377340496, 5843344.014487224631011 ], [ -8087605.835355418734252, 5843403.954112125560641 ] ] ] } },
{ "type": "Feature", "properties": { "OBJECTID": 4737, "TYPE": "Accotement asphalté", "NOM": null, "V_VELOBOUC": "Non", "LONGUEUR": 47.121773838992141 }, "geometry": { "type": "MultiLineString", "coordinates": [ [ [ -8087605.835355418734252, 5843403.954112125560641 ], [ -8087654.005614845082164, 5843452.393082758411765 ] ] ] } },
{ "type": "Feature", "properties": { "OBJECTID": 4738, "TYPE": "Accotement asphalté", "NOM": null, "V_VELOBOUC": "Non", "LONGUEUR": 30.342244342836075 }, "geometry": { "type": "MultiLineString", "coordinates": [ [ [ -8087654.005614845082164, 5843452.393082758411765 ], [ -8087673.518120642751455, 5843472.014243247918785 ], [ -8087684.937993437051773, 5843483.668210355564952 ] ] ] } },
{ "type": "Feature", "properties": { "OBJECTID": 4739, "TYPE": "Accotement asphalté", "NOM": null, "V_VELOBOUC": "Non", "LONGUEUR": 89.37954862502454 }, "geometry": { "type": "MultiLineString", "coordinates": [ [ [ -8087684.937993437051773, 5843483.668210355564952 ], [ -8087775.630854810588062, 5843576.219348020851612 ] ] ] } },
{ "type": "Feature", "properties": { "OBJECTID": 4740, "TYPE": "Accotement asphalté", "NOM": null, "V_VELOBOUC": "Non", "LONGUEUR": 68.998038715069171 }, "geometry": { "type": "MultiLineString", "coordinates": [ [ [ -8087775.630854810588062, 5843576.219348020851612 ], [ -8087814.151007582433522, 5843615.528176109306514 ], [ -8087839.656075365841389, 5843641.266809493303299 ], [ -8087845.822032570838928, 5843647.489241030067205 ] ] ] } },
{ "type": "Feature", "properties": { "OBJECTID": 4741, "TYPE": "Accotement asphalté", "NOM": null, "V_VELOBOUC": "Non", "LONGUEUR": 70.178309096347562 }, "geometry": { "type": "MultiLineString", "coordinates": [ [ [ -8087845.822032570838928, 5843647.489241030067205 ], [ -8087917.436495021916926, 5843719.758667757734656 ] ] ] } },
{ "type": "Feature", "properties": { "OBJECTID": 4742, "TYPE": "Accotement asphalté", "NOM": null, "V_VELOBOUC": "Non", "LONGUEUR": 63.159627734058191 }, "geometry": { "type": "MultiLineString", "coordinates": [ [ [ -8087917.436495021916926, 5843719.758667757734656 ], [ -8087932.675991138443351, 5843735.137374070473015 ], [ -8087972.237117229960859, 5843774.905246840789914 ], [ -8087981.368848023936152, 5843785.285164440982044 ] ] ] } },
{ "type": "Feature", "properties": { "OBJECTID": 4744, "TYPE": "Accotement asphalté", "NOM": null, "V_VELOBOUC": "Non", "LONGUEUR": 149.64003366663988 }, "geometry": { "type": "MultiLineString", "coordinates": [ [ [ -8087981.368848023936152, 5843785.285164440982044 ], [ -8087995.850489660166204, 5843801.746198493987322 ], [ -8088014.562036509625614, 5843828.534703949466348 ], [ -8088027.6116405678913, 5843850.421368818730116 ], [ -8088036.669103614985943, 5843870.26743162702769 ], [ -8088044.553310975432396, 5843892.406327791512012 ], [ -8088051.713857656344771, 5843917.765176531858742 ], [ -8088058.569602219387889, 5843950.190427286550403 ], [ -8088065.094826158136129, 5843981.8038125699386 ] ] ] } },
{ "type": "Feature", "properties": { "OBJECTID": 4745, "TYPE": "Accotement asphalté", "NOM": null, "V_VELOBOUC": "Non", "LONGUEUR": 14.512689837367333 }, "geometry": { "type": "MultiLineString", "coordinates": [ [ [ -8088414.763879666104913, 5843874.164584520272911 ], [ -8088422.284770803526044, 5843854.487603494897485 ] ] ] } },
{ "type": "Feature", "properties": { "OBJECTID": 4746, "TYPE": "Chaussée désignée", "NOM": null, "V_VELOBOUC": "Non", "LONGUEUR": 17.542833812842211 }, "geometry": { "type": "MultiLineString", "coordinates": [ [ [ -8088422.284770803526044, 5843854.487603494897485 ], [ -8088431.888689373619854, 5843830.905941568315029 ] ] ] } },
{ "type": "Feature", "properties": { "OBJECTID": 4747, "TYPE": "Chaussée désignée", "NOM": null, "V_VELOBOUC": "Non", "LONGUEUR": 102.85330236352624 }, "geometry": { "type": "MultiLineString", "coordinates": [ [ [ -8088431.888689373619854, 5843830.905941568315029 ], [ -8088432.193875376135111, 5843830.156601099297404 ], [ -8088440.768580593168736, 5843816.108533708378673 ], [ -8088451.979758808389306, 5843799.014748128131032 ], [ -8088460.658737159334123, 5843789.578616423532367 ], [ -8088473.022146057337523, 5843779.413094689138234 ], [ -8088485.35611111484468, 5843772.013783532194793 ], [ -8088508.600137800909579, 5843761.503033868037164 ], [ -8088547.922923661768436, 5843745.063683553598821 ] ] ] } },
{ "type": "Feature", "properties": { "OBJECTID": 4748, "TYPE": "Bande cyclable (marquage)", "NOM": "Route Verte 4 (nord-sud)", "V_VELOBOUC": "Oui", "LONGUEUR": 35.534118306054957 }, "geometry": { "type": "MultiLineString", "coordinates": [ [ [ -8088706.56606899946928, 5843505.503104457631707 ], [ -8088720.469448048621416, 5843521.440811119042337 ], [ -8088731.431795171461999, 5843549.801327492110431 ] ] ] } },
{ "type": "Feature", "properties": { "OBJECTID": 4749, "TYPE": "Bande cyclable (marquage)", "NOM": "Route Verte 4 (nord-sud)", "V_VELOBOUC": "Oui", "LONGUEUR": 79.213244214690832 }, "geometry": { "type": "MultiLineString", "coordinates": [ [ [ -8088731.431795171461999, 5843549.801327492110431 ], [ -8088772.884895195253193, 5843657.043042736127973 ] ] ] } },
{ "type": "Feature", "properties": { "OBJECTID": 4750, "TYPE": "Bande cyclable (marquage)", "NOM": "Route Verte 4 (nord-sud)", "V_VELOBOUC": "Oui", "LONGUEUR": 16.403200777414458 }, "geometry": { "type": "MultiLineString", "coordinates": [ [ [ -8088995.941379499621689, 5843571.866465242579579 ], [ -8089016.891258083283901, 5843568.169292793609202 ], [ -8089019.358305314555764, 5843568.034554697573185 ] ] ] } },
{ "type": "Feature", "properties": { "OBJECTID": 4751, "TYPE": "Bande cyclable (marquage)", "NOM": "Route Verte 4 (nord-sud)", "V_VELOBOUC": "Oui", "LONGUEUR": 181.2010006805815 }, "geometry": { "type": "MultiLineString", "coordinates": [ [ [ -8089019.358305314555764, 5843568.034554697573185 ], [ -8089035.744878306984901, 5843567.139528027735651 ], [ -8089197.711636587977409, 5843579.765953975729644 ], [ -8089220.745954975485802, 5843583.50407135207206 ], [ -8089243.244429634884, 5843589.159103849902749 ], [ -8089275.438385217450559, 5843600.462049976922572 ], [ -8089277.976478913798928, 5843601.578864548355341 ] ] ] } },
{ "type": "Feature", "properties": { "OBJECTID": 4752, "TYPE": "Bande cyclable (marquage)", "NOM": "Route Verte 4 (nord-sud)", "V_VELOBOUC": "Oui", "LONGUEUR": 106.67079801294713 }, "geometry": { "type": "MultiLineString", "coordinates": [ [ [ -8089277.976478913798928, 5843601.578864548355341 ], [ -8089398.923749054782093, 5843654.79692457895726 ], [ -8089419.679097761400044, 5843663.056808304972947 ] ] ] } },
{ "type": "Feature", "properties": { "OBJECTID": 4753, "TYPE": "Bande cyclable (marquage)", "NOM": "Route Verte 4 (nord-sud)", "V_VELOBOUC": "Oui", "LONGUEUR": 87.117378242810048 }, "geometry": { "type": "MultiLineString", "coordinates": [ [ [ -8089419.679097761400044, 5843663.056808304972947 ], [ -8089432.064027304761112, 5843667.985540647991002 ], [ -8089460.711499258875847, 5843677.63165838457644 ], [ -8089487.377784381620586, 5843685.759938085451722 ], [ -8089524.063505420461297, 5843696.022184326313436 ], [ -8089540.150405511260033, 5843700.129326771944761 ] ] ] } },
{ "type": "Feature", "properties": { "OBJECTID": 4755, "TYPE": "Bande cyclable (marquage)", "NOM": "Route Verte 4 (nord-sud)", "V_VELOBOUC": "Oui", "LONGUEUR": 88.225173544812932 }, "geometry": { "type": "MultiLineString", "coordinates": [ [ [ -8089540.150405511260033, 5843700.129326771944761 ], [ -8089622.615728165023029, 5843721.182919078506529 ], [ -8089643.791789583861828, 5843726.725660162046552 ], [ -8089663.500538636930287, 5843733.146659006364644 ] ] ] } },
{ "type": "Feature", "properties": { "OBJECTID": 4756, "TYPE": "Bande cyclable (marquage)", "NOM": "Route Verte 4 (nord-sud)", "V_VELOBOUC": "Oui", "LONGUEUR": 84.03917652748774 }, "geometry": { "type": "MultiLineString", "coordinates": [ [ [ -8089663.500538636930287, 5843733.146659006364644 ], [ -8089669.48168611060828, 5843735.09525784291327 ], [ -8089693.13256264384836, 5843743.958002159371972 ], [ -8089721.908260891214013, 5843755.556555815972388 ], [ -8089776.205602494999766, 5843778.956172324717045 ] ] ] } },
{ "type": "Feature", "properties": { "OBJECTID": 4757, "TYPE": "Bande cyclable (marquage)", "NOM": "Route Verte 4 (nord-sud)", "V_VELOBOUC": "Oui", "LONGUEUR": 80.036977681227881 }, "geometry": { "type": "MultiLineString", "coordinates": [ [ [ -8089776.205602494999766, 5843778.956172324717045 ], [ -8089798.259175604209304, 5843788.460098682902753 ], [ -8089858.765729801729321, 5843814.799723070114851 ], [ -8089882.514337063767016, 5843825.143304065801203 ] ] ] } },
{ "type": "Feature", "properties": { "OBJECTID": 4758, "TYPE": "Bande cyclable (marquage)", "NOM": "Route Verte 4 (nord-sud)", "V_VELOBOUC": "Oui", "LONGUEUR": 48.981767128386153 }, "geometry": { "type": "MultiLineString", "coordinates": [ [ [ -8089882.514337063767016, 5843825.143304065801203 ], [ -8089896.053375321440399, 5843831.040129072964191 ], [ -8089946.478400711901486, 5843855.795891409739852 ] ] ] } },
{ "type": "Feature", "properties": { "OBJECTID": 4759, "TYPE": "Bande cyclable (marquage)", "NOM": "Route Verte 4 (nord-sud)", "V_VELOBOUC": "Oui", "LONGUEUR": 383.26836570948353 }, "geometry": { "type": "MultiLineString", "coordinates": [ [ [ -8089946.478400711901486, 5843855.795891409739852 ], [ -8089963.998159316368401, 5843864.397015599533916 ], [ -8089996.708850908093154, 5843883.925223943777382 ], [ -8090025.79021034669131, 5843903.692853767424822 ], [ -8090055.645228252746165, 5843927.597123654559255 ], [ -8090078.553768579848111, 5843949.199951496906579 ], [ -8090104.113633643835783, 5843976.858179670758545 ], [ -8090180.03331536334008, 5844069.490660650655627 ], [ -8090328.537462469190359, 5844252.602820497006178 ] ] ] } },
{ "type": "Feature", "properties": { "OBJECTID": 4760, "TYPE": "Bande cyclable (marquage)", "NOM": "Route Verte 4 (nord-sud)", "V_VELOBOUC": "Oui", "LONGUEUR": 53.575163464175503 }, "geometry": { "type": "MultiLineString", "coordinates": [ [ [ -8090328.537462469190359, 5844252.602820497006178 ], [ -8090377.481693251058459, 5844312.951819898560643 ] ] ] } },
{ "type": "Feature", "properties": { "OBJECTID": 4761, "TYPE": "Bande cyclable (marquage)", "NOM": "Route Verte 4 (nord-sud)", "V_VELOBOUC": "Oui", "LONGUEUR": 15.785748415936762 }, "geometry": { "type": "MultiLineString", "coordinates": [ [ [ -8090377.481693251058459, 5844312.951819898560643 ], [ -8090391.90307442471385, 5844330.733488666824996 ] ] ] } },
{ "type": "Feature", "properties": { "OBJECTID": 4762, "TYPE": "Bande cyclable (marquage)", "NOM": "Route Verte 4 (nord-sud)", "V_VELOBOUC": "Oui", "LONGUEUR": 400.01068376896563 }, "geometry": { "type": "MultiLineString", "coordinates": [ [ [ -8090391.90307442471385, 5844330.733488666824996 ], [ -8090415.021879456005991, 5844359.239013996906579 ], [ -8090518.111826101318002, 5844479.430805651471019 ], [ -8090557.448136640712619, 5844522.015322622843087 ], [ -8090579.188881238922477, 5844545.170392328873277 ], [ -8090603.597662471234798, 5844568.798515673726797 ], [ -8090654.561843854375184, 5844613.037979187443852 ], [ -8090680.332305250689387, 5844635.064683726988733 ], [ -8090705.183403722010553, 5844657.280629921704531 ], [ -8090719.457477055490017, 5844671.351661159656942 ], [ -8090736.951200145296752, 5844690.486412059515715 ], [ -8090787.703340141102672, 5844753.083701367489994 ] ] ] } },
{ "type": "Feature", "properties": { "OBJECTID": 4763, "TYPE": "Bande cyclable (marquage)", "NOM": "Route Verte 4 (nord-sud)", "V_VELOBOUC": "Oui", "LONGUEUR": 226.40093329878712 }, "geometry": { "type": "MultiLineString", "coordinates": [ [ [ -8090787.703340141102672, 5844753.083701367489994 ], [ -8090794.259174512699246, 5844761.169542006216943 ], [ -8090817.060094335116446, 5844788.016747447662055 ], [ -8090830.669574161060154, 5844802.387781735509634 ], [ -8090852.437347390688956, 5844821.0657589873299 ], [ -8090984.108700384385884, 5844917.207616746425629 ], [ -8091042.05823786277324, 5844958.257357342168689 ] ] ] } },
{ "type": "Feature", "properties": { "OBJECTID": 4764, "TYPE": "Bande cyclable (marquage)", "NOM": "Route Verte 4 (nord-sud)", "V_VELOBOUC": "Oui", "LONGUEUR": 226.85102937322478 }, "geometry": { "type": "MultiLineString", "coordinates": [ [ [ -8091042.05823786277324, 5844958.257357342168689 ], [ -8091045.712469077669084, 5844960.84589079208672 ], [ -8091182.984857158735394, 5845055.069056120701134 ], [ -8091207.160533687099814, 5845073.188021664507687 ], [ -8091225.053723439574242, 5845087.806824642233551 ], [ -8091264.535694260150194, 5845125.966132618486881 ], [ -8091299.183767690323293, 5845161.466150976717472 ] ] ] } },
{ "type": "Feature", "properties": { "OBJECTID": 4765, "TYPE": "Bande cyclable (marquage)", "NOM": "Route Verte 4 (nord-sud)", "V_VELOBOUC": "Oui", "LONGUEUR": 280.53448022935794 }, "geometry": { "type": "MultiLineString", "coordinates": [ [ [ -8091299.183767690323293, 5845161.466150976717472 ], [ -8091341.44843976572156, 5845204.769649755209684 ], [ -8091401.696880783885717, 5845268.621611257083714 ], [ -8091491.633783012628555, 5845365.85687030851841 ], [ -8091578.675895616412163, 5845457.050638004206121 ] ] ] } },
{ "type": "Feature", "properties": { "OBJECTID": 4767, "TYPE": "Bande cyclable (marquage)", "NOM": "Route Verte 4 (nord-sud)", "V_VELOBOUC": "Oui", "LONGUEUR": 299.22982739964237 }, "geometry": { "type": "MultiLineString", "coordinates": [ [ [ -8091578.675895616412163, 5845457.050638004206121 ], [ -8091635.017383672297001, 5845519.598350943997502 ], [ -8091727.911120532080531, 5845622.741644750349224 ], [ -8091745.020370616577566, 5845644.762323064729571 ], [ -8091772.028578966856003, 5845682.125206556171179 ], [ -8091800.708814300596714, 5845724.597186359576881 ], [ -8091827.669506723061204, 5845765.840232577174902 ], [ -8091848.343923889100552, 5845795.991155702620745 ] ] ] } },
{ "type": "Feature", "properties": { "OBJECTID": 4768, "TYPE": "Bande cyclable (marquage)", "NOM": "Route Verte 4 (nord-sud)", "V_VELOBOUC": "Oui", "LONGUEUR": 297.92385649139936 }, "geometry": { "type": "MultiLineString", "coordinates": [ [ [ -8091848.343923889100552, 5845795.991155702620745 ], [ -8091864.417331648059189, 5845816.332320611923933 ], [ -8091883.175067724660039, 5845836.412878911942244 ], [ -8091910.990055535919964, 5845860.525596885941923 ], [ -8091940.075552716851234, 5845882.153289737179875 ], [ -8091979.540293610654771, 5845909.652126579545438 ], [ -8092126.522161204367876, 5846004.990526209585369 ], [ -8092145.255228574387729, 5846019.678731842897832 ], [ -8092171.785506574437022, 5846043.105443654581904 ], [ -8092188.577313922345638, 5846058.676185671240091 ] ] ] } },
{ "type": "Feature", "properties": { "OBJECTID": 4769, "TYPE": "Bande cyclable (marquage)", "NOM": "Route Verte 4 (nord-sud)", "V_VELOBOUC": "Oui", "LONGUEUR": 293.85858412083655 }, "geometry": { "type": "MultiLineString", "coordinates": [ [ [ -8092188.577313922345638, 5846058.676185671240091 ], [ -8092227.66624450404197, 5846094.922395084984601 ], [ -8092295.357171380892396, 5846156.264131585136056 ], [ -8092312.15895517449826, 5846169.618073208257556 ], [ -8092331.823415430262685, 5846183.577764549292624 ], [ -8092349.608546926639974, 5846193.982406446710229 ], [ -8092542.592119229957461, 5846288.766083737835288 ], [ -8092542.6201146626845, 5846288.779006463475525 ] ] ] } },
{ "type": "Feature", "properties": { "OBJECTID": 4770, "TYPE": "Bande cyclable (marquage)", "NOM": "Route Verte 4 (nord-sud)", "V_VELOBOUC": "Oui", "LONGUEUR": 199.36328843236328 }, "geometry": { "type": "MultiLineString", "coordinates": [ [ [ -8092542.6201146626845, 5846288.779006463475525 ], [ -8092754.131552145816386, 5846386.425535078160465 ], [ -8092781.138045147061348, 5846398.551495709456503 ], [ -8092805.801719893701375, 5846407.516550275497139 ] ] ] } },
{ "type": "Feature", "properties": { "OBJECTID": 4771, "TYPE": "Bande cyclable (marquage)", "NOM": "Route Verte 4 (nord-sud)", "V_VELOBOUC": "Oui", "LONGUEUR": 398.59083162121692 }, "geometry": { "type": "MultiLineString", "coordinates": [ [ [ -8092805.801719893701375, 5846407.516550275497139 ], [ -8092834.485982965677977, 5846415.106239987537265 ], [ -8092865.29177419655025, 5846421.325789472088218 ], [ -8092951.116037159226835, 5846435.550553590990603 ], [ -8092977.886558120138943, 5846438.616871848702431 ], [ -8093004.604649876244366, 5846438.983781546354294 ], [ -8093030.249105068854988, 5846436.601422656327486 ], [ -8093062.668677772395313, 5846429.735602547414601 ], [ -8093096.068170689046383, 5846420.309501569718122 ], [ -8093206.533119515515864, 5846391.108952037990093 ], [ -8093277.294733677059412, 5846373.76075585745275 ], [ -8093323.080528012476861, 5846363.750300644896924 ], [ -8093347.837395031005144, 5846359.100013204850256 ], [ -8093370.318218597210944, 5846356.230436596088111 ] ] ] } },
{ "type": "Feature", "properties": { "OBJECTID": 4772, "TYPE": "Bande cyclable (marquage)", "NOM": "Route Verte 4 (nord-sud)", "V_VELOBOUC": "Oui", "LONGUEUR": 399.90066386295723 }, "geometry": { "type": "MultiLineString", "coordinates": [ [ [ -8093370.318218597210944, 5846356.230436596088111 ], [ -8093377.831492419354618, 5846355.27138549182564 ], [ -8093411.308184744790196, 5846352.438544289208949 ], [ -8093473.066928350366652, 5846348.829988719895482 ], [ -8093503.891349195502698, 5846347.992492583580315 ], [ -8093528.732203005813062, 5846349.299768452532589 ], [ -8093563.803708588704467, 5846352.343478369526565 ], [ -8093602.190133492462337, 5846356.491860264912248 ], [ -8093705.547892428934574, 5846368.374864595942199 ], [ -8093732.951547500677407, 5846370.800272178836167 ], [ -8093778.233972822315991, 5846372.792865962721407 ], [ -8093830.880428500473499, 5846372.986647808924317 ], [ -8093863.814611669629812, 5846372.914254722185433 ], [ -8093908.737242362461984, 5846371.989529837854207 ], [ -8093947.770386076532304, 5846370.275759318843484 ] ] ] } },
{ "type": "Feature", "properties": { "OBJECTID": 4773, "TYPE": "Bande cyclable (marquage)", "NOM": "Route Verte 4 (nord-sud)", "V_VELOBOUC": "Oui", "LONGUEUR": 20.982488266170911 }, "geometry": { "type": "MultiLineString", "coordinates": [ [ [ -8093947.770386076532304, 5846370.275759318843484 ], [ -8093978.121509225107729, 5846368.943050483241677 ] ] ] } },
{ "type": "Feature", "properties": { "OBJECTID": 4774, "TYPE": "Bande cyclable (marquage)", "NOM": "Route Verte 4 (nord-sud)", "V_VELOBOUC": "Oui", "LONGUEUR": 292.60608270914298 }, "geometry": { "type": "MultiLineString", "coordinates": [ [ [ -8093978.121509225107729, 5846368.943050483241677 ], [ -8094011.167106543667614, 5846367.49194731656462 ], [ -8094053.401268848218024, 5846367.818981206044555 ], [ -8094083.939799097366631, 5846369.229845652356744 ], [ -8094182.077106148935854, 5846377.418254601769149 ], [ -8094400.606404851190746, 5846395.847980977967381 ] ] ] } },
{ "type": "Feature", "properties": { "OBJECTID": 4776, "TYPE": "Bande cyclable (marquage)", "NOM": "Route Verte 4 (nord-sud)", "V_VELOBOUC": "Oui", "LONGUEUR": 68.768368987433632 }, "geometry": { "type": "MultiLineString", "coordinates": [ [ [ -8094814.792529385536909, 5846467.636588217690587 ], [ -8094824.855982482433319, 5846473.457158716395497 ], [ -8094893.413487328216434, 5846517.494293500669301 ], [ -8094898.878373925574124, 5846521.111571043729782 ] ] ] } },
{ "type": "Feature", "properties": { "OBJECTID": 4778, "TYPE": "Bande cyclable (marquage)", "NOM": "Route Verte 4 (nord-sud)", "V_VELOBOUC": "Oui", "LONGUEUR": 28.276012971107438 }, "geometry": { "type": "MultiLineString", "coordinates": [ [ [ -8095411.784528575837612, 5846645.431606318801641 ], [ -8095413.017880951985717, 5846644.871976158581674 ], [ -8095434.92229506932199, 5846633.173313772305846 ], [ -8095447.368971088901162, 5846625.190508062019944 ] ] ] } },
{ "type": "Feature", "properties": { "OBJECTID": 4779, "TYPE": "Bande cyclable (marquage)", "NOM": "Route Verte 4 (nord-sud)", "V_VELOBOUC": "Oui", "LONGUEUR": 29.339311080666587 }, "geometry": { "type": "MultiLineString", "coordinates": [ [ [ -8095581.029694284312427, 5846507.205820512026548 ], [ -8095611.72115109115839, 5846477.741141474805772 ] ] ] } },
{ "type": "Feature", "properties": { "OBJECTID": 4780, "TYPE": "Bande cyclable (marquage)", "NOM": "Route Verte 4 (nord-sud)", "V_VELOBOUC": "Oui", "LONGUEUR": 16.818208426304658 }, "geometry": { "type": "MultiLineString", "coordinates": [ [ [ -8095611.72115109115839, 5846477.741141474805772 ], [ -8095629.314349154010415, 5846460.851052358746529 ] ] ] } },
{ "type": "Feature", "properties": { "OBJECTID": 4782, "TYPE": "Accotement asphalté", "NOM": null, "V_VELOBOUC": "Non", "LONGUEUR": 28.605992102715561 }, "geometry": { "type": "MultiLineString", "coordinates": [ [ [ -8095057.530348831787705, 5845890.04445160087198 ], [ -8095086.886785910464823, 5845919.352505834773183 ] ] ] } },
{ "type": "Feature", "properties": { "OBJECTID": 4783, "TYPE": "Accotement asphalté", "NOM": null, "V_VELOBOUC": "Non", "LONGUEUR": 103.79754247895877 }, "geometry": { "type": "MultiLineString", "coordinates": [ [ [ -8094951.011438468471169, 5845783.699456742033362 ], [ -8095057.530348831787705, 5845890.04445160087198 ] ] ] } },
{ "type": "Feature", "properties": { "OBJECTID": 4784, "TYPE": "Accotement asphalté", "NOM": null, "V_VELOBOUC": "Non", "LONGUEUR": 163.41450820521567 }, "geometry": { "type": "MultiLineString", "coordinates": [ [ [ -8094783.31768945325166, 5845616.274381762370467 ], [ -8094951.011438468471169, 5845783.699456742033362 ] ] ] } },
{ "type": "Feature", "properties": { "OBJECTID": 4785, "TYPE": "Accotement asphalté", "NOM": null, "V_VELOBOUC": "Non", "LONGUEUR": 236.4723440152635 }, "geometry": { "type": "MultiLineString", "coordinates": [ [ [ -8094540.664254017174244, 5845373.998457554727793 ], [ -8094783.31768945325166, 5845616.274381762370467 ] ] ] } },
{ "type": "Feature", "properties": { "OBJECTID": 4786, "TYPE": "Accotement asphalté", "NOM": null, "V_VELOBOUC": "Non", "LONGUEUR": 250.97846305310367 }, "geometry": { "type": "MultiLineString", "coordinates": [ [ [ -8094283.140083472244442, 5845116.860420205630362 ], [ -8094540.664254017174244, 5845373.998457554727793 ] ] ] } },
{ "type": "Feature", "properties": { "OBJECTID": 4787, "TYPE": "Accotement asphalté", "NOM": null, "V_VELOBOUC": "Non", "LONGUEUR": 149.13305391757555 }, "geometry": { "type": "MultiLineString", "coordinates": [ [ [ -8094130.1246248902753, 5844964.067317967303097 ], [ -8094283.140083472244442, 5845116.860420205630362 ] ] ] } },
{ "type": "Feature", "properties": { "OBJECTID": 4788, "TYPE": "Accotement asphalté", "NOM": null, "V_VELOBOUC": "Non", "LONGUEUR": 116.31611704402792 }, "geometry": { "type": "MultiLineString", "coordinates": [ [ [ -8094010.78411419596523, 5844844.896547385491431 ], [ -8094130.1246248902753, 5844964.067317967303097 ] ] ] } },
{ "type": "Feature", "properties": { "OBJECTID": 4789, "TYPE": "Accotement asphalté", "NOM": null, "V_VELOBOUC": "Non", "LONGUEUR": 663.24148545625951 }, "geometry": { "type": "MultiLineString", "coordinates": [ [ [ -8093330.358820604160428, 5844165.377789448946714 ], [ -8094010.78411419596523, 5844844.896547385491431 ] ] ] } },
{ "type": "Feature", "properties": { "OBJECTID": 4790, "TYPE": "Accotement asphalté", "NOM": null, "V_VELOBOUC": "Non", "LONGUEUR": 399.99780540691484 }, "geometry": { "type": "MultiLineString", "coordinates": [ [ [ -8092920.048158078454435, 5843755.563290568999946 ], [ -8093330.358820604160428, 5844165.377789448946714 ] ] ] } },
{ "type": "Feature", "properties": { "OBJECTID": 4791, "TYPE": "Accotement asphalté", "NOM": null, "V_VELOBOUC": "Non", "LONGUEUR": 399.99419900020507 }, "geometry": { "type": "MultiLineString", "coordinates": [ [ [ -8092509.779246622696519, 5843345.752558660693467 ], [ -8092920.048158078454435, 5843755.563290568999946 ] ] ] } },
{ "type": "Feature", "properties": { "OBJECTID": 4792, "TYPE": "Accotement asphalté", "NOM": null, "V_VELOBOUC": "Non", "LONGUEUR": 399.99490605355294 }, "geometry": { "type": "MultiLineString", "coordinates": [ [ [ -8092099.547674458473921, 5842935.941161378286779 ], [ -8092509.779246622696519, 5843345.752558660693467 ] ] ] } },
{ "type": "Feature", "properties": { "OBJECTID": 4793, "TYPE": "Accotement asphalté", "NOM": null, "V_VELOBOUC": "Non", "LONGUEUR": 234.12699411266368 }, "geometry": { "type": "MultiLineString", "coordinates": [ [ [ -8091859.446554144844413, 5842696.068368442356586 ], [ -8092099.547674458473921, 5842935.941161378286779 ] ] ] } },
{ "type": "Feature", "properties": { "OBJECTID": 4794, "TYPE": "Accotement asphalté", "NOM": null, "V_VELOBOUC": "Non", "LONGUEUR": 92.609295801869294 }, "geometry": { "type": "MultiLineString", "coordinates": [ [ [ -8091764.477765467017889, 5842601.186336124315858 ], [ -8091859.446554144844413, 5842696.068368442356586 ] ] ] } },
{ "type": "Feature", "properties": { "OBJECTID": 4795, "TYPE": "Accotement asphalté", "NOM": null, "V_VELOBOUC": "Non", "LONGUEUR": 73.25950039034187 }, "geometry": { "type": "MultiLineString", "coordinates": [ [ [ -8091689.353221050463617, 5842526.128956469707191 ], [ -8091764.477765467017889, 5842601.186336124315858 ] ] ] } },
{ "type": "Feature", "properties": { "OBJECTID": 4796, "TYPE": "Accotement asphalté", "NOM": null, "V_VELOBOUC": "Non", "LONGUEUR": 67.28475672758745 }, "geometry": { "type": "MultiLineString", "coordinates": [ [ [ -8091620.356650916859508, 5842457.192949455231428 ], [ -8091689.353221050463617, 5842526.128956469707191 ] ] ] } },
{ "type": "Feature", "properties": { "OBJECTID": 4797, "TYPE": "Accotement asphalté", "NOM": null, "V_VELOBOUC": "Non", "LONGUEUR": 118.36030518267619 }, "geometry": { "type": "MultiLineString", "coordinates": [ [ [ -8091498.987712042406201, 5842335.927946012467146 ], [ -8091620.356650916859508, 5842457.192949455231428 ] ] ] } },
{ "type": "Feature", "properties": { "OBJECTID": 4798, "TYPE": "Accotement asphalté", "NOM": null, "V_VELOBOUC": "Non", "LONGUEUR": 283.50511062914831 }, "geometry": { "type": "MultiLineString", "coordinates": [ [ [ -8091208.289647326804698, 5842045.465325416997075 ], [ -8091498.987712042406201, 5842335.927946012467146 ] ] ] } },
{ "type": "Feature", "properties": { "OBJECTID": 4799, "TYPE": "Accotement asphalté", "NOM": null, "V_VELOBOUC": "Non", "LONGUEUR": 399.96296035488865 }, "geometry": { "type": "MultiLineString", "coordinates": [ [ [ -8090798.211517780087888, 5841635.686929721385241 ], [ -8091208.289647326804698, 5842045.465325416997075 ] ] ] } },
{ "type": "Feature", "properties": { "OBJECTID": 4801, "TYPE": "Bande cyclable (marquage)", "NOM": null, "V_VELOBOUC": "Non", "LONGUEUR": 77.190284109175252 }, "geometry": { "type": "MultiLineString", "coordinates": [ [ [ -8082309.533982717432082, 5838300.491871771402657 ], [ -8082366.032011434435844, 5838247.85164628457278 ], [ -8082383.1540263639763, 5838217.743256746791303 ] ] ] } },
{ "type": "Feature", "properties": { "OBJECTID": 4802, "TYPE": "Bande cyclable (marquage)", "NOM": null, "V_VELOBOUC": "Non", "LONGUEUR": 67.508556636079106 }, "geometry": { "type": "MultiLineString", "coordinates": [ [ [ -8082233.771843862719834, 5838360.421263881959021 ], [ -8082257.337693546898663, 5838350.2382174115628 ], [ -8082309.533982717432082, 5838300.491871771402657 ] ] ] } },
{ "type": "Feature", "properties": { "OBJECTID": 4803, "TYPE": "Bande cyclable (marquage)", "NOM": null, "V_VELOBOUC": "Non", "LONGUEUR": 118.15012027791434 }, "geometry": { "type": "MultiLineString", "coordinates": [ [ [ -8082113.722685185261071, 5838482.462767349556088 ], [ -8082233.912009871564806, 5838360.560328806750476 ] ] ] } },
{ "type": "Feature", "properties": { "OBJECTID": 4804, "TYPE": "Bande cyclable (marquage)", "NOM": null, "V_VELOBOUC": "Non", "LONGUEUR": 277.4733767048599 }, "geometry": { "type": "MultiLineString", "coordinates": [ [ [ -8081831.500528714619577, 5838768.801226415671408 ], [ -8082016.00610663741827, 5838581.569704819470644 ], [ -8082113.722685185261071, 5838482.462767349556088 ] ] ] } },
{ "type": "Feature", "properties": { "OBJECTID": 4813, "TYPE": "Bande cyclable (marquage)", "NOM": null, "V_VELOBOUC": "Non", "LONGUEUR": 142.94230646419911 }, "geometry": { "type": "MultiLineString", "coordinates": [ [ [ -8079925.503447255119681, 5839596.454442849382758 ], [ -8079946.261920654214919, 5839606.907518229447305 ], [ -8079985.357685850933194, 5839629.213568582199514 ], [ -8080104.213694956153631, 5839700.739161498844624 ] ] ] } },
{ "type": "Feature", "properties": { "OBJECTID": 4814, "TYPE": "Bande cyclable (marquage)", "NOM": null, "V_VELOBOUC": "Non", "LONGUEUR": 25.089601788617163 }, "geometry": { "type": "MultiLineString", "coordinates": [ [ [ -8079892.110455340705812, 5839582.238608232699335 ], [ -8079917.774004820734262, 5839592.562230250798166 ], [ -8079925.503447255119681, 5839596.454442849382758 ] ] ] } },
{ "type": "Feature", "properties": { "OBJECTID": 4815, "TYPE": "Bande cyclable (marquage)", "NOM": null, "V_VELOBOUC": "Non", "LONGUEUR": 73.583254350945253 }, "geometry": { "type": "MultiLineString", "coordinates": [ [ [ -8079789.326015173457563, 5839554.580248676240444 ], [ -8079806.576450932770967, 5839558.625995417125523 ], [ -8079852.188702500425279, 5839570.19764753524214 ], [ -8079890.848844073712826, 5839581.731091153807938 ], [ -8079892.110455340705812, 5839582.238608232699335 ] ] ] } },
{ "type": "Feature", "properties": { "OBJECTID": 4816, "TYPE": "Bande cyclable (marquage)", "NOM": null, "V_VELOBOUC": "Non", "LONGUEUR": 99.256267351499275 }, "geometry": { "type": "MultiLineString", "coordinates": [ [ [ -8079648.755074151791632, 5839525.335419757291675 ], [ -8079664.059949418529868, 5839527.889396349899471 ], [ -8079707.102206766605377, 5839535.977734321728349 ], [ -8079743.372187348082662, 5839543.8025565687567 ], [ -8079789.326015173457563, 5839554.580248676240444 ] ] ] } },
{ "type": "Feature", "properties": { "OBJECTID": 4817, "TYPE": "Bande cyclable (marquage)", "NOM": null, "V_VELOBOUC": "Non", "LONGUEUR": 153.1087026181695 }, "geometry": { "type": "MultiLineString", "coordinates": [ [ [ -8079430.160763202235103, 5839489.416237633675337 ], [ -8079443.257088812999427, 5839491.566438937559724 ], [ -8079547.105090389959514, 5839508.372108825482428 ], [ -8079648.755074151791632, 5839525.335419757291675 ] ] ] } },
{ "type": "Feature", "properties": { "OBJECTID": 4818, "TYPE": "Bande cyclable (marquage)", "NOM": null, "V_VELOBOUC": "Non", "LONGUEUR": 354.25951718405253 }, "geometry": { "type": "MultiLineString", "coordinates": [ [ [ -8078927.209734631702304, 5839394.852509500458837 ], [ -8078940.148656608536839, 5839400.026539599522948 ], [ -8078964.790402561426163, 5839408.839867007918656 ], [ -8078985.430651852861047, 5839414.804020578972995 ], [ -8079000.089846079237759, 5839418.278563537634909 ], [ -8079018.194338690489531, 5839421.755153739824891 ], [ -8079066.430135406553745, 5839429.770689552649856 ], [ -8079133.697907839901745, 5839440.736873205751181 ], [ -8079430.160763202235103, 5839489.416237633675337 ] ] ] } },
{ "type": "Feature", "properties": { "OBJECTID": 4820, "TYPE": "Bande cyclable (marquage)", "NOM": null, "V_VELOBOUC": "Non", "LONGUEUR": 254.60311071928584 }, "geometry": { "type": "MultiLineString", "coordinates": [ [ [ -8078608.273623245768249, 5839210.618376747705042 ], [ -8078617.406396062113345, 5839217.279926329851151 ], [ -8078630.880375041626394, 5839225.825564632192254 ], [ -8078639.616129470989108, 5839231.043627222068608 ], [ -8078861.126237868331373, 5839361.202498496510088 ], [ -8078887.569959150627255, 5839376.601942445151508 ], [ -8078911.891567436046898, 5839388.727054329589009 ], [ -8078927.209734631702304, 5839394.852509500458837 ] ] ] } },
{ "type": "Feature", "properties": { "OBJECTID": 4822, "TYPE": "Bande cyclable (marquage)", "NOM": null, "V_VELOBOUC": "Non", "LONGUEUR": 201.68716639587853 }, "geometry": { "type": "MultiLineString", "coordinates": [ [ [ -8078405.491262566298246, 5839000.463982296176255 ], [ -8078417.032766892574728, 5839010.530221260152757 ], [ -8078434.622260130010545, 5839027.239247774705291 ], [ -8078482.599421702325344, 5839081.521538403816521 ], [ -8078519.853935602121055, 5839121.04836069047451 ], [ -8078599.06231542211026, 5839202.916676887311041 ], [ -8078608.273623245768249, 5839210.618376747705042 ] ] ] } },
{ "type": "Feature", "properties": { "OBJECTID": 4823, "TYPE": "Bande cyclable (marquage)", "NOM": null, "V_VELOBOUC": "Non", "LONGUEUR": 104.96831292342202 }, "geometry": { "type": "MultiLineString", "coordinates": [ [ [ -8078066.379070745781064, 5838827.128415386192501 ], [ -8078100.282920648343861, 5838838.819042834453285 ], [ -8078125.579804582521319, 5838844.110305028036237 ], [ -8078175.93523985426873, 5838858.721854612231255 ], [ -8078207.072166088968515, 5838880.114205558784306 ] ] ] } },
{ "type": "Feature", "properties": { "OBJECTID": 4824, "TYPE": "Bande cyclable (marquage)", "NOM": null, "V_VELOBOUC": "Non", "LONGUEUR": 74.372531973425012 }, "geometry": { "type": "MultiLineString", "coordinates": [ [ [ -8078754.676553840748966, 5837252.738749883137643 ], [ -8078666.532545766793191, 5837314.596936685033143 ] ] ] } },
{ "type": "Feature", "properties": { "OBJECTID": 4825, "TYPE": "Bande cyclable (marquage)", "NOM": "Route Verte 4 (nord-sud)", "V_VELOBOUC": "Oui", "LONGUEUR": 50.584862918370234 }, "geometry": { "type": "MultiLineString", "coordinates": [ [ [ -8077947.144608420319855, 5835814.199904132634401 ], [ -8077956.691481261514127, 5835795.335454621352255 ], [ -8077963.273546532727778, 5835781.245346612296999 ], [ -8077963.863367694430053, 5835774.220552852377295 ], [ -8077962.598829397000372, 5835770.246021608822048 ], [ -8077958.199305859394372, 5835766.13731449842453 ], [ -8077951.721971122547984, 5835762.54750077240169 ], [ -8077946.192156096920371, 5835761.28520873747766 ], [ -8077946.438806558027864, 5835754.9852827610448 ] ] ] } },
{ "type": "Feature", "properties": { "OBJECTID": 4826, "TYPE": "Bande cyclable (marquage)", "NOM": "Route Verte 4 (nord-sud)", "V_VELOBOUC": "Oui", "LONGUEUR": 80.734890509232756 }, "geometry": { "type": "MultiLineString", "coordinates": [ [ [ -8077893.983987186104059, 5835918.482587960548699 ], [ -8077941.854946018196642, 5835824.652122828178108 ], [ -8077947.144608420319855, 5835814.199904132634401 ] ] ] } },
{ "type": "Feature", "properties": { "OBJECTID": 4827, "TYPE": "Bande cyclable (marquage)", "NOM": null, "V_VELOBOUC": "Non", "LONGUEUR": 38.378401489965682 }, "geometry": { "type": "MultiLineString", "coordinates": [ [ [ -8079866.823030114173889, 5835210.439269917085767 ], [ -8079820.684685058891773, 5835241.378533930517733 ] ] ] } },
{ "type": "Feature", "properties": { "OBJECTID": 4829, "TYPE": "Bande cyclable (marquage)", "NOM": null, "V_VELOBOUC": "Non", "LONGUEUR": 278.34068959489178 }, "geometry": { "type": "MultiLineString", "coordinates": [ [ [ -8079496.083885904401541, 5835463.179957641288638 ], [ -8079381.229292417876422, 5835529.865247630514205 ], [ -8079332.84462044108659, 5835557.253270337358117 ], [ -8079302.003325224854052, 5835571.145901490934193 ], [ -8079271.159087593667209, 5835582.992442718707025 ], [ -8079239.884282398968935, 5835592.357857406139374 ], [ -8079127.898492782376707, 5835617.581164930015802 ] ] ] } },
{ "type": "Feature", "properties": { "OBJECTID": 4830, "TYPE": "Bande cyclable (marquage)", "NOM": null, "V_VELOBOUC": "Non", "LONGUEUR": 105.59031440298497 }, "geometry": { "type": "MultiLineString", "coordinates": [ [ [ -8079127.898492782376707, 5835617.581164930015802 ], [ -8079104.764748508110642, 5835622.791546971537173 ], [ -8079032.0436847852543, 5835637.601661754772067 ], [ -8078977.715386662632227, 5835644.646451479755342 ] ] ] } },
{ "type": "Feature", "properties": { "OBJECTID": 4831, "TYPE": "Bande cyclable (marquage)", "NOM": null, "V_VELOBOUC": "Non", "LONGUEUR": 17.423501436368205 }, "geometry": { "type": "MultiLineString", "coordinates": [ [ [ -8078683.718010690063238, 5835661.582510383799672 ], [ -8078658.554318071343005, 5835662.866290870122612 ] ] ] } },
{ "type": "Feature", "properties": { "OBJECTID": 4832, "TYPE": "Bande cyclable (marquage)", "NOM": null, "V_VELOBOUC": "Non", "LONGUEUR": 25.082318371962742 }, "geometry": { "type": "MultiLineString", "coordinates": [ [ [ -8078658.554318071343005, 5835662.866290870122612 ], [ -8078622.329454061575234, 5835664.714231040328741 ] ] ] } },
{ "type": "Feature", "properties": { "OBJECTID": 4834, "TYPE": "Bande cyclable (marquage)", "NOM": null, "V_VELOBOUC": "Non", "LONGUEUR": 116.84594397012503 }, "geometry": { "type": "MultiLineString", "coordinates": [ [ [ -8078515.021888971328735, 5835669.888562323525548 ], [ -8078451.460181966423988, 5835672.421068704687059 ], [ -8078383.287153946235776, 5835674.387358704581857 ], [ -8078346.138908381573856, 5835673.506484228186309 ] ] ] } },
{ "type": "Feature", "properties": { "OBJECTID": 4835, "TYPE": "Bande cyclable (marquage)", "NOM": null, "V_VELOBOUC": "Non", "LONGUEUR": 81.21521006042839 }, "geometry": { "type": "MultiLineString", "coordinates": [ [ [ -8078346.138908381573856, 5835673.506484228186309 ], [ -8078319.919431340880692, 5835672.884680355899036 ], [ -8078286.123738329857588, 5835671.641508594155312 ], [ -8078236.80211082380265, 5835668.295428672805429 ], [ -8078228.881754641421139, 5835667.438434667885303 ] ] ] } },
{ "type": "Feature", "properties": { "OBJECTID": 4836, "TYPE": "Bande cyclable (marquage)", "NOM": null, "V_VELOBOUC": "Non", "LONGUEUR": 68.534425973541587 }, "geometry": { "type": "MultiLineString", "coordinates": [ [ [ -8078228.881754641421139, 5835667.438434667885303 ], [ -8078214.101937708444893, 5835665.839203059673309 ], [ -8078130.453281651251018, 5835655.823247110471129 ] ] ] } },
{ "type": "Feature", "properties": { "OBJECTID": 4837, "TYPE": "Bande cyclable (marquage)", "NOM": null, "V_VELOBOUC": "Non", "LONGUEUR": 69.208381815535901 }, "geometry": { "type": "MultiLineString", "coordinates": [ [ [ -8078130.453281651251018, 5835655.823247110471129 ], [ -8078031.076383203268051, 5835643.922955992631614 ] ] ] } },
{ "type": "Feature", "properties": { "OBJECTID": 4838, "TYPE": "Bande cyclable (marquage)", "NOM": null, "V_VELOBOUC": "Non", "LONGUEUR": 27.508948759824051 }, "geometry": { "type": "MultiLineString", "coordinates": [ [ [ -8078031.076383203268051, 5835643.922955992631614 ], [ -8077991.576127572916448, 5835639.192537649534643 ] ] ] } },
{ "type": "Feature", "properties": { "OBJECTID": 4840, "TYPE": "Bande cyclable (marquage)", "NOM": null, "V_VELOBOUC": "Non", "LONGUEUR": 39.509873206935566 }, "geometry": { "type": "MultiLineString", "coordinates": [ [ [ -8078603.417711804620922, 5835552.114057091064751 ], [ -8078642.643340709619224, 5835593.78950528614223 ] ] ] } },
{ "type": "Feature", "properties": { "OBJECTID": 4841, "TYPE": "Bande cyclable (marquage)", "NOM": null, "V_VELOBOUC": "Non", "LONGUEUR": 173.95221686312655 }, "geometry": { "type": "MultiLineString", "coordinates": [ [ [ -8078430.698351863771677, 5835368.649462477304041 ], [ -8078440.831971887499094, 5835379.370142676867545 ], [ -8078603.417711804620922, 5835552.114057091064751 ] ] ] } },
{ "type": "Feature", "properties": { "OBJECTID": 4842, "TYPE": "Bande cyclable (marquage)", "NOM": null, "V_VELOBOUC": "Non", "LONGUEUR": 187.59761298913494 }, "geometry": { "type": "MultiLineString", "coordinates": [ [ [ -8078244.039227185770869, 5835171.17265319544822 ], [ -8078430.698351863771677, 5835368.649462477304041 ] ] ] } },
{ "type": "Feature", "properties": { "OBJECTID": 4843, "TYPE": "Bande cyclable (marquage)", "NOM": null, "V_VELOBOUC": "Non", "LONGUEUR": 88.894932481121359 }, "geometry": { "type": "MultiLineString", "coordinates": [ [ [ -8078336.987297659739852, 5835082.094990935176611 ], [ -8078244.039227185770869, 5835171.17265319544822 ] ] ] } },
{ "type": "Feature", "properties": { "OBJECTID": 4844, "TYPE": "Bande cyclable (marquage)", "NOM": null, "V_VELOBOUC": "Non", "LONGUEUR": 253.90792010916084 }, "geometry": { "type": "MultiLineString", "coordinates": [ [ [ -8077991.267727252095938, 5834904.034304762259126 ], [ -8078244.039227185770869, 5835171.17265319544822 ] ] ] } },
{ "type": "Feature", "properties": { "OBJECTID": 4845, "TYPE": "Bande cyclable (marquage)", "NOM": null, "V_VELOBOUC": "Non", "LONGUEUR": 134.0744585633129 }, "geometry": { "type": "MultiLineString", "coordinates": [ [ [ -8077860.96431927010417, 5834760.031953348778188 ], [ -8077981.441828798502684, 5834893.64949896838516 ], [ -8077991.267727252095938, 5834904.034304762259126 ] ] ] } },
{ "type": "Feature", "properties": { "OBJECTID": 4846, "TYPE": "Bande cyclable (marquage)", "NOM": null, "V_VELOBOUC": "Non", "LONGUEUR": 55.153060751115611 }, "geometry": { "type": "MultiLineString", "coordinates": [ [ [ -8077807.467209920287132, 5834700.698898380622268 ], [ -8077860.96431927010417, 5834760.031953348778188 ] ] ] } },
{ "type": "Feature", "properties": { "OBJECTID": 4847, "TYPE": "Bande cyclable (marquage)", "NOM": null, "V_VELOBOUC": "Non", "LONGUEUR": 117.54533466196587 }, "geometry": { "type": "MultiLineString", "coordinates": [ [ [ -8077693.235328737646341, 5834574.4472730262205 ], [ -8077703.217995271086693, 5834585.075245487503707 ], [ -8077807.467209920287132, 5834700.698898380622268 ] ] ] } },
{ "type": "Feature", "properties": { "OBJECTID": 4848, "TYPE": "Bande cyclable (marquage)", "NOM": null, "V_VELOBOUC": "Non", "LONGUEUR": 91.989762404472231 }, "geometry": { "type": "MultiLineString", "coordinates": [ [ [ -8077602.018107553943992, 5834477.332530207000673 ], [ -8077693.235328737646341, 5834574.4472730262205 ] ] ] } },
{ "type": "Feature", "properties": { "OBJECTID": 4849, "TYPE": "Bande cyclable (marquage)", "NOM": null, "V_VELOBOUC": "Non", "LONGUEUR": 192.1428558022422 }, "geometry": { "type": "MultiLineString", "coordinates": [ [ [ -8077411.495360213331878, 5834274.485336829908192 ], [ -8077602.018107553943992, 5834477.332530207000673 ] ] ] } },
{ "type": "Feature", "properties": { "OBJECTID": 4851, "TYPE": "Bande cyclable (marquage)", "NOM": null, "V_VELOBOUC": "Non", "LONGUEUR": 72.092378909259551 }, "geometry": { "type": "MultiLineString", "coordinates": [ [ [ -8078931.184942847117782, 5834836.008530964143574 ], [ -8078827.239995445124805, 5834828.100970655679703 ] ] ] } },
{ "type": "Feature", "properties": { "OBJECTID": 4852, "TYPE": "Bande cyclable (marquage)", "NOM": null, "V_VELOBOUC": "Non", "LONGUEUR": 109.92098747119343 }, "geometry": { "type": "MultiLineString", "coordinates": [ [ [ -8078827.239995445124805, 5834828.100970655679703 ], [ -8078731.713455674238503, 5834820.832729348912835 ], [ -8078701.648215578868985, 5834819.823405331932008 ], [ -8078687.30681184772402, 5834819.975443108007312 ], [ -8078674.39747622422874, 5834820.942039831541479 ], [ -8078668.672106526792049, 5834821.67501381598413 ] ] ] } },
{ "type": "Feature", "properties": { "OBJECTID": 4853, "TYPE": "Bande cyclable (marquage)", "NOM": null, "V_VELOBOUC": "Non", "LONGUEUR": 26.301223179790039 }, "geometry": { "type": "MultiLineString", "coordinates": [ [ [ -8079753.339964298531413, 5834467.723777195438743 ], [ -8079725.985971376299858, 5834494.228082799352705 ] ] ] } },
{ "type": "Feature", "properties": { "OBJECTID": 4857, "TYPE": "Bande cyclable (marquage)", "NOM": null, "V_VELOBOUC": "Non", "LONGUEUR": 59.779479353786073 }, "geometry": { "type": "MultiLineString", "coordinates": [ [ [ -8080409.086706758476794, 5833835.448557323776186 ], [ -8080371.27941497694701, 5833875.385869987308979 ], [ -8080348.702222648076713, 5833897.463739464990795 ] ] ] } },
{ "type": "Feature", "properties": { "OBJECTID": 4859, "TYPE": "Bande cyclable (marquage)", "NOM": null, "V_VELOBOUC": "Non", "LONGUEUR": 24.692235454186807 }, "geometry": { "type": "MultiLineString", "coordinates": [ [ [ -8080020.214631823822856, 5833298.433783783577383 ], [ -8080046.330048447474837, 5833322.850053984671831 ] ] ] } },
{ "type": "Feature", "properties": { "OBJECTID": 4860, "TYPE": "Bande cyclable (marquage)", "NOM": null, "V_VELOBOUC": "Non", "LONGUEUR": 57.12741489757785 }, "geometry": { "type": "MultiLineString", "coordinates": [ [ [ -8080046.330048447474837, 5833322.850053984671831 ], [ -8080106.750649995170534, 5833379.338974545709789 ] ] ] } },
{ "type": "Feature", "properties": { "OBJECTID": 4865, "TYPE": "Bande cyclable (marquage)", "NOM": null, "V_VELOBOUC": "Non", "LONGUEUR": 84.418746886942714 }, "geometry": { "type": "MultiLineString", "coordinates": [ [ [ -8080825.048382779583335, 5834050.81758750975132 ], [ -8080836.795259700156748, 5834075.281981616280973 ], [ -8080892.967563973739743, 5834124.864168045111001 ], [ -8080912.685174291022122, 5834129.123040627688169 ] ] ] } },
{ "type": "Feature", "properties": { "OBJECTID": 4870, "TYPE": "Bande cyclable (marquage)", "NOM": null, "V_VELOBOUC": "Non", "LONGUEUR": 151.57944340555633 }, "geometry": { "type": "MultiLineString", "coordinates": [ [ [ -8079287.113048906438053, 5832875.327451780438423 ], [ -8079321.397841457277536, 5832872.818087249994278 ], [ -8079355.617991573177278, 5832870.859963560476899 ], [ -8079376.06256808154285, 5832870.638159982860088 ], [ -8079397.865251433104277, 5832871.55316973477602 ], [ -8079427.830946492031217, 5832874.386377848684788 ], [ -8079455.103930933400989, 5832878.805699774995446 ], [ -8079482.262279055081308, 5832884.785968887619674 ], [ -8079504.111006968654692, 5832890.896610599011183 ] ] ] } },
{ "type": "Feature", "properties": { "OBJECTID": 4871, "TYPE": "Bande cyclable (marquage)", "NOM": null, "V_VELOBOUC": "Non", "LONGUEUR": 88.511577064164698 }, "geometry": { "type": "MultiLineString", "coordinates": [ [ [ -8079159.679400578141212, 5832886.92270146869123 ], [ -8079286.266530880704522, 5832875.389391594566405 ], [ -8079287.113048906438053, 5832875.327451780438423 ] ] ] } },
{ "type": "Feature", "properties": { "OBJECTID": 4872, "TYPE": "Bande cyclable (marquage)", "NOM": null, "V_VELOBOUC": "Non", "LONGUEUR": 196.83348880265075 }, "geometry": { "type": "MultiLineString", "coordinates": [ [ [ -8078880.201759243384004, 5832853.175834638997912 ], [ -8078899.031187418848276, 5832860.317708968184888 ], [ -8078931.402085551992059, 5832870.575065373443067 ], [ -8078955.406589088961482, 5832876.964960145764053 ], [ -8078988.37948530819267, 5832883.583611248992383 ], [ -8079019.155915337614715, 5832888.288285979069769 ], [ -8079054.573055792599916, 5832891.480483497492969 ], [ -8079091.003235156647861, 5832892.251066649332643 ], [ -8079140.462627933360636, 5832888.67338050622493 ], [ -8079159.679400578141212, 5832886.92270146869123 ] ] ] } },
{ "type": "Feature", "properties": { "OBJECTID": 4874, "TYPE": "Bande cyclable (marquage)", "NOM": null, "V_VELOBOUC": "Non", "LONGUEUR": 81.88102440863895 }, "geometry": { "type": "MultiLineString", "coordinates": [ [ [ -8078383.190125660039485, 5832404.043715278618038 ], [ -8078466.652392387390137, 5832488.244590763933957 ] ] ] } },
{ "type": "Feature", "properties": { "OBJECTID": 4875, "TYPE": "Chaussée désignée", "NOM": null, "V_VELOBOUC": "Non", "LONGUEUR": 35.080369076201293 }, "geometry": { "type": "MultiLineString", "coordinates": [ [ [ -8078347.432790248654783, 5832367.969455756247044 ], [ -8078383.190125660039485, 5832404.043715278618038 ] ] ] } },
{ "type": "Feature", "properties": { "OBJECTID": 4876, "TYPE": "Chaussée désignée", "NOM": null, "V_VELOBOUC": "Non", "LONGUEUR": 23.902066456702546 }, "geometry": { "type": "MultiLineString", "coordinates": [ [ [ -8078323.069643539376557, 5832343.390197820030153 ], [ -8078347.432790248654783, 5832367.969455756247044 ] ] ] } },
{ "type": "Feature", "properties": { "OBJECTID": 4877, "TYPE": "Chaussée désignée", "NOM": "Route Verte 5 (est-ouest)", "V_VELOBOUC": "Oui", "LONGUEUR": 106.79639587109776 }, "geometry": { "type": "MultiLineString", "coordinates": [ [ [ -8076526.263935878872871, 5834041.291177744977176 ], [ -8076499.069694847799838, 5834074.973839113488793 ], [ -8076461.154492238536477, 5834179.851338300853968 ] ] ] } },
{ "type": "Feature", "properties": { "OBJECTID": 4878, "TYPE": "Chaussée désignée", "NOM": "Route Verte 5 (est-ouest)", "V_VELOBOUC": "Oui", "LONGUEUR": 66.484714105659279 }, "geometry": { "type": "MultiLineString", "coordinates": [ [ [ -8076461.154492238536477, 5834179.851338300853968 ], [ -8076428.379330388270319, 5834270.509681110270321 ] ] ] } },
{ "type": "Feature", "properties": { "OBJECTID": 4879, "TYPE": "Bande cyclable (marquage)", "NOM": "Route Verte 5 (est-ouest)", "V_VELOBOUC": "Oui", "LONGUEUR": 113.49772994218044 }, "geometry": { "type": "MultiLineString", "coordinates": [ [ [ -8076354.276473285630345, 5834465.728223682381213 ], [ -8076296.658711890690029, 5834619.883017604239285 ] ] ] } },
{ "type": "Feature", "properties": { "OBJECTID": 4880, "TYPE": "Bande cyclable (marquage)", "NOM": "Route Verte 5 (est-ouest)", "V_VELOBOUC": "Oui", "LONGUEUR": 79.513188465813641 }, "geometry": { "type": "MultiLineString", "coordinates": [ [ [ -8076255.449217341840267, 5834728.541441122069955 ], [ -8076214.849213880486786, 5834836.452512681484222 ] ] ] } },
{ "type": "Feature", "properties": { "OBJECTID": 4881, "TYPE": "Bande cyclable (marquage)", "NOM": null, "V_VELOBOUC": "Non", "LONGUEUR": 165.24915414808672 }, "geometry": { "type": "MultiLineString", "coordinates": [ [ [ -8076473.475526547990739, 5834826.622036768123507 ], [ -8076255.449217341840267, 5834728.541441122069955 ] ] ] } },
{ "type": "Feature", "properties": { "OBJECTID": 4882, "TYPE": "Bande cyclable (marquage)", "NOM": null, "V_VELOBOUC": "Non", "LONGUEUR": 198.39748403067011 }, "geometry": { "type": "MultiLineString", "coordinates": [ [ [ -8076734.910364878363907, 5834945.114147157408297 ], [ -8076473.475526547990739, 5834826.622036768123507 ] ] ] } },
{ "type": "Feature", "properties": { "OBJECTID": 4883, "TYPE": "Bande cyclable (marquage)", "NOM": null, "V_VELOBOUC": "Non", "LONGUEUR": 121.64403701279659 }, "geometry": { "type": "MultiLineString", "coordinates": [ [ [ -8076895.208184316754341, 5835017.762526313774288 ], [ -8076734.910364878363907, 5834945.114147157408297 ] ] ] } },
{ "type": "Feature", "properties": { "OBJECTID": 4884, "TYPE": "Bande cyclable (marquage)", "NOM": null, "V_VELOBOUC": "Non", "LONGUEUR": 47.115380741357967 }, "geometry": { "type": "MultiLineString", "coordinates": [ [ [ -8076957.295729255303741, 5835045.900206160731614 ], [ -8076895.208184316754341, 5835017.762526313774288 ] ] ] } },
{ "type": "Feature", "properties": { "OBJECTID": 4885, "TYPE": "Bande cyclable (marquage)", "NOM": null, "V_VELOBOUC": "Non", "LONGUEUR": 19.976451388478633 }, "geometry": { "type": "MultiLineString", "coordinates": [ [ [ -8076983.620352041907609, 5835057.830191345885396 ], [ -8076957.295729255303741, 5835045.900206160731614 ] ] ] } },
{ "type": "Feature", "properties": { "OBJECTID": 4886, "TYPE": "Bande cyclable (marquage)", "NOM": null, "V_VELOBOUC": "Non", "LONGUEUR": 124.0941953062471 }, "geometry": { "type": "MultiLineString", "coordinates": [ [ [ -8077147.151123747229576, 5835131.93820521607995 ], [ -8076983.620352041907609, 5835057.830191345885396 ] ] ] } },
{ "type": "Feature", "properties": { "OBJECTID": 4887, "TYPE": "Bande cyclable (marquage)", "NOM": null, "V_VELOBOUC": "Non", "LONGUEUR": 172.31245626830963 }, "geometry": { "type": "MultiLineString", "coordinates": [ [ [ -8077374.228296641260386, 5835234.837774080224335 ], [ -8077147.151123747229576, 5835131.93820521607995 ] ] ] } },
{ "type": "Feature", "properties": { "OBJECTID": 4888, "TYPE": "Bande cyclable (marquage)", "NOM": null, "V_VELOBOUC": "Non", "LONGUEUR": 171.86999378846102 }, "geometry": { "type": "MultiLineString", "coordinates": [ [ [ -8077600.727689175866544, 5835337.468532102182508 ], [ -8077374.228296641260386, 5835234.837774080224335 ] ] ] } },
{ "type": "Feature", "properties": { "OBJECTID": 4889, "TYPE": "Bande cyclable (marquage)", "NOM": null, "V_VELOBOUC": "Non", "LONGUEUR": 80.607582017659539 }, "geometry": { "type": "MultiLineString", "coordinates": [ [ [ -8077559.826177053153515, 5835446.370647692121565 ], [ -8077601.271282479166985, 5835337.714842400513589 ], [ -8077600.727689175866544, 5835337.468532102182508 ] ] ] } },
{ "type": "Feature", "properties": { "OBJECTID": 5053, "TYPE": "Chaussée désignée", "NOM": "Route Verte 5 (est-ouest)", "V_VELOBOUC": "Oui", "LONGUEUR": 116.50042181676957 }, "geometry": { "type": "MultiLineString", "coordinates": [ [ [ -8076077.887302885763347, 5835212.113913563080132 ], [ -8076070.096255207434297, 5835208.529044411145151 ], [ -8075924.310446647927165, 5835142.656117090955377 ] ] ] } },
{ "type": "Feature", "properties": { "OBJECTID": 5054, "TYPE": "Chaussée désignée", "NOM": "Route Verte 5 (est-ouest)", "V_VELOBOUC": "Oui", "LONGUEUR": 155.93154055289173 }, "geometry": { "type": "MultiLineString", "coordinates": [ [ [ -8075924.310446647927165, 5835142.656117090955377 ], [ -8075718.721557483077049, 5835049.764977893792093 ] ] ] } },
{ "type": "Feature", "properties": { "OBJECTID": 5056, "TYPE": "Chaussée désignée", "NOM": "Route Verte 5 (est-ouest)", "V_VELOBOUC": "Oui", "LONGUEUR": 101.72962086541584 }, "geometry": { "type": "MultiLineString", "coordinates": [ [ [ -8075630.577994770370424, 5835009.648078561760485 ], [ -8075497.49288687389344, 5834946.783468772657216 ] ] ] } },
{ "type": "Feature", "properties": { "OBJECTID": 5057, "TYPE": "Chaussée désignée", "NOM": "Route Verte 5 (est-ouest)", "V_VELOBOUC": "Oui", "LONGUEUR": 15.99015344393621 }, "geometry": { "type": "MultiLineString", "coordinates": [ [ [ -8075376.926672720350325, 5834889.409426536411047 ], [ -8075364.28657990694046, 5834908.832010366953909 ] ] ] } },
{ "type": "Feature", "properties": { "OBJECTID": 5058, "TYPE": "Chaussée désignée", "NOM": "Route Verte 5 (est-ouest)", "V_VELOBOUC": "Oui", "LONGUEUR": 112.8284452904047 }, "geometry": { "type": "MultiLineString", "coordinates": [ [ [ -8075872.126475727185607, 5835291.970645943656564 ], [ -8076015.78855630196631, 5835351.328692807815969 ], [ -8076022.970021123066545, 5835354.34529267065227 ] ] ] } },
{ "type": "Feature", "properties": { "OBJECTID": 5059, "TYPE": "Chaussée désignée", "NOM": "Route Verte 5 (est-ouest)", "V_VELOBOUC": "Oui", "LONGUEUR": 161.20257243376267 }, "geometry": { "type": "MultiLineString", "coordinates": [ [ [ -8075656.587087041698396, 5835202.914624288678169 ], [ -8075872.126475727185607, 5835291.970645943656564 ] ] ] } },
{ "type": "Feature", "properties": { "OBJECTID": 5060, "TYPE": "Chaussée désignée", "NOM": "Route Verte 5 (est-ouest)", "V_VELOBOUC": "Oui", "LONGUEUR": 64.913006318942934 }, "geometry": { "type": "MultiLineString", "coordinates": [ [ [ -8075569.79497970174998, 5835167.052359353750944 ], [ -8075656.587087041698396, 5835202.914624288678169 ] ] ] } },
{ "type": "Feature", "properties": { "OBJECTID": 5061, "TYPE": "Chaussée désignée", "NOM": "Route Verte 5 (est-ouest)", "V_VELOBOUC": "Oui", "LONGUEUR": 121.51986880508984 }, "geometry": { "type": "MultiLineString", "coordinates": [ [ [ -8075407.318436746485531, 5835099.914784760214388 ], [ -8075569.79497970174998, 5835167.052359353750944 ] ] ] } },
{ "type": "Feature", "properties": { "OBJECTID": 5062, "TYPE": "Chaussée désignée", "NOM": "Route Verte 5 (est-ouest)", "V_VELOBOUC": "Oui", "LONGUEUR": 69.338198936467379 }, "geometry": { "type": "MultiLineString", "coordinates": [ [ [ -8075195.456963834352791, 5835012.36538540199399 ], [ -8075288.162523329257965, 5835050.675667752511799 ] ] ] } },
{ "type": "Feature", "properties": { "OBJECTID": 5063, "TYPE": "Chaussée désignée", "NOM": "Route Verte 5 (est-ouest)", "V_VELOBOUC": "Oui", "LONGUEUR": 64.238714003521665 }, "geometry": { "type": "MultiLineString", "coordinates": [ [ [ -8075364.07850512675941, 5834909.154521071352065 ], [ -8075279.935796768404543, 5834869.682533020153642 ] ] ] } },
{ "type": "Feature", "properties": { "OBJECTID": 5064, "TYPE": "Chaussée désignée", "NOM": "Route Verte 5 (est-ouest)", "V_VELOBOUC": "Oui", "LONGUEUR": 50.661225962377273 }, "geometry": { "type": "MultiLineString", "coordinates": [ [ [ -8075195.456963834352791, 5835012.36538540199399 ], [ -8075179.633728936314583, 5835029.969802824780345 ], [ -8075143.713242157362401, 5835064.323011852800846 ] ] ] } },
{ "type": "Feature", "properties": { "OBJECTID": 5065, "TYPE": "Chaussée désignée", "NOM": "Route Verte 5 (est-ouest)", "V_VELOBOUC": "Oui", "LONGUEUR": 65.6198935019423 }, "geometry": { "type": "MultiLineString", "coordinates": [ [ [ -8075143.713242157362401, 5835064.323011852800846 ], [ -8075075.033447559922934, 5835130.005324284546077 ] ] ] } },
{ "type": "Feature", "properties": { "OBJECTID": 5068, "TYPE": "Chaussée désignée", "NOM": "Route Verte 5 (est-ouest)", "V_VELOBOUC": "Oui", "LONGUEUR": 38.217834163589451 }, "geometry": { "type": "MultiLineString", "coordinates": [ [ [ -8074649.666592078283429, 5835678.080059077590704 ], [ -8074607.673696175217628, 5835714.126367067918181 ] ] ] } },
{ "type": "Feature", "properties": { "OBJECTID": 5069, "TYPE": "Chaussée désignée", "NOM": "Route Verte 5 (est-ouest)", "V_VELOBOUC": "Oui", "LONGUEUR": 51.058213925534304 }, "geometry": { "type": "MultiLineString", "coordinates": [ [ [ -8074607.673696175217628, 5835714.126367067918181 ], [ -8074551.571565143764019, 5835762.283398448489606 ] ] ] } },
{ "type": "Feature", "properties": { "OBJECTID": 5070, "TYPE": "Chaussée désignée", "NOM": "Route Verte 5 (est-ouest)", "V_VELOBOUC": "Oui", "LONGUEUR": 60.724309353261688 }, "geometry": { "type": "MultiLineString", "coordinates": [ [ [ -8074477.836449819616973, 5835824.330956149846315 ], [ -8074409.92978988122195, 5835880.189080590382218 ] ] ] } },
{ "type": "Feature", "properties": { "OBJECTID": 5071, "TYPE": "Bande cyclable (marquage)", "NOM": null, "V_VELOBOUC": "Non", "LONGUEUR": 29.562936922319778 }, "geometry": { "type": "MultiLineString", "coordinates": [ [ [ -8075149.026587578468025, 5837706.491834021173418 ], [ -8075169.965835041366518, 5837726.384755090810359 ], [ -8075183.568036370910704, 5837729.363473865203559 ] ] ] } },
{ "type": "Feature", "properties": { "OBJECTID": 5072, "TYPE": "Bande cyclable (marquage)", "NOM": null, "V_VELOBOUC": "Non", "LONGUEUR": 154.54991536084708 }, "geometry": { "type": "MultiLineString", "coordinates": [ [ [ -8075183.568036370910704, 5837729.363473865203559 ], [ -8075332.982299049384892, 5837896.178485919721425 ] ] ] } },
{ "type": "Feature", "properties": { "OBJECTID": 5073, "TYPE": "Bande cyclable (marquage)", "NOM": null, "V_VELOBOUC": "Non", "LONGUEUR": 165.99942312625129 }, "geometry": { "type": "MultiLineString", "coordinates": [ [ [ -8075332.982299049384892, 5837896.178485919721425 ], [ -8075493.038844981230795, 5838074.86890346929431 ], [ -8075493.478795216418803, 5838075.346035831607878 ] ] ] } },
{ "type": "Feature", "properties": { "OBJECTID": 5074, "TYPE": "Bande cyclable (marquage)", "NOM": null, "V_VELOBOUC": "Non", "LONGUEUR": 62.046445966131891 }, "geometry": { "type": "MultiLineString", "coordinates": [ [ [ -8075493.478795216418803, 5838075.346035831607878 ], [ -8075554.423042033798993, 5838141.442932964302599 ] ] ] } },
{ "type": "Feature", "properties": { "OBJECTID": 5075, "TYPE": "Bande cyclable (marquage)", "NOM": null, "V_VELOBOUC": "Non", "LONGUEUR": 115.1560283713948 }, "geometry": { "type": "MultiLineString", "coordinates": [ [ [ -8075554.423042033798993, 5838141.442932964302599 ], [ -8075665.528881632722914, 5838261.940101992338896 ], [ -8075667.524353770539165, 5838264.127267554402351 ] ] ] } },
{ "type": "Feature", "properties": { "OBJECTID": 5076, "TYPE": "Bande cyclable (marquage)", "NOM": null, "V_VELOBOUC": "Non", "LONGUEUR": 177.93326333288732 }, "geometry": { "type": "MultiLineString", "coordinates": [ [ [ -8075667.524353770539165, 5838264.127267554402351 ], [ -8075841.306509108282626, 5838454.600336328148842 ] ] ] } },
{ "type": "Feature", "properties": { "OBJECTID": 5078, "TYPE": "Bande cyclable (marquage)", "NOM": null, "V_VELOBOUC": "Non", "LONGUEUR": 82.139638909628331 }, "geometry": { "type": "MultiLineString", "coordinates": [ [ [ -8075920.066458543762565, 5838540.92232914082706 ], [ -8075921.695550044998527, 5838542.707819210365415 ], [ -8075964.236232888884842, 5838583.468278504908085 ], [ -8076003.344873579218984, 5838613.079690092243254 ], [ -8076010.422399684786797, 5838617.954942004755139 ] ] ] } },
{ "type": "Feature", "properties": { "OBJECTID": 5080, "TYPE": "Bande cyclable (marquage)", "NOM": null, "V_VELOBOUC": "Non", "LONGUEUR": 85.535389753769081 }, "geometry": { "type": "MultiLineString", "coordinates": [ [ [ -8076010.422399684786797, 5838617.954942004755139 ], [ -8076027.816097281873226, 5838629.936342417262495 ], [ -8076047.538207037374377, 5838642.410849667154253 ], [ -8076073.219534711912274, 5838657.486719589680433 ], [ -8076094.997242895886302, 5838669.791608772240579 ], [ -8076116.969886215403676, 5838680.824641067534685 ] ] ] } },
{ "type": "Feature", "properties": { "OBJECTID": 5081, "TYPE": "Bande cyclable (marquage)", "NOM": null, "V_VELOBOUC": "Non", "LONGUEUR": 220.98444235317763 }, "geometry": { "type": "MultiLineString", "coordinates": [ [ [ -8076239.341872002929449, 5838731.01251813210547 ], [ -8076328.583815939724445, 5838766.471257293596864 ], [ -8076536.591353478841484, 5838849.022136398591101 ] ] ] } },
{ "type": "Feature", "properties": { "OBJECTID": 5082, "TYPE": "Bande cyclable (marquage)", "NOM": null, "V_VELOBOUC": "Non", "LONGUEUR": 15.07165187705465 }, "geometry": { "type": "MultiLineString", "coordinates": [ [ [ -8076828.407670303247869, 5838959.843071485869586 ], [ -8076849.507977568544447, 5838965.352501954883337 ] ] ] } },
{ "type": "Feature", "properties": { "OBJECTID": 5083, "TYPE": "Bande cyclable (marquage)", "NOM": null, "V_VELOBOUC": "Non", "LONGUEUR": 264.29413021390781 }, "geometry": { "type": "MultiLineString", "coordinates": [ [ [ -8081468.394446071237326, 5837235.431301633827388 ], [ -8081485.342289281077683, 5837300.186101030558348 ], [ -8081490.783715348690748, 5837326.509948239661753 ], [ -8081494.834634416736662, 5837353.969867443665862 ], [ -8081495.444129556417465, 5837381.160067065618932 ], [ -8081493.472975269891322, 5837413.158620507456362 ], [ -8081486.419304827228189, 5837447.863569984212518 ], [ -8081475.277104389853776, 5837478.605669720098376 ], [ -8081460.223792285658419, 5837509.99414746183902 ], [ -8081440.382673368789256, 5837538.333023546263576 ], [ -8081418.282061737962067, 5837563.420880153775215 ], [ -8081398.062711291015148, 5837584.614040217362344 ], [ -8081396.449839304201305, 5837586.165621913969517 ] ] ] } },
{ "type": "Feature", "properties": { "OBJECTID": 5084, "TYPE": "Bande cyclable (marquage)", "NOM": null, "V_VELOBOUC": "Non", "LONGUEUR": 61.474899995267378 }, "geometry": { "type": "MultiLineString", "coordinates": [ [ [ -8081396.449839304201305, 5837586.165621913969517 ], [ -8081332.270359013229609, 5837647.906669992953539 ] ] ] } },
{ "type": "Feature", "properties": { "OBJECTID": 5085, "TYPE": "Bande cyclable (marquage)", "NOM": null, "V_VELOBOUC": "Non", "LONGUEUR": 78.762716513037603 }, "geometry": { "type": "MultiLineString", "coordinates": [ [ [ -8081332.270359013229609, 5837647.906669992953539 ], [ -8081250.041154583916068, 5837727.010283159092069 ] ] ] } },
{ "type": "Feature", "properties": { "OBJECTID": 5086, "TYPE": "Bande cyclable (marquage)", "NOM": null, "V_VELOBOUC": "Non", "LONGUEUR": 61.796630775805646 }, "geometry": { "type": "MultiLineString", "coordinates": [ [ [ -8081250.041154583916068, 5837727.010283159092069 ], [ -8081185.523709992878139, 5837789.074317397549748 ] ] ] } },
{ "type": "Feature", "properties": { "OBJECTID": 5087, "TYPE": "Bande cyclable (marquage)", "NOM": null, "V_VELOBOUC": "Non", "LONGUEUR": 124.31464914191025 }, "geometry": { "type": "MultiLineString", "coordinates": [ [ [ -8081185.523709992878139, 5837789.074317397549748 ], [ -8081055.732957400381565, 5837913.926772155798972 ] ] ] } },
{ "type": "Feature", "properties": { "OBJECTID": 5088, "TYPE": "Chaussée désignée", "NOM": "Route Verte 5 (est-ouest)", "V_VELOBOUC": "Oui", "LONGUEUR": 88.750277305600633 }, "geometry": { "type": "MultiLineString", "coordinates": [ [ [ -8073407.152126341126859, 5838659.048579476773739 ], [ -8073335.937882971018553, 5838634.888448251411319 ], [ -8073286.727787292562425, 5838614.587338386103511 ] ] ] } },
{ "type": "Feature", "properties": { "OBJECTID": 5089, "TYPE": "Chaussée désignée", "NOM": "Route Verte 5 (est-ouest)", "V_VELOBOUC": "Oui", "LONGUEUR": 44.282689133730621 }, "geometry": { "type": "MultiLineString", "coordinates": [ [ [ -8073286.727787292562425, 5838614.587338386103511 ], [ -8073247.449361853301525, 5838598.383191940374672 ], [ -8073227.84960391651839, 5838589.303847539238632 ] ] ] } },
{ "type": "Feature", "properties": { "OBJECTID": 5090, "TYPE": "Chaussée désignée", "NOM": "Route Verte 5 (est-ouest)", "V_VELOBOUC": "Oui", "LONGUEUR": 5.0821580952386762 }, "geometry": { "type": "MultiLineString", "coordinates": [ [ [ -8073227.84960391651839, 5838589.303847539238632 ], [ -8073221.175101046450436, 5838586.211953746154904 ] ] ] } },
{ "type": "Feature", "properties": { "OBJECTID": 5091, "TYPE": "Chaussée désignée", "NOM": "Route Verte 5 (est-ouest)", "V_VELOBOUC": "Oui", "LONGUEUR": 70.275323219165102 }, "geometry": { "type": "MultiLineString", "coordinates": [ [ [ -8073221.175101046450436, 5838586.211953746154904 ], [ -8073128.881534072570503, 5838543.457349869422615 ] ] ] } },
{ "type": "Feature", "properties": { "OBJECTID": 5092, "TYPE": "Chaussée désignée", "NOM": "Route Verte 5 (est-ouest)", "V_VELOBOUC": "Oui", "LONGUEUR": 135.05935155256668 }, "geometry": { "type": "MultiLineString", "coordinates": [ [ [ -8073128.881534072570503, 5838543.457349869422615 ], [ -8073121.693135800771415, 5838540.127288594841957 ], [ -8073052.524300684221089, 5838509.888765966519713 ], [ -8073016.711092159152031, 5838495.886409292928874 ], [ -8072998.71061875205487, 5838490.183813927695155 ], [ -8072966.649853173643351, 5838482.417674086987972 ], [ -8072946.018531641922891, 5838475.647835443727672 ] ] ] } },
{ "type": "Feature", "properties": { "OBJECTID": 5093, "TYPE": "Chaussée désignée", "NOM": "Route Verte 5 (est-ouest)", "V_VELOBOUC": "Oui", "LONGUEUR": 43.589168219195187 }, "geometry": { "type": "MultiLineString", "coordinates": [ [ [ -8072946.018531641922891, 5838475.647835443727672 ], [ -8072926.928491475991905, 5838465.338483138009906 ], [ -8072907.955640912055969, 5838452.135783121921122 ], [ -8072893.759686491452157, 5838440.576846660114825 ] ] ] } },
{ "type": "Feature", "properties": { "OBJECTID": 5094, "TYPE": "Chaussée désignée", "NOM": "Route Verte 5 (est-ouest)", "V_VELOBOUC": "Oui", "LONGUEUR": 144.411325634799 }, "geometry": { "type": "MultiLineString", "coordinates": [ [ [ -8072893.759686491452157, 5838440.576846660114825 ], [ -8072892.305790135636926, 5838439.393031658604741 ], [ -8072856.792975571006536, 5838402.481485391035676 ], [ -8072846.082676866091788, 5838391.618267644196749 ], [ -8072835.113751079887152, 5838382.851858168840408 ], [ -8072824.124137083999813, 5838375.153482785448432 ], [ -8072807.519119251519442, 5838365.308948394842446 ], [ -8072789.476276336237788, 5838357.212884717620909 ], [ -8072770.442729863338172, 5838350.200196742080152 ], [ -8072718.883773550391197, 5838334.438389522023499 ] ] ] } },
{ "type": "Feature", "properties": { "OBJECTID": 5095, "TYPE": "Chaussée désignée", "NOM": "Route Verte 5 (est-ouest)", "V_VELOBOUC": "Oui", "LONGUEUR": 85.54336338742219 }, "geometry": { "type": "MultiLineString", "coordinates": [ [ [ -8072718.883773550391197, 5838334.438389522023499 ], [ -8072710.958380577154458, 5838332.015534490346909 ], [ -8072655.304523361846805, 5838319.330505569465458 ], [ -8072625.648854984901845, 5838309.926404983736575 ], [ -8072600.101250909268856, 5838300.324619898572564 ] ] ] } },
{ "type": "Feature", "properties": { "OBJECTID": 5096, "TYPE": "Chaussée désignée", "NOM": "Route Verte 5 (est-ouest)", "V_VELOBOUC": "Oui", "LONGUEUR": 43.149265697814727 }, "geometry": { "type": "MultiLineString", "coordinates": [ [ [ -8072600.101250909268856, 5838300.324619898572564 ], [ -8072551.819929492659867, 5838281.189727243036032 ], [ -8072541.922010408714414, 5838277.66175798419863 ] ] ] } },
{ "type": "Feature", "properties": { "OBJECTID": 5097, "TYPE": "Chaussée désignée", "NOM": null, "V_VELOBOUC": "Non", "LONGUEUR": 72.518956760570362 }, "geometry": { "type": "MultiLineString", "coordinates": [ [ [ -8072600.101250909268856, 5838300.324619898572564 ], [ -8072598.351376838050783, 5838333.707299886271358 ], [ -8072598.617215557023883, 5838379.363530492410064 ], [ -8072600.752664146013558, 5838405.427664655260742 ] ] ] } },
{ "type": "Feature", "properties": { "OBJECTID": 5098, "TYPE": "Chaussée désignée", "NOM": null, "V_VELOBOUC": "Non", "LONGUEUR": 64.059983269832742 }, "geometry": { "type": "MultiLineString", "coordinates": [ [ [ -8072600.752664146013558, 5838405.427664655260742 ], [ -8072664.492016347125173, 5838472.906140461564064 ] ] ] } },
{ "type": "Feature", "properties": { "OBJECTID": 5100, "TYPE": "Chaussée désignée", "NOM": "Route Verte 5 (est-ouest)", "V_VELOBOUC": "Oui", "LONGUEUR": 262.33481143970283 }, "geometry": { "type": "MultiLineString", "coordinates": [ [ [ -8072541.922010408714414, 5838277.66175798419863 ], [ -8072522.208399266935885, 5838270.635150957852602 ], [ -8072504.79206623416394, 5838265.510042279027402 ], [ -8072487.882042101584375, 5838261.730738843791187 ], [ -8072464.15836145542562, 5838258.130153673700988 ], [ -8072449.636829097755253, 5838256.259666232392192 ], [ -8072431.57971603050828, 5838255.535251529887319 ], [ -8072416.060643348842859, 5838255.598860656842589 ], [ -8072381.615238456055522, 5838257.535744930617511 ], [ -8072369.165677762590349, 5838257.559780644252896 ], [ -8072356.162523684091866, 5838256.706271152943373 ], [ -8072336.062757882289588, 5838252.274143685586751 ], [ -8072316.969434107653797, 5838246.2674266025424 ], [ -8072298.029736936092377, 5838240.659657908603549 ], [ -8072270.647960159927607, 5838233.946638324297965 ], [ -8072247.721877601929009, 5838229.036237895488739 ], [ -8072211.095472605898976, 5838224.191433935426176 ], [ -8072169.255125844851136, 5838221.014041841961443 ] ] ] } },
{ "type": "Feature", "properties": { "OBJECTID": 5107, "TYPE": "Chaussée désignée", "NOM": null, "V_VELOBOUC": "Non", "LONGUEUR": 157.18486620320326 }, "geometry": { "type": "MultiLineString", "coordinates": [ [ [ -8072858.766696085222065, 5838660.00114038027823 ], [ -8073012.600401477888227, 5838822.842348142527044 ], [ -8073015.164691559039056, 5838825.584948096424341 ] ] ] } },
{ "type": "Feature", "properties": { "OBJECTID": 5108, "TYPE": "Chaussée désignée", "NOM": null, "V_VELOBOUC": "Non", "LONGUEUR": 78.594830007374711 }, "geometry": { "type": "MultiLineString", "coordinates": [ [ [ -8073255.546619516797364, 5839082.675073238089681 ], [ -8073333.334838246926665, 5839165.867126136086881 ] ] ] } },
{ "type": "Feature", "properties": { "OBJECTID": 5109, "TYPE": "Chaussée désignée", "NOM": null, "V_VELOBOUC": "Non", "LONGUEUR": 27.175014251341711 }, "geometry": { "type": "MultiLineString", "coordinates": [ [ [ -8073228.650824779644608, 5839053.910558461211622 ], [ -8073255.546619516797364, 5839082.675073238089681 ] ] ] } },
{ "type": "Feature", "properties": { "OBJECTID": 5110, "TYPE": "Bande cyclable (marquage)", "NOM": null, "V_VELOBOUC": "Non", "LONGUEUR": 71.181218220679526 }, "geometry": { "type": "MultiLineString", "coordinates": [ [ [ -8072858.766696085222065, 5838660.00114038027823 ], [ -8072783.382959458976984, 5838730.369885912165046 ] ] ] } },
{ "type": "Feature", "properties": { "OBJECTID": 5111, "TYPE": "Bande cyclable (marquage)", "NOM": null, "V_VELOBOUC": "Non", "LONGUEUR": 66.749977223165587 }, "geometry": { "type": "MultiLineString", "coordinates": [ [ [ -8072783.382959458976984, 5838730.369885912165046 ], [ -8072712.691001830622554, 5838796.357883757911623 ] ] ] } },
{ "type": "Feature", "properties": { "OBJECTID": 5112, "TYPE": "Bande cyclable (marquage)", "NOM": null, "V_VELOBOUC": "Non", "LONGUEUR": 69.94025403717805 }, "geometry": { "type": "MultiLineString", "coordinates": [ [ [ -8072712.691001830622554, 5838796.357883757911623 ], [ -8072638.619206643663347, 5838865.499615244567394 ] ] ] } },
{ "type": "Feature", "properties": { "OBJECTID": 5113, "TYPE": "Bande cyclable (marquage)", "NOM": null, "V_VELOBOUC": "Non", "LONGUEUR": 68.932317595473648 }, "geometry": { "type": "MultiLineString", "coordinates": [ [ [ -8072638.619206643663347, 5838865.499615244567394 ], [ -8072585.308312618173659, 5838915.261529464274645 ], [ -8072565.795285165309906, 5838933.838624095544219 ] ] ] } },
{ "type": "Feature", "properties": { "OBJECTID": 5114, "TYPE": "Bande cyclable (marquage)", "NOM": null, "V_VELOBOUC": "Non", "LONGUEUR": 68.926642296996633 }, "geometry": { "type": "MultiLineString", "coordinates": [ [ [ -8072565.795285165309906, 5838933.838624095544219 ], [ -8072493.467498697340488, 5839002.696408660151064 ] ] ] } },
{ "type": "Feature", "properties": { "OBJECTID": 5127, "TYPE": "Bande cyclable (marquage)", "NOM": null, "V_VELOBOUC": "Non", "LONGUEUR": 69.039544338598077 }, "geometry": { "type": "MultiLineString", "coordinates": [ [ [ -8071559.460930107161403, 5839904.62964638415724 ], [ -8071487.302805916406214, 5839973.919231299310923 ] ] ] } },
{ "type": "Feature", "properties": { "OBJECTID": 5128, "TYPE": "Bande cyclable (marquage)", "NOM": null, "V_VELOBOUC": "Non", "LONGUEUR": 82.889396456381107 }, "geometry": { "type": "MultiLineString", "coordinates": [ [ [ -8071487.302805916406214, 5839973.919231299310923 ], [ -8071400.886788326315582, 5840057.337740398943424 ] ] ] } },
{ "type": "Feature", "properties": { "OBJECTID": 5129, "TYPE": "Chaussée désignée", "NOM": "Route Verte 5 (est-ouest)", "V_VELOBOUC": "Oui", "LONGUEUR": 218.75614985492169 }, "geometry": { "type": "MultiLineString", "coordinates": [ [ [ -8072169.255125844851136, 5838221.014041841961443 ], [ -8072155.972785306163132, 5838220.005309505388141 ], [ -8072130.80959889665246, 5838214.815572469495237 ], [ -8072120.530963122844696, 5838211.889276408590376 ], [ -8072102.827644434757531, 5838204.276120191439986 ], [ -8072078.451573348604143, 5838192.051511098630726 ], [ -8072055.607471311464906, 5838181.03054128959775 ], [ -8072039.844536853022873, 5838174.656851019710302 ], [ -8072027.877708660438657, 5838170.933487229049206 ], [ -8072006.427079908549786, 5838165.391666720621288 ], [ -8071991.863184735178947, 5838163.097450049594045 ], [ -8071957.241767305880785, 5838160.612090913578868 ], [ -8071913.308032556436956, 5838158.89765003696084 ], [ -8071863.534060351550579, 5838158.021205115132034 ] ] ] } },
{ "type": "Feature", "properties": { "OBJECTID": 5130, "TYPE": "Chaussée désignée", "NOM": "Route Verte 5 (est-ouest)", "V_VELOBOUC": "Oui", "LONGUEUR": 64.658319990569581 }, "geometry": { "type": "MultiLineString", "coordinates": [ [ [ -8071863.534060351550579, 5838158.021205115132034 ], [ -8071828.212576368823647, 5838157.399083252064884 ], [ -8071770.054286726750433, 5838159.645396955311298 ] ] ] } },
{ "type": "Feature", "properties": { "OBJECTID": 5131, "TYPE": "Chaussée désignée", "NOM": "Route Verte 5 (est-ouest)", "V_VELOBOUC": "Oui", "LONGUEUR": 205.65355674673171 }, "geometry": { "type": "MultiLineString", "coordinates": [ [ [ -8071770.054286726750433, 5838159.645396955311298 ], [ -8071617.987669209949672, 5838168.823500872589648 ], [ -8071603.732996146194637, 5838170.226558952592313 ], [ -8071590.6486731255427, 5838172.541470517404377 ], [ -8071573.814116450026631, 5838177.579973790794611 ], [ -8071556.838528561405838, 5838184.816351693123579 ], [ -8071490.720606256276369, 5838218.7730593085289 ], [ -8071484.503973357379436, 5838222.490035190246999 ] ] ] } },
{ "type": "Feature", "properties": { "OBJECTID": 5132, "TYPE": "Chaussée désignée", "NOM": "Route Verte 5 (est-ouest)", "V_VELOBOUC": "Oui", "LONGUEUR": 72.928838806724542 }, "geometry": { "type": "MultiLineString", "coordinates": [ [ [ -8071484.503973357379436, 5838222.490035190246999 ], [ -8071410.118996052071452, 5838266.964921564795077 ], [ -8071394.276482733897865, 5838277.30225847568363 ] ] ] } },
{ "type": "Feature", "properties": { "OBJECTID": 5133, "TYPE": "Chaussée désignée", "NOM": "Route Verte 5 (est-ouest)", "V_VELOBOUC": "Oui", "LONGUEUR": 84.418906139509588 }, "geometry": { "type": "MultiLineString", "coordinates": [ [ [ -8071394.276482733897865, 5838277.30225847568363 ], [ -8071378.661537823267281, 5838287.491075893864036 ], [ -8071318.920271990820765, 5838329.952313964255154 ], [ -8071293.656376312486827, 5838346.682410567998886 ] ] ] } },
{ "type": "Feature", "properties": { "OBJECTID": 5134, "TYPE": "Chaussée désignée", "NOM": "Route Verte 5 (est-ouest)", "V_VELOBOUC": "Oui", "LONGUEUR": 126.21375010282209 }, "geometry": { "type": "MultiLineString", "coordinates": [ [ [ -8071293.656376312486827, 5838346.682410567998886 ], [ -8071209.989457547664642, 5838402.087068879976869 ], [ -8071154.815085267648101, 5838443.642679640091956 ], [ -8071145.171071732416749, 5838452.873348841443658 ] ] ] } },
{ "type": "Feature", "properties": { "OBJECTID": 5135, "TYPE": "Chaussée désignée", "NOM": "Route Verte 5 (est-ouest)", "V_VELOBOUC": "Oui", "LONGUEUR": 62.388106978195133 }, "geometry": { "type": "MultiLineString", "coordinates": [ [ [ -8071145.171071732416749, 5838452.873348841443658 ], [ -8071130.166027782484889, 5838467.235236921347678 ], [ -8071080.577909380197525, 5838516.099942748434842 ] ] ] } },
{ "type": "Feature", "properties": { "OBJECTID": 5136, "TYPE": "Chaussée désignée", "NOM": "Route Verte 5 (est-ouest)", "V_VELOBOUC": "Oui", "LONGUEUR": 8.2643650165182088 }, "geometry": { "type": "MultiLineString", "coordinates": [ [ [ -8071080.577909380197525, 5838516.099942748434842 ], [ -8071072.049185345880687, 5838524.504193940199912 ] ] ] } },
{ "type": "Feature", "properties": { "OBJECTID": 5137, "TYPE": "Chaussée désignée", "NOM": "Route Verte 5 (est-ouest)", "V_VELOBOUC": "Oui", "LONGUEUR": 76.282194291391889 }, "geometry": { "type": "MultiLineString", "coordinates": [ [ [ -8071072.049185345880687, 5838524.504193940199912 ], [ -8071067.900846387259662, 5838528.591987412422895 ], [ -8070990.460777664557099, 5838599.031665248796344 ] ] ] } },
{ "type": "Feature", "properties": { "OBJECTID": 5138, "TYPE": "Chaussée désignée", "NOM": "Route Verte 5 (est-ouest)", "V_VELOBOUC": "Oui", "LONGUEUR": 91.133387805336298 }, "geometry": { "type": "MultiLineString", "coordinates": [ [ [ -8070990.460777664557099, 5838599.031665248796344 ], [ -8070990.091855042614043, 5838599.367231470532715 ], [ -8070967.214355696924031, 5838621.627601264044642 ], [ -8070953.892964910715818, 5838635.736873001791537 ], [ -8070943.851887548342347, 5838649.3642623340711 ], [ -8070934.72266973555088, 5838663.840902401134372 ], [ -8070921.204445107840002, 5838688.72610211931169 ], [ -8070912.977423375472426, 5838704.644855592399836 ] ] ] } },
{ "type": "Feature", "properties": { "OBJECTID": 5139, "TYPE": "Chaussée désignée", "NOM": "Route Verte 5 (est-ouest)", "V_VELOBOUC": "Oui", "LONGUEUR": 174.74756828601565 }, "geometry": { "type": "MultiLineString", "coordinates": [ [ [ -8070912.977423375472426, 5838704.644855592399836 ], [ -8070911.641761839389801, 5838707.229287615977228 ], [ -8070899.205648710951209, 5838733.568288747221231 ], [ -8070890.83112405333668, 5838752.710653161630034 ], [ -8070884.024169987998903, 5838768.944764631800354 ], [ -8070875.770753411576152, 5838789.864607094787061 ], [ -8070847.659704950638115, 5838864.150581003166735 ], [ -8070818.316402188502252, 5838939.68981952033937 ] ] ] } },
{ "type": "Feature", "properties": { "OBJECTID": 5140, "TYPE": "Chaussée désignée", "NOM": "Route Verte 5 (est-ouest)", "V_VELOBOUC": "Oui", "LONGUEUR": 14.340654550450189 }, "geometry": { "type": "MultiLineString", "coordinates": [ [ [ -8070818.316402188502252, 5838939.68981952033937 ], [ -8070816.871533669531345, 5838943.409321839921176 ], [ -8070811.219146230258048, 5838959.244873219169676 ] ] ] } },
{ "type": "Feature", "properties": { "OBJECTID": 5141, "TYPE": "Chaussée désignée", "NOM": "Route Verte 5 (est-ouest)", "V_VELOBOUC": "Oui", "LONGUEUR": 20.553125432610958 }, "geometry": { "type": "MultiLineString", "coordinates": [ [ [ -8070811.219146230258048, 5838959.244873219169676 ], [ -8070806.130657025612891, 5838973.500563659705222 ], [ -8070802.028110147453845, 5838987.598178985528648 ] ] ] } },
{ "type": "Feature", "properties": { "OBJECTID": 5142, "TYPE": "Chaussée désignée", "NOM": "Route Verte 5 (est-ouest)", "V_VELOBOUC": "Oui", "LONGUEUR": 40.282482835190592 }, "geometry": { "type": "MultiLineString", "coordinates": [ [ [ -8070802.028110147453845, 5838987.598178985528648 ], [ -8070801.624908357858658, 5838988.983727343380451 ], [ -8070799.57189436070621, 5839001.930589912459254 ], [ -8070798.603774820454419, 5839014.994107786566019 ], [ -8070798.83073210529983, 5839045.801886262372136 ] ] ] } },
{ "type": "Feature", "properties": { "OBJECTID": 5143, "TYPE": "Chaussée désignée", "NOM": "Route Verte 5 (est-ouest)", "V_VELOBOUC": "Oui", "LONGUEUR": 67.441372260275429 }, "geometry": { "type": "MultiLineString", "coordinates": [ [ [ -8070798.83073210529983, 5839045.801886262372136 ], [ -8070798.845580487512052, 5839047.819124333560467 ], [ -8070799.572090243920684, 5839082.263202047906816 ], [ -8070801.456524102017283, 5839143.642316249199212 ] ] ] } },
{ "type": "Feature", "properties": { "OBJECTID": 5144, "TYPE": "Chaussée désignée", "NOM": "Route Verte 5 (est-ouest)", "V_VELOBOUC": "Oui", "LONGUEUR": 56.133864148870089 }, "geometry": { "type": "MultiLineString", "coordinates": [ [ [ -8070801.456524102017283, 5839143.642316249199212 ], [ -8070802.239304517395794, 5839169.139054920524359 ], [ -8070802.787517698481679, 5839192.177918795496225 ], [ -8070802.670885158702731, 5839218.154104017652571 ], [ -8070802.303482902236283, 5839225.081196947954595 ] ] ] } },
{ "type": "Feature", "properties": { "OBJECTID": 5145, "TYPE": "Chaussée désignée", "NOM": "Route Verte 5 (est-ouest)", "V_VELOBOUC": "Oui", "LONGUEUR": 22.317115544124714 }, "geometry": { "type": "MultiLineString", "coordinates": [ [ [ -8070802.303482902236283, 5839225.081196947954595 ], [ -8070801.926304904744029, 5839232.193084028549492 ], [ -8070800.152758500538766, 5839247.16423565056175 ], [ -8070798.118173011578619, 5839257.148525988683105 ] ] ] } },
{ "type": "Feature", "properties": { "OBJECTID": 5146, "TYPE": "Chaussée désignée", "NOM": "Route Verte 5 (est-ouest)", "V_VELOBOUC": "Oui", "LONGUEUR": 171.03306657794261 }, "geometry": { "type": "MultiLineString", "coordinates": [ [ [ -8070798.118173011578619, 5839257.148525988683105 ], [ -8070796.328062108717859, 5839265.933114993385971 ], [ -8070787.377378419041634, 5839296.580476322211325 ], [ -8070781.963171619921923, 5839307.03431966714561 ], [ -8070776.731128194369376, 5839315.186162176541984 ], [ -8070763.088324395008385, 5839333.759590916335583 ], [ -8070713.517426624894142, 5839400.136844274587929 ], [ -8070667.019132343120873, 5839464.928915099240839 ] ] ] } },
{ "type": "Feature", "properties": { "OBJECTID": 5147, "TYPE": "Chaussée désignée", "NOM": "Route Verte 5 (est-ouest)", "V_VELOBOUC": "Oui", "LONGUEUR": 105.56253165223961 }, "geometry": { "type": "MultiLineString", "coordinates": [ [ [ -8070667.019132343120873, 5839464.928915099240839 ], [ -8070659.9078339766711, 5839474.257237676531076 ], [ -8070578.350121797062457, 5839559.34360587131232 ], [ -8070572.068799907341599, 5839567.95296629704535 ], [ -8070567.763597380369902, 5839575.43506140075624 ], [ -8070566.071000546216965, 5839579.183252218179405 ] ] ] } },
{ "type": "Feature", "properties": { "OBJECTID": 5148, "TYPE": "Chaussée désignée", "NOM": "Route Verte 5 (est-ouest)", "V_VELOBOUC": "Oui", "LONGUEUR": 54.638973349655608 }, "geometry": { "type": "MultiLineString", "coordinates": [ [ [ -8070566.071000546216965, 5839579.183252218179405 ], [ -8070563.468102658167481, 5839584.947192643769085 ], [ -8070546.93231297750026, 5839624.111198624596 ], [ -8070535.528791150078177, 5839652.321356499567628 ] ] ] } },
{ "type": "Feature", "properties": { "OBJECTID": 5149, "TYPE": "Chaussée désignée", "NOM": "Route Verte 5 (est-ouest)", "V_VELOBOUC": "Oui", "LONGUEUR": 95.747325611775551 }, "geometry": { "type": "MultiLineString", "coordinates": [ [ [ -8070535.528791150078177, 5839652.321356499567628 ], [ -8070531.492582854814827, 5839662.306151626631618 ], [ -8070496.176148030906916, 5839751.672878562472761 ], [ -8070485.946194898337126, 5839782.044821074232459 ] ] ] } },
{ "type": "Feature", "properties": { "OBJECTID": 5150, "TYPE": "Chaussée désignée", "NOM": "Route Verte 5 (est-ouest)", "V_VELOBOUC": "Oui", "LONGUEUR": 59.748559745904871 }, "geometry": { "type": "MultiLineString", "coordinates": [ [ [ -8070485.946194898337126, 5839782.044821074232459 ], [ -8070479.977237608283758, 5839799.766032629646361 ], [ -8070462.307365799322724, 5839857.241889019496739 ], [ -8070460.147704972885549, 5839864.804544153623283 ] ] ] } },
{ "type": "Feature", "properties": { "OBJECTID": 5151, "TYPE": "Chaussée désignée", "NOM": "Route Verte 5 (est-ouest)", "V_VELOBOUC": "Oui", "LONGUEUR": 19.455531012189319 }, "geometry": { "type": "MultiLineString", "coordinates": [ [ [ -8070460.147704972885549, 5839864.804544153623283 ], [ -8070453.619954653084278, 5839887.663352519273758 ], [ -8070452.761063607409596, 5839892.039144691079855 ] ] ] } },
{ "type": "Feature", "properties": { "OBJECTID": 5152, "TYPE": "Chaussée désignée", "NOM": "Route Verte 5 (est-ouest)", "V_VELOBOUC": "Oui", "LONGUEUR": 50.156140227276829 }, "geometry": { "type": "MultiLineString", "coordinates": [ [ [ -8070452.761063607409596, 5839892.039144691079855 ], [ -8070450.104745140299201, 5839905.572679876349866 ], [ -8070442.53210477810353, 5839963.224866533651948 ], [ -8070442.411614335142076, 5839964.070425774902105 ] ] ] } },
{ "type": "Feature", "properties": { "OBJECTID": 5153, "TYPE": "Chaussée désignée", "NOM": "Route Verte 5 (est-ouest)", "V_VELOBOUC": "Oui", "LONGUEUR": 70.377137907388217 }, "geometry": { "type": "MultiLineString", "coordinates": [ [ [ -8070442.411614335142076, 5839964.070425774902105 ], [ -8070435.56731335632503, 5840012.098263494670391 ], [ -8070431.973548190668225, 5840029.793456782586873 ], [ -8070427.746359549462795, 5840044.836031085811555 ], [ -8070420.90134541131556, 5840063.561245065182447 ] ] ] } },
{ "type": "Feature", "properties": { "OBJECTID": 5154, "TYPE": "Chaussée désignée", "NOM": "Route Verte 5 (est-ouest)", "V_VELOBOUC": "Oui", "LONGUEUR": 73.20290128289669 }, "geometry": { "type": "MultiLineString", "coordinates": [ [ [ -8070420.90134541131556, 5840063.561245065182447 ], [ -8070415.361167361028492, 5840075.211564876139164 ], [ -8070399.506559269502759, 5840107.686212410219014 ], [ -8070392.816844080574811, 5840118.823644299060106 ], [ -8070383.270488952286541, 5840131.778162810951471 ], [ -8070365.232018862850964, 5840153.23482770845294 ] ] ] } },
{ "type": "Feature", "properties": { "OBJECTID": 5155, "TYPE": "Chaussée désignée", "NOM": "Route Verte 5 (est-ouest)", "V_VELOBOUC": "Oui", "LONGUEUR": 83.073392612741088 }, "geometry": { "type": "MultiLineString", "coordinates": [ [ [ -8070553.886039447970688, 5840338.015017049387097 ], [ -8070469.869143296033144, 5840251.786387283354998 ] ] ] } },
{ "type": "Feature", "properties": { "OBJECTID": 5156, "TYPE": "Chaussée désignée", "NOM": "Route Verte 5 (est-ouest)", "V_VELOBOUC": "Oui", "LONGUEUR": 91.576135026564188 }, "geometry": { "type": "MultiLineString", "coordinates": [ [ [ -8070365.232018862850964, 5840153.23482770845294 ], [ -8070332.902355724014342, 5840187.973603619262576 ], [ -8070274.45467010512948, 5840248.449447891674936 ], [ -8070273.597416983917356, 5840249.228286237455904 ] ] ] } },
{ "type": "Feature", "properties": { "OBJECTID": 5157, "TYPE": "Chaussée désignée", "NOM": "Route Verte 5 (est-ouest)", "V_VELOBOUC": "Oui", "LONGUEUR": 73.713530996395605 }, "geometry": { "type": "MultiLineString", "coordinates": [ [ [ -8070273.597416983917356, 5840249.228286237455904 ], [ -8070250.676950729452074, 5840270.05176836438477 ], [ -8070240.952266315929592, 5840278.266339645721018 ], [ -8070215.611281126737595, 5840300.116278765723109 ], [ -8070202.776046250015497, 5840313.314831625670195 ], [ -8070195.830441767349839, 5840322.157347706146538 ] ] ] } },
{ "type": "Feature", "properties": { "OBJECTID": 5158, "TYPE": "Chaussée désignée", "NOM": "Route Verte 5 (est-ouest)", "V_VELOBOUC": "Oui", "LONGUEUR": 62.606432361005744 }, "geometry": { "type": "MultiLineString", "coordinates": [ [ [ -8070195.830441767349839, 5840322.157347706146538 ], [ -8070188.378993291407824, 5840331.643822806887329 ], [ -8070147.354595948010683, 5840387.490107648074627 ], [ -8070141.718452482484281, 5840395.027300611138344 ] ] ] } },
{ "type": "Feature", "properties": { "OBJECTID": 5159, "TYPE": "Chaussée désignée", "NOM": "Route Verte 5 (est-ouest)", "V_VELOBOUC": "Oui", "LONGUEUR": 62.160978358595315 }, "geometry": { "type": "MultiLineString", "coordinates": [ [ [ -8070141.718452482484281, 5840395.027300611138344 ], [ -8070133.812645647674799, 5840405.599678703583777 ], [ -8070092.498221481218934, 5840462.755771440453827 ], [ -8070088.829197893850505, 5840468.001864376477897 ] ] ] } },
{ "type": "Feature", "properties": { "OBJECTID": 5160, "TYPE": "Chaussée désignée", "NOM": "Route Verte 5 (est-ouest)", "V_VELOBOUC": "Oui", "LONGUEUR": 59.768066989765941 }, "geometry": { "type": "MultiLineString", "coordinates": [ [ [ -8069929.630527720786631, 5840723.917557212524116 ], [ -8069925.152154490351677, 5840732.413513522595167 ], [ -8069901.398199054412544, 5840773.846645756624639 ], [ -8069891.128058390691876, 5840791.056532276794314 ], [ -8069886.197960936464369, 5840798.921633815392852 ] ] ] } },
{ "type": "Feature", "properties": { "OBJECTID": 5161, "TYPE": "Chaussée désignée", "NOM": "Route Verte 5 (est-ouest)", "V_VELOBOUC": "Oui", "LONGUEUR": 21.108759630300412 }, "geometry": { "type": "MultiLineString", "coordinates": [ [ [ -8069886.197960936464369, 5840798.921633815392852 ], [ -8069878.759356893599033, 5840810.78867441881448 ], [ -8069873.738739231601357, 5840826.629752799868584 ] ] ] } },
{ "type": "Feature", "properties": { "OBJECTID": 5162, "TYPE": "Bande cyclable (marquage)", "NOM": "Route Verte 5 (est-ouest)", "V_VELOBOUC": "Oui", "LONGUEUR": 15.98335093108607 }, "geometry": { "type": "MultiLineString", "coordinates": [ [ [ -8069873.738739231601357, 5840826.629752799868584 ], [ -8069856.788630399852991, 5840842.413818362168968 ] ] ] } },
{ "type": "Feature", "properties": { "OBJECTID": 5163, "TYPE": "Bande cyclable (marquage)", "NOM": "Route Verte 5 (est-ouest)", "V_VELOBOUC": "Oui", "LONGUEUR": 102.58122630757053 }, "geometry": { "type": "MultiLineString", "coordinates": [ [ [ -8069856.788630399852991, 5840842.413818362168968 ], [ -8069748.001280107535422, 5840943.715872154571116 ] ] ] } },
{ "type": "Feature", "properties": { "OBJECTID": 5164, "TYPE": "Bande cyclable (marquage)", "NOM": "Route Verte 5 (est-ouest)", "V_VELOBOUC": "Oui", "LONGUEUR": 72.799466694243364 }, "geometry": { "type": "MultiLineString", "coordinates": [ [ [ -8069748.001280107535422, 5840943.715872154571116 ], [ -8069670.795975549146533, 5841015.607419141568244 ] ] ] } },
{ "type": "Feature", "properties": { "OBJECTID": 5165, "TYPE": "Bande cyclable (marquage)", "NOM": "Route Verte 5 (est-ouest)", "V_VELOBOUC": "Oui", "LONGUEUR": 57.27280946559727 }, "geometry": { "type": "MultiLineString", "coordinates": [ [ [ -8069670.795975549146533, 5841015.607419141568244 ], [ -8069665.070640956051648, 5841020.938673721626401 ], [ -8069614.297867395915091, 5841076.398881083354354 ] ] ] } },
{ "type": "Feature", "properties": { "OBJECTID": 5166, "TYPE": "Bande cyclable (marquage)", "NOM": "Route Verte 5 (est-ouest)", "V_VELOBOUC": "Oui", "LONGUEUR": 62.180859364346603 }, "geometry": { "type": "MultiLineString", "coordinates": [ [ [ -8069614.297867395915091, 5841076.398881083354354 ], [ -8069588.157744833268225, 5841104.9520567599684 ], [ -8069556.904105470515788, 5841145.801093647256494 ] ] ] } },
{ "type": "Feature", "properties": { "OBJECTID": 5167, "TYPE": "Accotement asphalté", "NOM": "Route Verte 5 (est-ouest)", "V_VELOBOUC": "Oui", "LONGUEUR": 141.87771249204158 }, "geometry": { "type": "MultiLineString", "coordinates": [ [ [ -8069381.585460791364312, 5841374.198673577979207 ], [ -8069273.561194749549031, 5841511.467846422456205 ], [ -8069252.255089378915727, 5841534.016029060818255 ] ] ] } },
{ "type": "Feature", "properties": { "OBJECTID": 5168, "TYPE": "Accotement asphalté", "NOM": "Route Verte 5 (est-ouest)", "V_VELOBOUC": "Oui", "LONGUEUR": 211.67832490194888 }, "geometry": { "type": "MultiLineString", "coordinates": [ [ [ -8069252.255089378915727, 5841534.016029060818255 ], [ -8069178.639143949374557, 5841611.922653250396252 ], [ -8069026.383216205053031, 5841740.949732126668096 ] ] ] } },
{ "type": "Feature", "properties": { "OBJECTID": 5169, "TYPE": "Accotement asphalté", "NOM": "Route Verte 5 (est-ouest)", "V_VELOBOUC": "Oui", "LONGUEUR": 181.05977286015428 }, "geometry": { "type": "MultiLineString", "coordinates": [ [ [ -8068805.322998955845833, 5841928.275816153734922 ], [ -8068726.66345028206706, 5841994.929496241733432 ], [ -8068606.716998433694243, 5842099.717033707536757 ] ] ] } },
{ "type": "Feature", "properties": { "OBJECTID": 5170, "TYPE": "Accotement asphalté", "NOM": "Route Verte 5 (est-ouest)", "V_VELOBOUC": "Oui", "LONGUEUR": 127.99576586827492 }, "geometry": { "type": "MultiLineString", "coordinates": [ [ [ -8068606.716998433694243, 5842099.717033707536757 ], [ -8068467.027674005366862, 5842221.748763273470104 ] ] ] } },
{ "type": "Feature", "properties": { "OBJECTID": 5171, "TYPE": "Accotement asphalté", "NOM": "Route Verte 5 (est-ouest)", "V_VELOBOUC": "Oui", "LONGUEUR": 242.22530030854531 }, "geometry": { "type": "MultiLineString", "coordinates": [ [ [ -8068467.027674005366862, 5842221.748763273470104 ], [ -8068266.601816616952419, 5842396.832636760547757 ], [ -8068201.821439347229898, 5842451.701890165917575 ] ] ] } },
{ "type": "Feature", "properties": { "OBJECTID": 5172, "TYPE": "Accotement asphalté", "NOM": "Route Verte 5 (est-ouest)", "V_VELOBOUC": "Oui", "LONGUEUR": 312.355958716808 }, "geometry": { "type": "MultiLineString", "coordinates": [ [ [ -8068201.821439347229898, 5842451.701890165917575 ], [ -8067856.411276156082749, 5842744.251648887991905 ] ] ] } },
{ "type": "Feature", "properties": { "OBJECTID": 5173, "TYPE": "Accotement asphalté", "NOM": "Route Verte 5 (est-ouest)", "V_VELOBOUC": "Oui", "LONGUEUR": 317.09714155530577 }, "geometry": { "type": "MultiLineString", "coordinates": [ [ [ -8067511.838492205366492, 5843048.463887986727059 ], [ -8067175.004777307622135, 5843361.183463809080422 ] ] ] } },
{ "type": "Feature", "properties": { "OBJECTID": 5174, "TYPE": "Accotement asphalté", "NOM": "Route Verte 5 (est-ouest)", "V_VELOBOUC": "Oui", "LONGUEUR": 316.99010111843148 }, "geometry": { "type": "MultiLineString", "coordinates": [ [ [ -8067175.004777307622135, 5843361.183463809080422 ], [ -8067170.709864933975041, 5843365.170693391934037 ], [ -8066904.267896314151585, 5843615.902949569746852 ], [ -8066836.494394732639194, 5843671.634694928303361 ] ] ] } },
{ "type": "Feature", "properties": { "OBJECTID": 5175, "TYPE": "Accotement asphalté", "NOM": "Route Verte 5 (est-ouest)", "V_VELOBOUC": "Oui", "LONGUEUR": 307.55902641756137 }, "geometry": { "type": "MultiLineString", "coordinates": [ [ [ -8066836.494394732639194, 5843671.634694928303361 ], [ -8066799.459342676214874, 5843702.089155638590455 ], [ -8066606.136282186955214, 5843788.381336746737361 ], [ -8066438.510093417949975, 5843843.283826170489192 ], [ -8066429.450896482914686, 5843845.595987201668322 ] ] ] } },
{ "type": "Feature", "properties": { "OBJECTID": 5176, "TYPE": "Accotement asphalté", "NOM": "Route Verte 5 (est-ouest)", "V_VELOBOUC": "Oui", "LONGUEUR": 314.57535954911759 }, "geometry": { "type": "MultiLineString", "coordinates": [ [ [ -8066429.450896482914686, 5843845.595987201668322 ], [ -8066208.109622915275395, 5843902.085643340833485 ], [ -8065986.951638631522655, 5843901.680079796351492 ], [ -8065981.176405391655862, 5843901.646538467146456 ] ] ] } },
{ "type": "Feature", "properties": { "OBJECTID": 5177, "TYPE": "Accotement asphalté", "NOM": "Route Verte 5 (est-ouest)", "V_VELOBOUC": "Oui", "LONGUEUR": 207.25899385973418 }, "geometry": { "type": "MultiLineString", "coordinates": [ [ [ -8065981.176405391655862, 5843901.646538467146456 ], [ -8065820.227723942138255, 5843900.709984747692943 ], [ -8065709.607683849520981, 5843911.096678688190877 ], [ -8065682.29521051608026, 5843916.994272661395371 ] ] ] } },
{ "type": "Feature", "properties": { "OBJECTID": 5178, "TYPE": "Accotement asphalté", "NOM": "Route Verte 5 (est-ouest)", "V_VELOBOUC": "Oui", "LONGUEUR": 250.28192560990598 }, "geometry": { "type": "MultiLineString", "coordinates": [ [ [ -8065329.628708719275892, 5844000.198080572299659 ], [ -8064978.2173543702811, 5844088.516161725856364 ] ] ] } },
{ "type": "Feature", "properties": { "OBJECTID": 5179, "TYPE": "Accotement asphalté", "NOM": "Route Verte 5 (est-ouest)", "V_VELOBOUC": "Oui", "LONGUEUR": 360.01152553960185 }, "geometry": { "type": "MultiLineString", "coordinates": [ [ [ -8064978.2173543702811, 5844088.516161725856364 ], [ -8064954.478117062710226, 5844094.481923943385482 ], [ -8064829.042716036550701, 5844130.831771964207292 ], [ -8064701.186131652444601, 5844170.435357006266713 ], [ -8064558.775218474678695, 5844232.713179863058031 ], [ -8064493.577522657811642, 5844273.629852609708905 ] ] ] } },
{ "type": "Feature", "properties": { "OBJECTID": 5180, "TYPE": "Accotement asphalté", "NOM": "Route Verte 5 (est-ouest)", "V_VELOBOUC": "Oui", "LONGUEUR": 360.47941833522555 }, "geometry": { "type": "MultiLineString", "coordinates": [ [ [ -8064493.577522657811642, 5844273.629852609708905 ], [ -8064414.110563873313367, 5844323.500702417455614 ], [ -8064316.75260419677943, 5844397.510343013331294 ], [ -8064238.374076180160046, 5844460.239743772894144 ], [ -8064086.721761026419699, 5844582.238971567712724 ], [ -8064078.365626711398363, 5844589.806547931395471 ] ] ] } },
{ "type": "Feature", "properties": { "OBJECTID": 5181, "TYPE": "Accotement asphalté", "NOM": "Route Verte 5 (est-ouest)", "V_VELOBOUC": "Oui", "LONGUEUR": 214.33317037843662 }, "geometry": { "type": "MultiLineString", "coordinates": [ [ [ -8064078.365626711398363, 5844589.806547931395471 ], [ -8063928.056993187405169, 5844725.928181594237685 ], [ -8063862.625242557376623, 5844811.830723458901048 ] ] ] } },
{ "type": "Feature", "properties": { "OBJECTID": 5182, "TYPE": "Accotement asphalté", "NOM": "Route Verte 5 (est-ouest)", "V_VELOBOUC": "Oui", "LONGUEUR": 36.688223459451194 }, "geometry": { "type": "MultiLineString", "coordinates": [ [ [ -8063862.625242557376623, 5844811.830723458901048 ], [ -8063830.378980858251452, 5844854.164931395091116 ] ] ] } },
{ "type": "Feature", "properties": { "OBJECTID": 5183, "TYPE": "Accotement asphalté", "NOM": "Route Verte 5 (est-ouest)", "V_VELOBOUC": "Oui", "LONGUEUR": 86.920078288992826 }, "geometry": { "type": "MultiLineString", "coordinates": [ [ [ -8063830.378980858251452, 5844854.164931395091116 ], [ -8063782.603477098047733, 5844916.886018268764019 ], [ -8063753.343820032663643, 5844953.964052784256637 ] ] ] } },
{ "type": "Feature", "properties": { "OBJECTID": 5184, "TYPE": "Accotement asphalté", "NOM": "Route Verte 5 (est-ouest)", "V_VELOBOUC": "Oui", "LONGUEUR": 209.32735423386333 }, "geometry": { "type": "MultiLineString", "coordinates": [ [ [ -8063753.343820032663643, 5844953.964052784256637 ], [ -8063628.378386623226106, 5845112.318306671455503 ], [ -8063562.57496156077832, 5845190.107860348187387 ] ] ] } },
{ "type": "Feature", "properties": { "OBJECTID": 5185, "TYPE": "Accotement asphalté", "NOM": "Route Verte 5 (est-ouest)", "V_VELOBOUC": "Oui", "LONGUEUR": 258.9438087438765 }, "geometry": { "type": "MultiLineString", "coordinates": [ [ [ -8063283.466095245443285, 5845440.51327365450561 ], [ -8063059.608481521718204, 5845625.026647581718862 ], [ -8062990.128467574715614, 5845674.404360921122134 ] ] ] } },
{ "type": "Feature", "properties": { "OBJECTID": 5186, "TYPE": "Accotement asphalté", "NOM": "Route Verte 5 (est-ouest)", "V_VELOBOUC": "Oui", "LONGUEUR": 36.162477763318435 }, "geometry": { "type": "MultiLineString", "coordinates": [ [ [ -8062990.128467574715614, 5845674.404360921122134 ], [ -8062947.408372284844518, 5845704.764065292663872 ] ] ] } },
{ "type": "Feature", "properties": { "OBJECTID": 5187, "TYPE": "Accotement asphalté", "NOM": "Route Verte 5 (est-ouest)", "V_VELOBOUC": "Oui", "LONGUEUR": 103.54000460192239 }, "geometry": { "type": "MultiLineString", "coordinates": [ [ [ -8062947.408372284844518, 5845704.764065292663872 ], [ -8062922.929638225585222, 5845722.160094835795462 ], [ -8062818.780783317051828, 5845781.754394912160933 ] ] ] } },
{ "type": "Feature", "properties": { "OBJECTID": 5188, "TYPE": "Accotement asphalté", "NOM": "Route Verte 5 (est-ouest)", "V_VELOBOUC": "Oui", "LONGUEUR": 162.04738267234276 }, "geometry": { "type": "MultiLineString", "coordinates": [ [ [ -8062818.780783317051828, 5845781.754394912160933 ], [ -8062688.355787193402648, 5845856.381618493236601 ], [ -8062616.574002543464303, 5845901.021220291033387 ] ] ] } },
{ "type": "Feature", "properties": { "OBJECTID": 5189, "TYPE": "Chaussée désignée", "NOM": null, "V_VELOBOUC": "Non", "LONGUEUR": 108.32632048099426 }, "geometry": { "type": "MultiLineString", "coordinates": [ [ [ -8071097.977319739758968, 5838713.367392280139029 ], [ -8071091.536962734535336, 5838707.19050224032253 ], [ -8070990.091855042614043, 5838599.367231470532715 ] ] ] } },
{ "type": "Feature", "properties": { "OBJECTID": 5190, "TYPE": "Chaussée désignée", "NOM": null, "V_VELOBOUC": "Non", "LONGUEUR": 129.28499089705463 }, "geometry": { "type": "MultiLineString", "coordinates": [ [ [ -8071227.586629307828844, 5838848.615280332043767 ], [ -8071106.539793302305043, 5838721.579591046087444 ], [ -8071097.977319739758968, 5838713.367392280139029 ] ] ] } },
{ "type": "Feature", "properties": { "OBJECTID": 5191, "TYPE": "Chaussée désignée", "NOM": null, "V_VELOBOUC": "Non", "LONGUEUR": 247.88472249534493 }, "geometry": { "type": "MultiLineString", "coordinates": [ [ [ -8071475.374977773986757, 5839108.664853761903942 ], [ -8071473.282633414492011, 5839106.456512483768165 ], [ -8071227.586629307828844, 5838848.615280332043767 ] ] ] } },
{ "type": "Feature", "properties": { "OBJECTID": 5192, "TYPE": "Chaussée désignée", "NOM": null, "V_VELOBOUC": "Non", "LONGUEUR": 150.88546345636908 }, "geometry": { "type": "MultiLineString", "coordinates": [ [ [ -8071625.528278304263949, 5839267.601778520271182 ], [ -8071613.348766540177166, 5839254.286638743244112 ], [ -8071475.374977773986757, 5839108.664853761903942 ] ] ] } },
{ "type": "Feature", "properties": { "OBJECTID": 5193, "TYPE": "Chaussée désignée", "NOM": null, "V_VELOBOUC": "Non", "LONGUEUR": 132.34573653060428 }, "geometry": { "type": "MultiLineString", "coordinates": [ [ [ -8071910.644701381213963, 5839564.443244917318225 ], [ -8071898.133218681439757, 5839551.63238765206188 ], [ -8071777.588522097095847, 5839426.322280377149582 ] ] ] } },
{ "type": "Feature", "properties": { "OBJECTID": 5194, "TYPE": "Bande cyclable (marquage)", "NOM": null, "V_VELOBOUC": "Non", "LONGUEUR": 81.011064620875374 }, "geometry": { "type": "MultiLineString", "coordinates": [ [ [ -8071992.367188856936991, 5839648.700535923242569 ], [ -8071924.036991210654378, 5839577.236400527879596 ], [ -8071910.644701381213963, 5839564.443244917318225 ] ] ] } },
{ "type": "Feature", "properties": { "OBJECTID": 5195, "TYPE": "Bande cyclable (marquage)", "NOM": null, "V_VELOBOUC": "Non", "LONGUEUR": 158.94115246374585 }, "geometry": { "type": "MultiLineString", "coordinates": [ [ [ -8072151.353673930279911, 5839815.363134360872209 ], [ -8072141.338863231241703, 5839804.500949239358306 ], [ -8071992.367188856936991, 5839648.700535923242569 ] ] ] } },
{ "type": "Feature", "properties": { "OBJECTID": 5196, "TYPE": "Bande cyclable (marquage)", "NOM": null, "V_VELOBOUC": "Non", "LONGUEUR": 206.24275554616523 }, "geometry": { "type": "MultiLineString", "coordinates": [ [ [ -8072356.896593145094812, 5840032.362365202978253 ], [ -8072160.885179017670453, 5839825.701082065701485 ], [ -8072151.353673930279911, 5839815.363134360872209 ] ] ] } },
{ "type": "Feature", "properties": { "OBJECTID": 5197, "TYPE": "Bande cyclable (marquage)", "NOM": null, "V_VELOBOUC": "Non", "LONGUEUR": 30.332895479268871 }, "geometry": { "type": "MultiLineString", "coordinates": [ [ [ -8072387.148677131161094, 5840064.257291438058019 ], [ -8072356.896593145094812, 5840032.362365202978253 ] ] ] } },
{ "type": "Feature", "properties": { "OBJECTID": 5198, "TYPE": "Bande cyclable (marquage)", "NOM": null, "V_VELOBOUC": "Non", "LONGUEUR": 145.95705210948611 }, "geometry": { "type": "MultiLineString", "coordinates": [ [ [ -8072532.719856267794967, 5840217.730831739492714 ], [ -8072387.148677131161094, 5840064.257291438058019 ] ] ] } },
{ "type": "Feature", "properties": { "OBJECTID": 5199, "TYPE": "Bande cyclable (marquage)", "NOM": null, "V_VELOBOUC": "Non", "LONGUEUR": 30.275848303959936 }, "geometry": { "type": "MultiLineString", "coordinates": [ [ [ -8072562.85955282766372, 5840249.564246574416757 ], [ -8072562.888723496347666, 5840249.536775611341 ], [ -8072532.719856267794967, 5840217.730831739492714 ] ] ] } },
{ "type": "Feature", "properties": { "OBJECTID": 5200, "TYPE": "Bande cyclable (marquage)", "NOM": null, "V_VELOBOUC": "Non", "LONGUEUR": 171.86525599272497 }, "geometry": { "type": "MultiLineString", "coordinates": [ [ [ -8072382.377529316581786, 5840420.401254781521857 ], [ -8072382.016657263971865, 5840420.021542144007981 ], [ -8072562.85955282766372, 5840249.564246574416757 ] ] ] } },
{ "type": "Feature", "properties": { "OBJECTID": 5201, "TYPE": "Bande cyclable (marquage)", "NOM": null, "V_VELOBOUC": "Non", "LONGUEUR": 46.417121382318946 }, "geometry": { "type": "MultiLineString", "coordinates": [ [ [ -8072755.983851842582226, 5840779.870958929881454 ], [ -8072749.229415289126337, 5840773.305649174377322 ], [ -8072738.964973694644868, 5840767.416530285961926 ], [ -8072723.844027258455753, 5840761.044544496573508 ], [ -8072707.670506079681218, 5840756.195753877982497 ], [ -8072695.58492495585233, 5840752.440877565182745 ] ] ] } },
{ "type": "Feature", "properties": { "OBJECTID": 5202, "TYPE": "Bande cyclable (marquage)", "NOM": null, "V_VELOBOUC": "Non", "LONGUEUR": 32.075616178356995 }, "geometry": { "type": "MultiLineString", "coordinates": [ [ [ -8072695.58492495585233, 5840752.440877565182745 ], [ -8072676.891739963553846, 5840746.633019371889532 ], [ -8072653.52941238693893, 5840737.969071093015373 ], [ -8072651.913351724855602, 5840736.902510311454535 ] ] ] } },
{ "type": "Feature", "properties": { "OBJECTID": 5203, "TYPE": "Chaussée désignée", "NOM": null, "V_VELOBOUC": "Non", "LONGUEUR": 83.143978567596363 }, "geometry": { "type": "MultiLineString", "coordinates": [ [ [ -8072840.200045584701002, 5840866.028881072066724 ], [ -8072817.788216507993639, 5840842.488288848660886 ], [ -8072784.035617315210402, 5840807.077653231099248 ], [ -8072767.161814938299358, 5840790.735939681529999 ], [ -8072755.983851842582226, 5840779.870958929881454 ] ] ] } },
{ "type": "Feature", "properties": { "OBJECTID": 5204, "TYPE": "Bande cyclable (marquage)", "NOM": null, "V_VELOBOUC": "Non", "LONGUEUR": 71.808036724910139 }, "geometry": { "type": "MultiLineString", "coordinates": [ [ [ -8073114.103045704774559, 5841153.717022409662604 ], [ -8073062.637588648125529, 5841215.229016824625432 ], [ -8073053.603306081146002, 5841227.846833297982812 ], [ -8073049.164608561433852, 5841234.964258775115013 ] ] ] } },
{ "type": "Feature", "properties": { "OBJECTID": 5205, "TYPE": "Bande cyclable (marquage)", "NOM": null, "V_VELOBOUC": "Non", "LONGUEUR": 115.28510944967478 }, "geometry": { "type": "MultiLineString", "coordinates": [ [ [ -8073049.164608561433852, 5841234.964258775115013 ], [ -8073045.739676965400577, 5841240.456097624264657 ], [ -8072959.876775275915861, 5841376.329122007824481 ] ] ] } },
{ "type": "Feature", "properties": { "OBJECTID": 5206, "TYPE": "Bande cyclable (marquage)", "NOM": null, "V_VELOBOUC": "Non", "LONGUEUR": 89.471477650788941 }, "geometry": { "type": "MultiLineString", "coordinates": [ [ [ -8072729.747658531181514, 5841729.063792748376727 ], [ -8072667.92086473852396, 5841843.186812923289835 ] ] ] } },
{ "type": "Feature", "properties": { "OBJECTID": 5207, "TYPE": "Bande cyclable (marquage)", "NOM": null, "V_VELOBOUC": "Non", "LONGUEUR": 82.467391022122342 }, "geometry": { "type": "MultiLineString", "coordinates": [ [ [ -8072667.92086473852396, 5841843.186812923289835 ], [ -8072610.93259621784091, 5841948.376830802299082 ] ] ] } },
{ "type": "Feature", "properties": { "OBJECTID": 5208, "TYPE": "Chaussée désignée", "NOM": null, "V_VELOBOUC": "Non", "LONGUEUR": 242.40305787938325 }, "geometry": { "type": "MultiLineString", "coordinates": [ [ [ -8073793.092903858982027, 5840082.863797079771757 ], [ -8074034.621067382395267, 5840337.978026959113777 ] ] ] } },
{ "type": "Feature", "properties": { "OBJECTID": 5209, "TYPE": "Chaussée désignée", "NOM": null, "V_VELOBOUC": "Non", "LONGUEUR": 144.16789309931681 }, "geometry": { "type": "MultiLineString", "coordinates": [ [ [ -8073650.034649134613574, 5839930.610994501039386 ], [ -8073659.275175001472235, 5839941.512828955426812 ], [ -8073793.092903858982027, 5840082.863797079771757 ] ] ] } },
{ "type": "Feature", "properties": { "OBJECTID": 5210, "TYPE": "Chaussée désignée", "NOM": null, "V_VELOBOUC": "Non", "LONGUEUR": 167.56802753521984 }, "geometry": { "type": "MultiLineString", "coordinates": [ [ [ -8073483.549162255600095, 5839753.836808236315846 ], [ -8073643.23864318523556, 5839922.593127250671387 ], [ -8073650.034649134613574, 5839930.610994501039386 ] ] ] } },
{ "type": "Feature", "properties": { "OBJECTID": 5211, "TYPE": "Bande cyclable (marquage)", "NOM": null, "V_VELOBOUC": "Oui", "LONGUEUR": 248.27447365757547 }, "geometry": { "type": "MultiLineString", "coordinates": [ [ [ -8074136.440895220264792, 5838785.72897014953196 ], [ -8074205.127233647741377, 5838855.845994850620627 ], [ -8074239.081202292814851, 5838891.860386394895613 ], [ -8074261.158943764865398, 5838917.706202295608819 ], [ -8074280.840367150492966, 5838947.036603890359402 ], [ -8074297.092629721388221, 5838979.781068913638592 ], [ -8074313.643744651228189, 5839020.996736532077193 ], [ -8074336.101855779998004, 5839078.785915992222726 ] ] ] } },
{ "type": "Feature", "properties": { "OBJECTID": 5212, "TYPE": "Bande cyclable (marquage)", "NOM": null, "V_VELOBOUC": "Oui", "LONGUEUR": 72.482602874981396 }, "geometry": { "type": "MultiLineString", "coordinates": [ [ [ -8074062.57101143617183, 5838711.07964954059571 ], [ -8074087.533213409595191, 5838735.801912398077548 ], [ -8074136.440895220264792, 5838785.72897014953196 ] ] ] } },
{ "type": "Feature", "properties": { "OBJECTID": 5213, "TYPE": "Bande cyclable (marquage)", "NOM": null, "V_VELOBOUC": "Oui", "LONGUEUR": 110.01184055084853 }, "geometry": { "type": "MultiLineString", "coordinates": [ [ [ -8074375.683537128381431, 5839179.434421636164188 ], [ -8074388.890317715704441, 5839210.638036035001278 ], [ -8074405.123040655627847, 5839254.500440158881247 ], [ -8074419.451479629613459, 5839303.869853920303285 ], [ -8074425.244682498276234, 5839330.805898266844451 ] ] ] } },
{ "type": "Feature", "properties": { "OBJECTID": 5214, "TYPE": "Bande cyclable (marquage)", "NOM": null, "V_VELOBOUC": "Oui", "LONGUEUR": 74.55508328974561 }, "geometry": { "type": "MultiLineString", "coordinates": [ [ [ -8074336.101855779998004, 5839078.785915992222726 ], [ -8074337.193661401979625, 5839081.595359816215932 ], [ -8074371.588018736802042, 5839169.757867566309869 ], [ -8074375.683537128381431, 5839179.434421636164188 ] ] ] } },
{ "type": "Feature", "properties": { "OBJECTID": 5215, "TYPE": "Bande cyclable (marquage)", "NOM": null, "V_VELOBOUC": "Oui", "LONGUEUR": 173.65940361854834 }, "geometry": { "type": "MultiLineString", "coordinates": [ [ [ -8074475.595654560253024, 5839464.106545258313417 ], [ -8074499.042203481309116, 5839494.392965226434171 ], [ -8074514.7924260860309, 5839516.024726737290621 ], [ -8074534.589121053926647, 5839546.096963191404939 ], [ -8074553.915016778744757, 5839581.242582753300667 ], [ -8074569.275318999774754, 5839611.961732334457338 ], [ -8074585.426981563679874, 5839653.175001723691821 ], [ -8074595.913699212484062, 5839683.482368898577988 ] ] ] } },
{ "type": "Feature", "properties": { "OBJECTID": 5216, "TYPE": "Bande cyclable (marquage)", "NOM": null, "V_VELOBOUC": "Oui", "LONGUEUR": 232.44587488140246 }, "geometry": { "type": "MultiLineString", "coordinates": [ [ [ -8074756.450236796401441, 5839850.581115554086864 ], [ -8074756.044244795106351, 5839836.711890688166022 ], [ -8074806.227113742381334, 5839831.602804218418896 ], [ -8074956.667356657795608, 5839813.389970601536334 ], [ -8075063.052042876370251, 5839800.859771910123527 ], [ -8075076.342316099442542, 5839799.315611665137112 ] ] ] } },
{ "type": "Feature", "properties": { "OBJECTID": 5217, "TYPE": "Bande cyclable (marquage)", "NOM": null, "V_VELOBOUC": "Oui", "LONGUEUR": 180.48430966138005 }, "geometry": { "type": "MultiLineString", "coordinates": [ [ [ -8075076.342316099442542, 5839799.315611665137112 ], [ -8075099.653648909181356, 5839795.794157478958368 ], [ -8075211.323562256060541, 5839773.533382766880095 ], [ -8075252.434408276341856, 5839764.355051669292152 ], [ -8075293.452696965076029, 5839753.331986795179546 ], [ -8075331.198979128152132, 5839743.057004052214324 ] ] ] } },
{ "type": "Feature", "properties": { "OBJECTID": 5219, "TYPE": "Bande cyclable (marquage)", "NOM": null, "V_VELOBOUC": "Oui", "LONGUEUR": 270.5189339341411 }, "geometry": { "type": "MultiLineString", "coordinates": [ [ [ -8075331.198979128152132, 5839743.057004052214324 ], [ -8075345.668701029382646, 5839739.103464541956782 ], [ -8075365.473415246233344, 5839734.850590439513326 ], [ -8075700.258431614376605, 5839662.383224884979427 ], [ -8075713.579079950228333, 5839659.456190965138376 ] ] ] } },
{ "type": "Feature", "properties": { "OBJECTID": 5220, "TYPE": "Bande cyclable (marquage)", "NOM": null, "V_VELOBOUC": "Oui", "LONGUEUR": 360.63731314763322 }, "geometry": { "type": "MultiLineString", "coordinates": [ [ [ -8075713.579079950228333, 5839659.456190965138376 ], [ -8076191.67028527520597, 5839554.33233486302197 ], [ -8076209.400502284057438, 5839550.628753490746021 ], [ -8076223.266801743768156, 5839547.560664596967399 ] ] ] } },
{ "type": "Feature", "properties": { "OBJECTID": 5221, "TYPE": "Bande cyclable (marquage)", "NOM": null, "V_VELOBOUC": "Oui", "LONGUEUR": 361.19904163534073 }, "geometry": { "type": "MultiLineString", "coordinates": [ [ [ -8076223.266801743768156, 5839547.560664596967399 ], [ -8076246.602656972594559, 5839546.225397792644799 ], [ -8076274.849880584515631, 5839546.565406280569732 ], [ -8076744.079961984418333, 5839586.763780320994556 ] ] ] } },
{ "type": "Feature", "properties": { "OBJECTID": 5222, "TYPE": "Bande cyclable (marquage)", "NOM": null, "V_VELOBOUC": "Oui", "LONGUEUR": 101.41820469201427 }, "geometry": { "type": "MultiLineString", "coordinates": [ [ [ -8078359.083019250072539, 5839794.775219060480595 ], [ -8078344.574630545452237, 5839901.65852880012244 ], [ -8078343.595255767926574, 5839916.624995577149093 ], [ -8078344.37749042827636, 5839928.271108193323016 ], [ -8078345.837842053733766, 5839940.846969963051379 ] ] ] } },
{ "type": "Feature", "properties": { "OBJECTID": 5223, "TYPE": "Bande cyclable (marquage)", "NOM": null, "V_VELOBOUC": "Oui", "LONGUEUR": 82.420083489060247 }, "geometry": { "type": "MultiLineString", "coordinates": [ [ [ -8078345.837842053733766, 5839940.846969963051379 ], [ -8078347.654959412291646, 5839952.390072510577738 ], [ -8078368.498473423533142, 5840058.288328608497977 ] ] ] } },
{ "type": "Feature", "properties": { "OBJECTID": 5224, "TYPE": "Bande cyclable (marquage)", "NOM": null, "V_VELOBOUC": "Oui", "LONGUEUR": 107.37587876335401 }, "geometry": { "type": "MultiLineString", "coordinates": [ [ [ -8078368.498473423533142, 5840058.288328608497977 ], [ -8078398.593894046731293, 5840211.189716739580035 ] ] ] } },
{ "type": "Feature", "properties": { "OBJECTID": 5225, "TYPE": "Bande cyclable (marquage)", "NOM": null, "V_VELOBOUC": "Oui", "LONGUEUR": 303.36450514762873 }, "geometry": { "type": "MultiLineString", "coordinates": [ [ [ -8078398.593894046731293, 5840211.189716739580035 ], [ -8078438.080840977840126, 5840411.801377434283495 ], [ -8078442.809956630691886, 5840441.14296364877373 ], [ -8078445.324458247050643, 5840471.610842355526984 ], [ -8078444.652649253606796, 5840504.441690444014966 ], [ -8078440.416456045582891, 5840539.247115964069963 ], [ -8078434.454110096208751, 5840566.158576253801584 ], [ -8078425.999001316726208, 5840593.424828180111945 ], [ -8078416.239941211417317, 5840617.603200157172978 ], [ -8078406.218097155913711, 5840640.984106231480837 ] ] ] } },
{ "type": "Feature", "properties": { "OBJECTID": 5226, "TYPE": "Bande cyclable (marquage)", "NOM": null, "V_VELOBOUC": "Oui", "LONGUEUR": 83.098581163267312 }, "geometry": { "type": "MultiLineString", "coordinates": [ [ [ -8078406.218097155913711, 5840640.984106231480837 ], [ -8078358.719744896516204, 5840751.796610665507615 ] ] ] } },
{ "type": "Feature", "properties": { "OBJECTID": 5227, "TYPE": "Bande cyclable (marquage)", "NOM": null, "V_VELOBOUC": "Oui", "LONGUEUR": 84.358565899527946 }, "geometry": { "type": "MultiLineString", "coordinates": [ [ [ -8078358.719744896516204, 5840751.796610665507615 ], [ -8078310.499961537308991, 5840864.290446906350553 ] ] ] } },
{ "type": "Feature", "properties": { "OBJECTID": 5228, "TYPE": "Bande cyclable (marquage)", "NOM": null, "V_VELOBOUC": "Oui", "LONGUEUR": 88.229308413977265 }, "geometry": { "type": "MultiLineString", "coordinates": [ [ [ -8078310.499961537308991, 5840864.290446906350553 ], [ -8078273.863217518664896, 5840949.760637420229614 ], [ -8078261.31555506028235, 5840974.962997797876596 ], [ -8078258.068450924009085, 5840981.006248274818063 ] ] ] } },
{ "type": "Feature", "properties": { "OBJECTID": 5229, "TYPE": "Bande cyclable (marquage)", "NOM": null, "V_VELOBOUC": "Non", "LONGUEUR": 163.64366407598726 }, "geometry": { "type": "MultiLineString", "coordinates": [ [ [ -8078118.697820113040507, 5841172.06694564037025 ], [ -8078117.590654067695141, 5841173.407896153628826 ], [ -8078101.404572270810604, 5841190.501406719908118 ], [ -8078073.824392617680132, 5841216.006440638564527 ], [ -8078051.882655962370336, 5841234.750863145105541 ], [ -8078027.896333690732718, 5841253.16329407133162 ], [ -8077997.191950214095414, 5841273.628501540981233 ], [ -8077966.402553900144994, 5841291.173137313686311 ], [ -8077936.994147066958249, 5841305.229053978808224 ], [ -8077927.634477790445089, 5841309.239801918156445 ] ] ] } },
{ "type": "Feature", "properties": { "OBJECTID": 5230, "TYPE": "Bande cyclable (marquage)", "NOM": null, "V_VELOBOUC": "Non", "LONGUEUR": 223.6488995850647 }, "geometry": { "type": "MultiLineString", "coordinates": [ [ [ -8077371.224916324019432, 5841192.536480732262135 ], [ -8077361.052836968563497, 5841184.903906159102917 ], [ -8077332.164823032915592, 5841167.082677981816232 ], [ -8077299.261840551160276, 5841150.442722505889833 ], [ -8077261.895120359957218, 5841134.095251530408859 ], [ -8077220.622156771831214, 5841117.816175715997815 ], [ -8077075.273158837109804, 5841063.681251832284033 ] ] ] } },
{ "type": "Feature", "properties": { "OBJECTID": 5231, "TYPE": "Bande cyclable (marquage)", "NOM": null, "V_VELOBOUC": "Non", "LONGUEUR": 274.83364946615012 }, "geometry": { "type": "MultiLineString", "coordinates": [ [ [ -8077927.634477790445089, 5841309.239801918156445 ], [ -8077911.290516706183553, 5841316.243350434117019 ], [ -8077880.140395510941744, 5841329.18674130178988 ], [ -8077841.873958591371775, 5841347.602759665809572 ], [ -8077828.214897959493101, 5841353.250487331300974 ], [ -8077631.399963669478893, 5841426.530803120695055 ], [ -8077610.101748188957572, 5841433.806526960805058 ], [ -8077588.422596453689039, 5841440.923931799829006 ], [ -8077556.258391649462283, 5841451.174434429034591 ] ] ] } },
{ "type": "Feature", "properties": { "OBJECTID": 5232, "TYPE": "Bande cyclable (marquage)", "NOM": null, "V_VELOBOUC": "Non", "LONGUEUR": 199.41324216179146 }, "geometry": { "type": "MultiLineString", "coordinates": [ [ [ -8077556.258391649462283, 5841451.174434429034591 ], [ -8077441.934706875123084, 5841487.607499916106462 ], [ -8077426.865085385739803, 5841492.690571388229728 ], [ -8077413.007405482232571, 5841498.902018960565329 ], [ -8077403.790319688618183, 5841504.477222114801407 ], [ -8077389.279219687916338, 5841517.364528081379831 ], [ -8077312.040221030823886, 5841592.214089003391564 ] ] ] } },
{ "type": "Feature", "properties": { "OBJECTID": 5233, "TYPE": "Bande cyclable (marquage)", "NOM": null, "V_VELOBOUC": "Non", "LONGUEUR": 224.21371573615698 }, "geometry": { "type": "MultiLineString", "coordinates": [ [ [ -8077312.040221030823886, 5841592.214089003391564 ], [ -8077283.857476634904742, 5841619.524628735147417 ], [ -8077166.864449864253402, 5841733.944505411200225 ], [ -8077160.793228841386735, 5841740.271601726301014 ], [ -8077153.895980751141906, 5841748.425127132795751 ], [ -8077130.053508478216827, 5841778.308925216086209 ], [ -8077099.86643058527261, 5841818.205905353650451 ], [ -8077090.130115587264299, 5841828.833621270954609 ] ] ] } },
{ "type": "Feature", "properties": { "OBJECTID": 5234, "TYPE": "Bande cyclable (marquage)", "NOM": null, "V_VELOBOUC": "Non", "LONGUEUR": 243.96251877080886 }, "geometry": { "type": "MultiLineString", "coordinates": [ [ [ -8076749.075915399007499, 5842053.550590253435075 ], [ -8076736.629122475162148, 5842060.666068196296692 ], [ -8076699.829820038750768, 5842080.008440564386547 ], [ -8076667.091748827137053, 5842095.942293964326382 ], [ -8076626.573066147044301, 5842114.08745155017823 ], [ -8076589.63339042570442, 5842129.106200026348233 ], [ -8076549.441592775285244, 5842143.893683038651943 ], [ -8076513.590216210111976, 5842155.948090105317533 ], [ -8076471.695793236605823, 5842168.986020680516958 ], [ -8076421.73927656095475, 5842183.751763173379004 ] ] ] } },
{ "type": "Feature", "properties": { "OBJECTID": 5236, "TYPE": "Bande cyclable (marquage)", "NOM": null, "V_VELOBOUC": "Non", "LONGUEUR": 56.174529423540797 }, "geometry": { "type": "MultiLineString", "coordinates": [ [ [ -8076397.464160324074328, 5840704.743207893334329 ], [ -8076451.611859089694917, 5840765.555926592089236 ] ] ] } },
{ "type": "Feature", "properties": { "OBJECTID": 5237, "TYPE": "Bande cyclable (marquage)", "NOM": null, "V_VELOBOUC": "Non", "LONGUEUR": 46.817557932588173 }, "geometry": { "type": "MultiLineString", "coordinates": [ [ [ -8076352.336393197998405, 5840654.060111002996564 ], [ -8076397.464160324074328, 5840704.743207893334329 ] ] ] } },
{ "type": "Feature", "properties": { "OBJECTID": 5238, "TYPE": "Chaussée désignée", "NOM": null, "V_VELOBOUC": "Non", "LONGUEUR": 64.063918317611709 }, "geometry": { "type": "MultiLineString", "coordinates": [ [ [ -8076223.266801743768156, 5839547.560664596967399 ], [ -8076222.332538173533976, 5839640.537422416731715 ] ] ] } },
{ "type": "Feature", "properties": { "OBJECTID": 5239, "TYPE": "Chaussée désignée", "NOM": null, "V_VELOBOUC": "Non", "LONGUEUR": 26.322376477295887 }, "geometry": { "type": "MultiLineString", "coordinates": [ [ [ -8076222.332538173533976, 5839640.537422416731715 ], [ -8076222.065138221718371, 5839678.740694073028862 ] ] ] } },
{ "type": "Feature", "properties": { "OBJECTID": 5240, "TYPE": "Chaussée désignée", "NOM": null, "V_VELOBOUC": "Non", "LONGUEUR": 49.322511856307813 }, "geometry": { "type": "MultiLineString", "coordinates": [ [ [ -8076219.163218409754336, 5840093.322390336543322 ], [ -8076218.662104565650225, 5840164.91093971580267 ] ] ] } },
{ "type": "Feature", "properties": { "OBJECTID": 5241, "TYPE": "Chaussée désignée", "NOM": null, "V_VELOBOUC": "Non", "LONGUEUR": 43.142685102901567 }, "geometry": { "type": "MultiLineString", "coordinates": [ [ [ -8076219.601560267619789, 5840030.703946452587843 ], [ -8076219.163218409754336, 5840093.322390336543322 ] ] ] } },
{ "type": "Feature", "properties": { "OBJECTID": 5242, "TYPE": "Chaussée désignée", "NOM": null, "V_VELOBOUC": "Non", "LONGUEUR": 42.249474017828021 }, "geometry": { "type": "MultiLineString", "coordinates": [ [ [ -8076218.662104565650225, 5840164.91093971580267 ], [ -8076218.23281302396208, 5840226.233873684890568 ] ] ] } },
{ "type": "Feature", "properties": { "OBJECTID": 5243, "TYPE": "Chaussée désignée", "NOM": null, "V_VELOBOUC": "Non", "LONGUEUR": 151.87307873165261 }, "geometry": { "type": "MultiLineString", "coordinates": [ [ [ -8076218.23281302396208, 5840226.233873684890568 ], [ -8076217.198337111622095, 5840235.89992299862206 ], [ -8076214.798928146250546, 5840244.455040893517435 ], [ -8076211.078235705383122, 5840253.05173699837178 ], [ -8076205.049791244789958, 5840262.542556299827993 ], [ -8076199.588216912932694, 5840269.606164687313139 ], [ -8076081.08414788916707, 5840394.279461569152772 ] ] ] } },
{ "type": "Feature", "properties": { "OBJECTID": 5244, "TYPE": "Chaussée désignée", "NOM": null, "V_VELOBOUC": "Non", "LONGUEUR": 367.69986317062535 }, "geometry": { "type": "MultiLineString", "coordinates": [ [ [ -8076081.08414788916707, 5840394.279461569152772 ], [ -8076072.561902012676001, 5840403.225523823872209 ], [ -8076055.330755604431033, 5840420.412522146478295 ], [ -8076045.076798042282462, 5840430.099510976113379 ], [ -8075698.188928422518075, 5840750.128617346286774 ], [ -8075694.551600501872599, 5840752.948905204422772 ], [ -8075691.935906504280865, 5840753.96202153339982 ], [ -8075689.300769908353686, 5840754.052939818240702 ] ] ] } },
{ "type": "Feature", "properties": { "OBJECTID": 5245, "TYPE": "Chaussée désignée", "NOM": null, "V_VELOBOUC": "Non", "LONGUEUR": 79.776647571965185 }, "geometry": { "type": "MultiLineString", "coordinates": [ [ [ -8075689.300769908353686, 5840754.052939818240702 ], [ -8075686.682258392684162, 5840752.76147853769362 ], [ -8075684.099449790082872, 5840751.040170972235501 ], [ -8075681.588413026183844, 5840748.946069489233196 ], [ -8075606.798590680584311, 5840673.38078295905143 ] ] ] } },
{ "type": "Feature", "properties": { "OBJECTID": 5246, "TYPE": "Chaussée désignée", "NOM": null, "V_VELOBOUC": "Non", "LONGUEUR": 79.921660148172592 }, "geometry": { "type": "MultiLineString", "coordinates": [ [ [ -8075606.798590680584311, 5840673.38078295905143 ], [ -8075525.321024171076715, 5840591.05697079282254 ] ] ] } },
{ "type": "Feature", "properties": { "OBJECTID": 5247, "TYPE": "Chaussée désignée", "NOM": null, "V_VELOBOUC": "Non", "LONGUEUR": 243.08651654918305 }, "geometry": { "type": "MultiLineString", "coordinates": [ [ [ -8075525.321024171076715, 5840591.05697079282254 ], [ -8075265.14777750056237, 5840828.506838022731245 ] ] ] } },
{ "type": "Feature", "properties": { "OBJECTID": 5248, "TYPE": "Chaussée désignée", "NOM": null, "V_VELOBOUC": "Non", "LONGUEUR": 50.555841303301492 }, "geometry": { "type": "MultiLineString", "coordinates": [ [ [ -8075265.14777750056237, 5840828.506838022731245 ], [ -8075253.371594398282468, 5840839.254148380830884 ], [ -8075249.07366768270731, 5840841.258383772335947 ], [ -8075244.991120922379196, 5840842.071361633948982 ], [ -8075239.728681871667504, 5840840.317336938343942 ], [ -8075235.17784093413502, 5840837.106909730471671 ], [ -8075209.048002202995121, 5840810.514510160312057 ] ] ] } },
{ "type": "Feature", "properties": { "OBJECTID": 5249, "TYPE": "Chaussée désignée", "NOM": null, "V_VELOBOUC": "Non", "LONGUEUR": 101.4715556796337 }, "geometry": { "type": "MultiLineString", "coordinates": [ [ [ -8075209.048002202995121, 5840810.514510160312057 ], [ -8075101.980054009705782, 5840911.304689249955118 ] ] ] } },
{ "type": "Feature", "properties": { "OBJECTID": 5250, "TYPE": "Chaussée désignée", "NOM": null, "V_VELOBOUC": "Non", "LONGUEUR": 87.548913327357766 }, "geometry": { "type": "MultiLineString", "coordinates": [ [ [ -8075101.980054009705782, 5840911.304689249955118 ], [ -8075011.167616575956345, 5840996.790527599863708 ], [ -8075009.595202545635402, 5840998.259713470004499 ] ] ] } },
{ "type": "Feature", "properties": { "OBJECTID": 5252, "TYPE": "Chaussée désignée", "NOM": null, "V_VELOBOUC": "Non", "LONGUEUR": 68.196570926587583 }, "geometry": { "type": "MultiLineString", "coordinates": [ [ [ -8074935.023109817877412, 5841067.935266991145909 ], [ -8074925.533835395239294, 5841076.801384258083999 ], [ -8074863.167859819717705, 5841135.786914456635714 ] ] ] } },
{ "type": "Feature", "properties": { "OBJECTID": 5253, "TYPE": "Chaussée désignée", "NOM": null, "V_VELOBOUC": "Non", "LONGUEUR": 68.019203223579623 }, "geometry": { "type": "MultiLineString", "coordinates": [ [ [ -8074791.114410977810621, 5841203.933755530975759 ], [ -8074719.682088023982942, 5841271.862111986614764 ] ] ] } },
{ "type": "Feature", "properties": { "OBJECTID": 5254, "TYPE": "Chaussée désignée", "NOM": null, "V_VELOBOUC": "Non", "LONGUEUR": 67.919950201031696 }, "geometry": { "type": "MultiLineString", "coordinates": [ [ [ -8074719.682088023982942, 5841271.862111986614764 ], [ -8074648.35290730278939, 5841339.691277699545026 ] ] ] } },
{ "type": "Feature", "properties": { "OBJECTID": 5255, "TYPE": "Chaussée désignée", "NOM": null, "V_VELOBOUC": "Non", "LONGUEUR": 108.43046524424362 }, "geometry": { "type": "MultiLineString", "coordinates": [ [ [ -8074648.35290730278939, 5841339.691277699545026 ], [ -8074756.029174549505115, 5841454.181436090730131 ] ] ] } },
{ "type": "Feature", "properties": { "OBJECTID": 5256, "TYPE": "Chaussée désignée", "NOM": null, "V_VELOBOUC": "Non", "LONGUEUR": 58.745931591323831 }, "geometry": { "type": "MultiLineString", "coordinates": [ [ [ -8074756.029174549505115, 5841454.181436090730131 ], [ -8074814.367656045593321, 5841516.210493518970907 ] ] ] } },
{ "type": "Feature", "properties": { "OBJECTID": 5257, "TYPE": "Chaussée désignée", "NOM": null, "V_VELOBOUC": "Non", "LONGUEUR": 117.46955378807736 }, "geometry": { "type": "MultiLineString", "coordinates": [ [ [ -8075068.710209057666361, 5842061.563559074886143 ], [ -8075186.9338602963835, 5841939.019196732901037 ] ] ] } },
{ "type": "Feature", "properties": { "OBJECTID": 5258, "TYPE": "Chaussée désignée", "NOM": null, "V_VELOBOUC": "Non", "LONGUEUR": 256.75167558321431 }, "geometry": { "type": "MultiLineString", "coordinates": [ [ [ -8075339.075912399217486, 5842317.255569756031036 ], [ -8075068.710209057666361, 5842061.563559074886143 ] ] ] } },
{ "type": "Feature", "properties": { "OBJECTID": 5259, "TYPE": "Chaussée désignée", "NOM": null, "V_VELOBOUC": "Non", "LONGUEUR": 55.075505838532791 }, "geometry": { "type": "MultiLineString", "coordinates": [ [ [ -8075406.400955460034311, 5842357.457772912457585 ], [ -8075387.61240472458303, 5842351.073182109743357 ], [ -8075373.643136191181839, 5842345.141126164235175 ], [ -8075367.24554003868252, 5842342.078550755046308 ], [ -8075361.857010364532471, 5842338.799544228240848 ], [ -8075339.075912399217486, 5842317.255569756031036 ] ] ] } },
{ "type": "Feature", "properties": { "OBJECTID": 5260, "TYPE": "Bande cyclable (marquage)", "NOM": null, "V_VELOBOUC": "Non", "LONGUEUR": 68.195291393648489 }, "geometry": { "type": "MultiLineString", "coordinates": [ [ [ -8075499.36975400801748, 5842734.593174305744469 ], [ -8075488.089667933061719, 5842720.394052132032812 ], [ -8075478.033097812905908, 5842706.441772458143532 ], [ -8075470.325795986689627, 5842692.979010851122439 ], [ -8075465.360738314688206, 5842680.759622630663216 ], [ -8075460.446396443992853, 5842664.334151526913047 ], [ -8075457.018467468209565, 5842646.902798874303699 ] ] ] } },
{ "type": "Feature", "properties": { "OBJECTID": 5261, "TYPE": "Bande cyclable (marquage)", "NOM": null, "V_VELOBOUC": "Non", "LONGUEUR": 71.273842456817249 }, "geometry": { "type": "MultiLineString", "coordinates": [ [ [ -8075669.279452513903379, 5842886.221557402051985 ], [ -8075656.136100000701845, 5842885.805829605087638 ], [ -8075644.945117971859872, 5842884.284485662356019 ], [ -8075632.750394535250962, 5842880.909653908573091 ], [ -8075619.619618368335068, 5842875.1329958550632 ], [ -8075608.205237654969096, 5842867.991884573362768 ], [ -8075599.680940941907465, 5842860.339530248194933 ], [ -8075590.158876923844218, 5842849.678254836238921 ], [ -8075582.366801327094436, 5842839.793541577644646 ] ] ] } },
{ "type": "Feature", "properties": { "OBJECTID": 5262, "TYPE": "Chaussée désignée", "NOM": null, "V_VELOBOUC": "Non", "LONGUEUR": 70.317709877259929 }, "geometry": { "type": "MultiLineString", "coordinates": [ [ [ -8075660.571665352210402, 5842987.943585217930377 ], [ -8075669.279452513903379, 5842886.221557402051985 ] ] ] } },
{ "type": "Feature", "properties": { "OBJECTID": 5263, "TYPE": "Chaussée désignée", "NOM": null, "V_VELOBOUC": "Non", "LONGUEUR": 76.971729751332305 }, "geometry": { "type": "MultiLineString", "coordinates": [ [ [ -8075713.612081592902541, 5843082.30329277087003 ], [ -8075697.650766280479729, 5843066.575963564217091 ], [ -8075687.392769088037312, 5843055.615226787514985 ], [ -8075680.613212257623672, 5843047.121682420372963 ], [ -8075674.998946021310985, 5843039.485167063772678 ], [ -8075670.292577286250889, 5843029.592995130456984 ], [ -8075668.174296001903713, 5843024.22713734023273 ], [ -8075665.373342615552247, 5843015.126330746337771 ], [ -8075662.886015965603292, 5843005.414678572677076 ], [ -8075660.568298435769975, 5842987.982822257094085 ], [ -8075660.571665352210402, 5842987.943585217930377 ] ] ] } },
{ "type": "Feature", "properties": { "OBJECTID": 5264, "TYPE": "Chaussée désignée", "NOM": null, "V_VELOBOUC": "Non", "LONGUEUR": 247.11464823963837 }, "geometry": { "type": "MultiLineString", "coordinates": [ [ [ -8075946.032637242227793, 5843351.875422975048423 ], [ -8075903.443555393256247, 5843278.433499782346189 ], [ -8075896.189878498204052, 5843267.38329354673624 ], [ -8075888.970533233135939, 5843257.525819890201092 ], [ -8075877.605648312717676, 5843243.889148767106235 ], [ -8075713.612081592902541, 5843082.30329277087003 ] ] ] } },
{ "type": "Feature", "properties": { "OBJECTID": 5265, "TYPE": "Chaussée désignée", "NOM": null, "V_VELOBOUC": "Non", "LONGUEUR": 74.131867120391846 }, "geometry": { "type": "MultiLineString", "coordinates": [ [ [ -8076001.172259522601962, 5843444.143415725789964 ], [ -8075992.800056151114404, 5843432.521678097546101 ], [ -8075946.032637242227793, 5843351.875422975048423 ] ] ] } },
{ "type": "Feature", "properties": { "OBJECTID": 5266, "TYPE": "Chaussée désignée", "NOM": null, "V_VELOBOUC": "Non", "LONGUEUR": 33.263514261713645 }, "geometry": { "type": "MultiLineString", "coordinates": [ [ [ -8076036.697755335830152, 5843476.491344900801778 ], [ -8076029.000391399487853, 5843471.394799022935331 ], [ -8076010.220824622549117, 5843453.682851093821228 ], [ -8076002.293053916655481, 5843445.69924100395292 ], [ -8076001.172259522601962, 5843444.143415725789964 ] ] ] } },
{ "type": "Feature", "properties": { "OBJECTID": 5267, "TYPE": "Chaussée désignée", "NOM": null, "V_VELOBOUC": "Non", "LONGUEUR": 82.701362093748202 }, "geometry": { "type": "MultiLineString", "coordinates": [ [ [ -8076123.195409952662885, 5843559.416399854235351 ], [ -8076048.958198699168861, 5843486.530365156009793 ], [ -8076036.979550647549331, 5843476.677930896170437 ], [ -8076036.697755335830152, 5843476.491344900801778 ] ] ] } },
{ "type": "Feature", "properties": { "OBJECTID": 5268, "TYPE": "Chaussée désignée", "NOM": null, "V_VELOBOUC": "Non", "LONGUEUR": 109.80352475928312 }, "geometry": { "type": "MultiLineString", "coordinates": [ [ [ -8076236.782330815680325, 5843670.933509548194706 ], [ -8076123.195409952662885, 5843559.416399854235351 ] ] ] } },
{ "type": "Feature", "properties": { "OBJECTID": 5269, "TYPE": "Chaussée désignée", "NOM": null, "V_VELOBOUC": "Non", "LONGUEUR": 88.94617550283219 }, "geometry": { "type": "MultiLineString", "coordinates": [ [ [ -8076328.795336537063122, 5843761.267749411985278 ], [ -8076236.782330815680325, 5843670.933509548194706 ] ] ] } },
{ "type": "Feature", "properties": { "OBJECTID": 5270, "TYPE": "Chaussée désignée", "NOM": null, "V_VELOBOUC": "Non", "LONGUEUR": 90.857128541490681 }, "geometry": { "type": "MultiLineString", "coordinates": [ [ [ -8076422.670276309363544, 5843853.662362053059042 ], [ -8076336.516159911639988, 5843768.847621877677739 ], [ -8076328.795336537063122, 5843761.267749411985278 ] ] ] } },
{ "type": "Feature", "properties": { "OBJECTID": 5271, "TYPE": "Chaussée désignée", "NOM": null, "V_VELOBOUC": "Non", "LONGUEUR": 97.304629975367689 }, "geometry": { "type": "MultiLineString", "coordinates": [ [ [ -8076530.010952914133668, 5843942.923785925842822 ], [ -8076524.236614077351987, 5843941.485362875275314 ], [ -8076512.962834203615785, 5843936.201302317902446 ], [ -8076498.900248705409467, 5843927.118172693997622 ], [ -8076483.833271841518581, 5843913.873454839922488 ], [ -8076422.670276309363544, 5843853.662362053059042 ] ] ] } },
{ "type": "Feature", "properties": { "OBJECTID": 5272, "TYPE": "Chaussée désignée", "NOM": null, "V_VELOBOUC": "Non", "LONGUEUR": 126.28864832560031 }, "geometry": { "type": "MultiLineString", "coordinates": [ [ [ -8076712.285707210190594, 5843954.152716170996428 ], [ -8076583.355048147030175, 5843948.746915540657938 ], [ -8076559.097974601201713, 5843947.206333676353097 ], [ -8076537.52551652956754, 5843944.795677276328206 ], [ -8076530.010952914133668, 5843942.923785925842822 ] ] ] } },
{ "type": "Feature", "properties": { "OBJECTID": 5273, "TYPE": "Chaussée désignée", "NOM": null, "V_VELOBOUC": "Non", "LONGUEUR": 92.590786783557078 }, "geometry": { "type": "MultiLineString", "coordinates": [ [ [ -8076846.19027937669307, 5843959.765007761307061 ], [ -8076712.285707210190594, 5843954.152716170996428 ] ] ] } },
{ "type": "Feature", "properties": { "OBJECTID": 5274, "TYPE": "Chaussée désignée", "NOM": null, "V_VELOBOUC": "Non", "LONGUEUR": 96.695607784330292 }, "geometry": { "type": "MultiLineString", "coordinates": [ [ [ -8076960.804015065543354, 5844030.557365083135664 ], [ -8076928.015842800028622, 5843997.813160783611238 ], [ -8076913.704939427785575, 5843983.809615633450449 ], [ -8076902.932438874617219, 5843974.997070408426225 ], [ -8076892.454218006692827, 5843968.402219515293837 ], [ -8076884.083457781001925, 5843965.134901920333505 ], [ -8076874.16006478574127, 5843962.219010369852185 ], [ -8076865.903775791637599, 5843960.829149631783366 ], [ -8076857.423484377563, 5843960.235746539197862 ], [ -8076846.19027937669307, 5843959.765007761307061 ] ] ] } },
{ "type": "Feature", "properties": { "OBJECTID": 5275, "TYPE": "Chaussée désignée", "NOM": null, "V_VELOBOUC": "Non", "LONGUEUR": 227.67754770212053 }, "geometry": { "type": "MultiLineString", "coordinates": [ [ [ -8077194.570901980623603, 5844263.602685144171119 ], [ -8077194.293078045360744, 5844263.327289381995797 ], [ -8076965.866922030225396, 5844035.613440910354257 ], [ -8076960.804015065543354, 5844030.557365083135664 ] ] ] } },
{ "type": "Feature", "properties": { "OBJECTID": 5276, "TYPE": "Chaussée désignée", "NOM": null, "V_VELOBOUC": "Non", "LONGUEUR": 82.62955989313086 }, "geometry": { "type": "MultiLineString", "coordinates": [ [ [ -8077279.647772682830691, 5844347.943142703734338 ], [ -8077194.570901980623603, 5844263.602685144171119 ] ] ] } },
{ "type": "Feature", "properties": { "OBJECTID": 5277, "TYPE": "Chaussée désignée", "NOM": null, "V_VELOBOUC": "Non", "LONGUEUR": 78.125615992711559 }, "geometry": { "type": "MultiLineString", "coordinates": [ [ [ -8077360.088795688003302, 5844427.686393732205033 ], [ -8077279.647772682830691, 5844347.943142703734338 ] ] ] } },
{ "type": "Feature", "properties": { "OBJECTID": 5278, "TYPE": "Chaussée désignée", "NOM": null, "V_VELOBOUC": "Non", "LONGUEUR": 78.749335760313713 }, "geometry": { "type": "MultiLineString", "coordinates": [ [ [ -8077440.902785769663751, 5844508.340184451080859 ], [ -8077360.088795688003302, 5844427.686393732205033 ] ] ] } },
{ "type": "Feature", "properties": { "OBJECTID": 5279, "TYPE": "Chaussée désignée", "NOM": null, "V_VELOBOUC": "Non", "LONGUEUR": 70.375291362659382 }, "geometry": { "type": "MultiLineString", "coordinates": [ [ [ -8077583.740118885412812, 5844670.150182507932186 ], [ -8077590.022069735452533, 5844657.15997941698879 ], [ -8077528.00229065772146, 5844595.265381528064609 ] ] ] } },
{ "type": "Feature", "properties": { "OBJECTID": 5280, "TYPE": "Bande cyclable (marquage)", "NOM": null, "V_VELOBOUC": "Oui", "LONGUEUR": 91.160129029257362 }, "geometry": { "type": "MultiLineString", "coordinates": [ [ [ -8078118.697820113040507, 5841172.06694564037025 ], [ -8078179.016472402028739, 5841228.724008770659566 ], [ -8078193.89070385415107, 5841243.65447218157351 ], [ -8078201.827280750498176, 5841252.33005981426686 ], [ -8078212.132890318520367, 5841265.257075109519064 ] ] ] } },
{ "type": "Feature", "properties": { "OBJECTID": 5281, "TYPE": "Bande cyclable (marquage)", "NOM": null, "V_VELOBOUC": "Oui", "LONGUEUR": 160.36807254229393 }, "geometry": { "type": "MultiLineString", "coordinates": [ [ [ -8078378.653999420814216, 5841482.2429113779217 ], [ -8078427.353054531849921, 5841536.031277408823371 ], [ -8078454.729055034928024, 5841565.547492135316133 ], [ -8078458.357911053113639, 5841570.606285762041807 ], [ -8078461.115269608795643, 5841576.123452405445278 ], [ -8078463.390633314847946, 5841582.896131101995707 ], [ -8078464.858151745982468, 5841589.943701996468008 ], [ -8078466.796022433787584, 5841672.938509708270431 ], [ -8078465.716794416308403, 5841682.939061664044857 ] ] ] } },
{ "type": "Feature", "properties": { "OBJECTID": 5282, "TYPE": "Bande cyclable (marquage)", "NOM": null, "V_VELOBOUC": "Non", "LONGUEUR": 101.87216411836748 }, "geometry": { "type": "MultiLineString", "coordinates": [ [ [ -8078612.907734143547714, 5841676.761942749843001 ], [ -8078602.757347193546593, 5841678.47741896379739 ], [ -8078585.283241698518395, 5841679.654551833868027 ], [ -8078465.716794416308403, 5841682.939061664044857 ] ] ] } },
{ "type": "Feature", "properties": { "OBJECTID": 5284, "TYPE": "Bande cyclable (marquage)", "NOM": null, "V_VELOBOUC": "Non", "LONGUEUR": 22.161035833254516 }, "geometry": { "type": "MultiLineString", "coordinates": [ [ [ -8078644.133213168010116, 5841669.596062240190804 ], [ -8078638.896110521629453, 5841671.101534649729729 ], [ -8078625.575991391204298, 5841674.620942551642656 ], [ -8078612.907734143547714, 5841676.761942749843001 ] ] ] } },
{ "type": "Feature", "properties": { "OBJECTID": 5285, "TYPE": "Bande cyclable (marquage)", "NOM": null, "V_VELOBOUC": "Non", "LONGUEUR": 142.27187273749635 }, "geometry": { "type": "MultiLineString", "coordinates": [ [ [ -8078841.167682585306466, 5841609.710600248537958 ], [ -8078650.064692553132772, 5841667.891001276671886 ], [ -8078644.133213168010116, 5841669.596062240190804 ] ] ] } },
{ "type": "Feature", "properties": { "OBJECTID": 5286, "TYPE": "Bande cyclable (marquage)", "NOM": null, "V_VELOBOUC": "Non", "LONGUEUR": 86.639252374540945 }, "geometry": { "type": "MultiLineString", "coordinates": [ [ [ -8079282.122530830092728, 5841525.269119619391859 ], [ -8079263.104792455211282, 5841528.031740305945277 ], [ -8079246.243208994157612, 5841530.094078857451677 ], [ -8079225.318526308983564, 5841532.91836872510612 ], [ -8079168.287089346908033, 5841541.760448394343257 ], [ -8079158.066228562034667, 5841543.386356350965798 ] ] ] } },
{ "type": "Feature", "properties": { "OBJECTID": 5287, "TYPE": "Bande cyclable (marquage)", "NOM": null, "V_VELOBOUC": "Non", "LONGUEUR": 51.178789828190787 }, "geometry": { "type": "MultiLineString", "coordinates": [ [ [ -8079158.066228562034667, 5841543.386356350965798 ], [ -8079084.920804478228092, 5841555.021731723099947 ] ] ] } },
{ "type": "Feature", "properties": { "OBJECTID": 5288, "TYPE": "Chaussée désignée", "NOM": null, "V_VELOBOUC": "Non", "LONGUEUR": 76.558443980044586 }, "geometry": { "type": "MultiLineString", "coordinates": [ [ [ -8079174.44380752928555, 5842744.872178823687136 ], [ -8079253.938212632201612, 5842667.441463406197727 ] ] ] } },
{ "type": "Feature", "properties": { "OBJECTID": 5289, "TYPE": "Chaussée désignée", "NOM": null, "V_VELOBOUC": "Non", "LONGUEUR": 80.267235953968154 }, "geometry": { "type": "MultiLineString", "coordinates": [ [ [ -8079278.681489739567041, 5843212.213751474395394 ], [ -8079185.043906901031733, 5843143.230503781698644 ] ] ] } },
{ "type": "Feature", "properties": { "OBJECTID": 5290, "TYPE": "Accotement asphalté", "NOM": null, "V_VELOBOUC": "Non", "LONGUEUR": 176.670033111598 }, "geometry": { "type": "MultiLineString", "coordinates": [ [ [ -8081854.425758575089276, 5843851.563995766453445 ], [ -8081858.783323534764349, 5843862.787462360225618 ], [ -8081867.497570555657148, 5843891.41552613209933 ], [ -8081873.354969914071262, 5843915.304386680945754 ], [ -8081878.872224926948547, 5843945.377251360565424 ], [ -8081882.360914840362966, 5843967.22024287097156 ], [ -8081885.792455258779228, 5843999.016068707220256 ], [ -8081887.297670795582235, 5844023.355147365480661 ], [ -8081887.831576190888882, 5844052.293862391263247 ], [ -8081886.787415144965053, 5844104.238240611739457 ] ] ] } },
{ "type": "Feature", "properties": { "OBJECTID": 5291, "TYPE": "Accotement asphalté", "NOM": null, "V_VELOBOUC": "Non", "LONGUEUR": 315.22069338297382 }, "geometry": { "type": "MultiLineString", "coordinates": [ [ [ -8081562.162707825191319, 5843505.614887488074601 ], [ -8081719.612559861503541, 5843657.883668348193169 ], [ -8081742.594162746332586, 5843681.282404873520136 ], [ -8081769.004423571750522, 5843709.740546158514917 ], [ -8081793.259173842146993, 5843739.720077277161181 ], [ -8081821.352217729203403, 5843781.460285215638578 ], [ -8081840.425712307915092, 5843818.683676616288722 ], [ -8081850.8567526768893, 5843842.371554683893919 ], [ -8081854.425758575089276, 5843851.563995766453445 ] ] ] } },
{ "type": "Feature", "properties": { "OBJECTID": 5292, "TYPE": "Accotement asphalté", "NOM": null, "V_VELOBOUC": "Non", "LONGUEUR": 775.55761220348086 }, "geometry": { "type": "MultiLineString", "coordinates": [ [ [ -8080745.737071664072573, 5842733.145347904413939 ], [ -8080757.529422407969832, 5842741.80895472317934 ], [ -8080778.009321665391326, 5842758.452256764285266 ], [ -8080800.757945575751364, 5842778.403663332574069 ], [ -8080847.079499923624098, 5842821.581222957000136 ], [ -8081108.204650739207864, 5843069.023209063336253 ], [ -8081320.922618594951928, 5843272.302627502940595 ], [ -8081562.162707825191319, 5843505.614887488074601 ] ] ] } },
{ "type": "Feature", "properties": { "OBJECTID": 5293, "TYPE": "Accotement asphalté", "NOM": null, "V_VELOBOUC": "Non", "LONGUEUR": 205.13310745967479 }, "geometry": { "type": "MultiLineString", "coordinates": [ [ [ -8080463.552852388471365, 5842712.793142437934875 ], [ -8080486.006298032589257, 5842705.433686232194304 ], [ -8080525.677094221115112, 5842693.98274620436132 ], [ -8080549.771001095883548, 5842688.402460119687021 ], [ -8080568.888053885661066, 5842685.706370690837502 ], [ -8080584.667360144667327, 5842684.195436842739582 ], [ -8080607.742359587922692, 5842683.981706847436726 ], [ -8080629.458564156666398, 5842685.384854073636234 ], [ -8080652.854173952713609, 5842689.208493048325181 ], [ -8080669.751023448072374, 5842693.43726259842515 ], [ -8080691.251457856968045, 5842701.128834216855466 ], [ -8080711.960374400950968, 5842711.068071936257184 ], [ -8080723.546273389831185, 5842717.767197980545461 ], [ -8080733.559372314251959, 5842724.19857853744179 ], [ -8080745.737071664072573, 5842733.145347904413939 ] ] ] } },
{ "type": "Feature", "properties": { "OBJECTID": 5294, "TYPE": "Accotement asphalté", "NOM": null, "V_VELOBOUC": "Non", "LONGUEUR": 603.5921043362481 }, "geometry": { "type": "MultiLineString", "coordinates": [ [ [ -8079686.953451935201883, 5843097.6928042890504 ], [ -8079691.109102291055024, 5843092.26665814127773 ], [ -8079709.951508024707437, 5843072.354517684318125 ], [ -8079735.418346786871552, 5843049.215523581951857 ], [ -8079766.436292464844882, 5843026.778011962771416 ], [ -8079805.429991532117128, 5843002.314296221360564 ], [ -8079875.966793371364474, 5842961.270003041252494 ], [ -8079934.925151969306171, 5842928.243067967705429 ], [ -8080004.692838424816728, 5842891.31972835958004 ], [ -8080044.652951481752098, 5842871.176302555017173 ], [ -8080101.684490299783647, 5842844.061780471354723 ], [ -8080187.997082008980215, 5842807.700431019067764 ], [ -8080216.101360751315951, 5842796.862697181291878 ], [ -8080250.813526107929647, 5842783.674995185807347 ], [ -8080378.583623616956174, 5842740.642593272961676 ], [ -8080463.552852388471365, 5842712.793142437934875 ] ] ] } },
{ "type": "Feature", "properties": { "OBJECTID": 5295, "TYPE": "Accotement asphalté", "NOM": null, "V_VELOBOUC": "Non", "LONGUEUR": 223.51438482856449 }, "geometry": { "type": "MultiLineString", "coordinates": [ [ [ -8079553.628460701555014, 5843392.491057812236249 ], [ -8079571.069180177524686, 5843343.105632471852005 ], [ -8079586.452841753140092, 5843304.480620769783854 ], [ -8079602.807487426325679, 5843264.666630198247731 ], [ -8079616.492238808423281, 5843232.169201157987118 ], [ -8079635.165799567475915, 5843190.509475982747972 ], [ -8079646.50651238579303, 5843166.946412730030715 ], [ -8079659.486721102148294, 5843141.691240701824427 ], [ -8079682.476753468625247, 5843103.538197033107281 ], [ -8079686.953451935201883, 5843097.6928042890504 ] ] ] } },
{ "type": "Feature", "properties": { "OBJECTID": 5307, "TYPE": "Accotement asphalté", "NOM": null, "V_VELOBOUC": "Non", "LONGUEUR": 87.766963164446267 }, "geometry": { "type": "MultiLineString", "coordinates": [ [ [ -8079176.580154874362051, 5845229.730921709910035 ], [ -8079179.571132438257337, 5845239.709701809100807 ], [ -8079185.582054159604013, 5845258.08166709728539 ], [ -8079209.8084149453789, 5845319.995298466645181 ], [ -8079221.3220309400931, 5845348.97457477543503 ] ] ] } },
{ "type": "Feature", "properties": { "OBJECTID": 5308, "TYPE": "Chaussée désignée", "NOM": null, "V_VELOBOUC": "Oui", "LONGUEUR": 83.797623866409538 }, "geometry": { "type": "MultiLineString", "coordinates": [ [ [ -8079953.213878804817796, 5844469.863114329054952 ], [ -8079865.951199440285563, 5844385.33717948757112 ] ] ] } },
{ "type": "Feature", "properties": { "OBJECTID": 5309, "TYPE": "Chaussée désignée", "NOM": null, "V_VELOBOUC": "Oui", "LONGUEUR": 159.47261839113264 }, "geometry": { "type": "MultiLineString", "coordinates": [ [ [ -8079945.823283407837152, 5844642.327572773210704 ], [ -8080014.585606208071113, 5844571.660915945656598 ], [ -8080020.411239922046661, 5844564.715849793516099 ], [ -8080023.470718676224351, 5844556.82617824152112 ], [ -8080023.685001071542501, 5844548.669793162494898 ], [ -8080021.687527782283723, 5844541.24306732416153 ], [ -8080016.902203104458749, 5844532.733956266194582 ], [ -8080009.9552819468081, 5844524.824083816260099 ], [ -8079953.213878804817796, 5844469.863114329054952 ] ] ] } },
{ "type": "Feature", "properties": { "OBJECTID": 5310, "TYPE": "Chaussée désignée", "NOM": null, "V_VELOBOUC": "Oui", "LONGUEUR": 76.669321337351093 }, "geometry": { "type": "MultiLineString", "coordinates": [ [ [ -8079868.296144646592438, 5844722.000424357131124 ], [ -8079945.823283407837152, 5844642.327572773210704 ] ] ] } },
{ "type": "Feature", "properties": { "OBJECTID": 5311, "TYPE": "Chaussée désignée", "NOM": null, "V_VELOBOUC": "Oui", "LONGUEUR": 123.13886663523421 }, "geometry": { "type": "MultiLineString", "coordinates": [ [ [ -8079990.092635677196085, 5844852.574361803941429 ], [ -8079868.296144646592438, 5844722.000424357131124 ] ] ] } },
{ "type": "Feature", "properties": { "OBJECTID": 5312, "TYPE": "Chaussée désignée", "NOM": null, "V_VELOBOUC": "Oui", "LONGUEUR": 107.29413477761145 }, "geometry": { "type": "MultiLineString", "coordinates": [ [ [ -8079877.789780832827091, 5844960.215653218328953 ], [ -8079990.092635677196085, 5844852.574361803941429 ] ] ] } },
{ "type": "Feature", "properties": { "OBJECTID": 5314, "TYPE": "Chaussée désignée", "NOM": null, "V_VELOBOUC": "Oui", "LONGUEUR": 22.629169153329514 }, "geometry": { "type": "MultiLineString", "coordinates": [ [ [ -8079801.922031827270985, 5845078.376890506595373 ], [ -8079779.735780457034707, 5845054.19727254845202 ] ] ] } },
{ "type": "Feature", "properties": { "OBJECTID": 5315, "TYPE": "Chaussée désignée", "NOM": null, "V_VELOBOUC": "Oui", "LONGUEUR": 66.318666052239237 }, "geometry": { "type": "MultiLineString", "coordinates": [ [ [ -8079786.521238862536848, 5845211.012134252116084 ], [ -8079774.043476507999003, 5845222.577914592809975 ], [ -8079827.126503842882812, 5845281.299792692065239 ] ] ] } },
{ "type": "Feature", "properties": { "OBJECTID": 5316, "TYPE": "Chaussée désignée", "NOM": null, "V_VELOBOUC": "Oui", "LONGUEUR": 74.607840899436468 }, "geometry": { "type": "MultiLineString", "coordinates": [ [ [ -8079827.126503842882812, 5845281.299792692065239 ], [ -8079748.418597178533673, 5845355.502871847711504 ] ] ] } },
{ "type": "Feature", "properties": { "OBJECTID": 5317, "TYPE": "Chaussée désignée", "NOM": null, "V_VELOBOUC": "Oui", "LONGUEUR": 39.269769750001394 }, "geometry": { "type": "MultiLineString", "coordinates": [ [ [ -8079663.13941116631031, 5845436.456698935478926 ], [ -8079621.853153009898961, 5845475.665285227820277 ] ] ] } },
{ "type": "Feature", "properties": { "OBJECTID": 5318, "TYPE": "Chaussée désignée", "NOM": null, "V_VELOBOUC": "Non", "LONGUEUR": 103.8479877960264 }, "geometry": { "type": "MultiLineString", "coordinates": [ [ [ -8079217.49014566000551, 5845510.688873729668558 ], [ -8079219.101028183475137, 5845515.103737794794142 ], [ -8079219.745688738301396, 5845518.954196314327419 ], [ -8079219.606533429585397, 5845524.332762169651687 ], [ -8079218.465746947564185, 5845530.199251022189856 ], [ -8079186.143530269153416, 5845656.980736959725618 ] ] ] } },
{ "type": "Feature", "properties": { "OBJECTID": 5323, "TYPE": "Chaussée désignée", "NOM": null, "V_VELOBOUC": "Non", "LONGUEUR": 302.62507071752685 }, "geometry": { "type": "MultiLineString", "coordinates": [ [ [ -8078075.125275110825896, 5845441.950677585788071 ], [ -8078383.000795771367848, 5845754.656849258579314 ] ] ] } },
{ "type": "Feature", "properties": { "OBJECTID": 5324, "TYPE": "Chaussée désignée", "NOM": null, "V_VELOBOUC": "Non", "LONGUEUR": 116.58035703802388 }, "geometry": { "type": "MultiLineString", "coordinates": [ [ [ -8078551.563776079565287, 5846364.098041602410376 ], [ -8078671.583310591988266, 5846483.164115224033594 ] ] ] } },
{ "type": "Feature", "properties": { "OBJECTID": 5325, "TYPE": "Chaussée désignée", "NOM": null, "V_VELOBOUC": "Non", "LONGUEUR": 289.53545050244929 }, "geometry": { "type": "MultiLineString", "coordinates": [ [ [ -8078671.583310591988266, 5846483.164115224033594 ], [ -8078969.674193851649761, 5846778.872967779636383 ] ] ] } },
{ "type": "Feature", "properties": { "OBJECTID": 5326, "TYPE": "Chaussée désignée", "NOM": null, "V_VELOBOUC": "Non", "LONGUEUR": 220.64771269508438 }, "geometry": { "type": "MultiLineString", "coordinates": [ [ [ -8078981.774057262577116, 5846790.875727832317352 ], [ -8079208.955671385861933, 5847016.227982454933226 ] ] ] } },
{ "type": "Feature", "properties": { "OBJECTID": 5327, "TYPE": "Chaussée désignée", "NOM": null, "V_VELOBOUC": "Non", "LONGUEUR": 11.752181605185056 }, "geometry": { "type": "MultiLineString", "coordinates": [ [ [ -8078969.674193851649761, 5846778.872967779636383 ], [ -8078981.774057262577116, 5846790.875727832317352 ] ] ] } },
{ "type": "Feature", "properties": { "OBJECTID": 5328, "TYPE": "Chaussée désignée", "NOM": null, "V_VELOBOUC": "Non", "LONGUEUR": 220.6470230631792 }, "geometry": { "type": "MultiLineString", "coordinates": [ [ [ -8079208.955671385861933, 5847016.227982454933226 ], [ -8079436.148163889534771, 5847241.579493648372591 ] ] ] } },
{ "type": "Feature", "properties": { "OBJECTID": 5329, "TYPE": "Chaussée désignée", "NOM": null, "V_VELOBOUC": "Non", "LONGUEUR": 258.67911366208136 }, "geometry": { "type": "MultiLineString", "coordinates": [ [ [ -8079436.148163889534771, 5847241.579493648372591 ], [ -8079702.515735290944576, 5847505.773926411755383 ] ] ] } },
{ "type": "Feature", "properties": { "OBJECTID": 5330, "TYPE": "Chaussée désignée", "NOM": null, "V_VELOBOUC": "Non", "LONGUEUR": 107.09898294295913 }, "geometry": { "type": "MultiLineString", "coordinates": [ [ [ -8079702.515735290944576, 5847505.773926411755383 ], [ -8079812.802572835236788, 5847615.156362551264465 ] ] ] } },
{ "type": "Feature", "properties": { "OBJECTID": 5331, "TYPE": "Chaussée désignée", "NOM": null, "V_VELOBOUC": "Non", "LONGUEUR": 365.70767938899274 }, "geometry": { "type": "MultiLineString", "coordinates": [ [ [ -8079812.802572835236788, 5847615.156362551264465 ], [ -8079845.201432242058218, 5847586.553226446732879 ], [ -8079853.983030428178608, 5847581.057370023801923 ], [ -8079859.64406060334295, 5847578.586232480593026 ], [ -8079864.169182788580656, 5847578.254479112103581 ], [ -8079869.792438927106559, 5847579.050229642540216 ], [ -8079875.845799431204796, 5847581.411717814393342 ], [ -8079880.416718292981386, 5847584.747488029301167 ], [ -8079885.419079259037971, 5847589.533662840723991 ], [ -8080194.674663156270981, 5847904.392197276465595 ] ] ] } },
{ "type": "Feature", "properties": { "OBJECTID": 5332, "TYPE": "Chaussée désignée", "NOM": null, "V_VELOBOUC": "Non", "LONGUEUR": 80.278470276695273 }, "geometry": { "type": "MultiLineString", "coordinates": [ [ [ -8080194.674663156270981, 5847904.392197276465595 ], [ -8080276.270846678875387, 5847987.463030747137964 ] ] ] } },
{ "type": "Feature", "properties": { "OBJECTID": 5333, "TYPE": "Chaussée désignée", "NOM": null, "V_VELOBOUC": "Non", "LONGUEUR": 304.20917770236855 }, "geometry": { "type": "MultiLineString", "coordinates": [ [ [ -8080276.270846678875387, 5847987.463030747137964 ], [ -8080585.487336190417409, 5848302.253954038023949 ] ] ] } },
{ "type": "Feature", "properties": { "OBJECTID": 5334, "TYPE": "Chaussée désignée", "NOM": null, "V_VELOBOUC": "Non", "LONGUEUR": 82.737550066739644 }, "geometry": { "type": "MultiLineString", "coordinates": [ [ [ -8080585.487336190417409, 5848302.253954038023949 ], [ -8080669.485356137156487, 5848387.9734548907727 ] ] ] } },
{ "type": "Feature", "properties": { "OBJECTID": 5335, "TYPE": "Chaussée désignée", "NOM": null, "V_VELOBOUC": "Non", "LONGUEUR": 86.21352657234246 }, "geometry": { "type": "MultiLineString", "coordinates": [ [ [ -8080893.774718929082155, 5848708.279135124757886 ], [ -8080981.178691172040999, 5848797.729145114310086 ] ] ] } },
{ "type": "Feature", "properties": { "OBJECTID": 5336, "TYPE": "Chaussée désignée", "NOM": null, "V_VELOBOUC": "Non", "LONGUEUR": 87.685551521719503 }, "geometry": { "type": "MultiLineString", "coordinates": [ [ [ -8081073.768487637862563, 5848710.538194386288524 ], [ -8080981.178691172040999, 5848797.729145114310086 ] ] ] } },
{ "type": "Feature", "properties": { "OBJECTID": 5337, "TYPE": "Chaussée désignée", "NOM": null, "V_VELOBOUC": "Non", "LONGUEUR": 21.437992129777815 }, "geometry": { "type": "MultiLineString", "coordinates": [ [ [ -8081096.130447507835925, 5848688.936658192425966 ], [ -8081088.361702112480998, 5848696.733945824205875 ], [ -8081087.364235694520175, 5848697.735056469216943 ], [ -8081073.768487637862563, 5848710.538194386288524 ] ] ] } },
{ "type": "Feature", "properties": { "OBJECTID": 5338, "TYPE": "Chaussée désignée", "NOM": null, "V_VELOBOUC": "Non", "LONGUEUR": 57.474583011998654 }, "geometry": { "type": "MultiLineString", "coordinates": [ [ [ -8081154.973663936369121, 5848629.876675457693636 ], [ -8081096.130447507835925, 5848688.936658192425966 ] ] ] } },
{ "type": "Feature", "properties": { "OBJECTID": 5339, "TYPE": "Chaussée désignée", "NOM": null, "V_VELOBOUC": "Non", "LONGUEUR": 34.841675689682319 }, "geometry": { "type": "MultiLineString", "coordinates": [ [ [ -8081190.644642315804958, 5848594.073915737681091 ], [ -8081154.973663936369121, 5848629.876675457693636 ] ] ] } },
{ "type": "Feature", "properties": { "OBJECTID": 5340, "TYPE": "Chaussée désignée", "NOM": null, "V_VELOBOUC": "Non", "LONGUEUR": 25.317533206900311 }, "geometry": { "type": "MultiLineString", "coordinates": [ [ [ -8081216.5646141031757, 5848568.058024447411299 ], [ -8081190.644642315804958, 5848594.073915737681091 ] ] ] } },
{ "type": "Feature", "properties": { "OBJECTID": 5341, "TYPE": "Chaussée désignée", "NOM": null, "V_VELOBOUC": "Non", "LONGUEUR": 40.75317114745723 }, "geometry": { "type": "MultiLineString", "coordinates": [ [ [ -8081258.255735232494771, 5848526.149442010559142 ], [ -8081254.72610245924443, 5848529.754957228899002 ], [ -8081216.5646141031757, 5848568.058024447411299 ] ] ] } },
{ "type": "Feature", "properties": { "OBJECTID": 5342, "TYPE": "Chaussée désignée", "NOM": null, "V_VELOBOUC": "Non", "LONGUEUR": 157.90996663100464 }, "geometry": { "type": "MultiLineString", "coordinates": [ [ [ -8081418.491729469969869, 5848362.465835629031062 ], [ -8081258.255735232494771, 5848526.149442010559142 ] ] ] } },
{ "type": "Feature", "properties": { "OBJECTID": 5343, "TYPE": "Chaussée désignée", "NOM": null, "V_VELOBOUC": "Non", "LONGUEUR": 81.817686269523193 }, "geometry": { "type": "MultiLineString", "coordinates": [ [ [ -8081501.51227443292737, 5848277.65668466873467 ], [ -8081418.491729469969869, 5848362.465835629031062 ] ] ] } },
{ "type": "Feature", "properties": { "OBJECTID": 5344, "TYPE": "Chaussée désignée", "NOM": null, "V_VELOBOUC": "Oui", "LONGUEUR": 72.524397389912863 }, "geometry": { "type": "MultiLineString", "coordinates": [ [ [ -8081890.059252832084894, 5848050.241906628012657 ], [ -8081964.016969797201455, 5847975.434327129274607 ] ] ] } },
{ "type": "Feature", "properties": { "OBJECTID": 5345, "TYPE": "Bande cyclable (marquage)", "NOM": null, "V_VELOBOUC": "Oui", "LONGUEUR": 120.09294054336625 }, "geometry": { "type": "MultiLineString", "coordinates": [ [ [ -8082221.278715755790472, 5847551.554000971838832 ], [ -8082344.230379140004516, 5847428.179567024111748 ] ] ] } },
{ "type": "Feature", "properties": { "OBJECTID": 5346, "TYPE": "Bande cyclable (marquage)", "NOM": null, "V_VELOBOUC": "Non", "LONGUEUR": 51.440776875378738 }, "geometry": { "type": "MultiLineString", "coordinates": [ [ [ -8076421.73927656095475, 5842183.751763173379004 ], [ -8076442.600576833821833, 5842255.441962299868464 ] ] ] } },
{ "type": "Feature", "properties": { "OBJECTID": 5347, "TYPE": "Bande cyclable (marquage)", "NOM": null, "V_VELOBOUC": "Non", "LONGUEUR": 130.87284169639452 }, "geometry": { "type": "MultiLineString", "coordinates": [ [ [ -8076442.600576833821833, 5842255.441962299868464 ], [ -8076444.045023223385215, 5842260.40581588447094 ], [ -8076449.941456977277994, 5842276.495942720212042 ], [ -8076459.75553481746465, 5842291.596061893738806 ], [ -8076475.638270955532789, 5842308.382506149820983 ], [ -8076492.788501056842506, 5842324.838474843651056 ], [ -8076565.834526552818716, 5842396.809981781058013 ] ] ] } },
{ "type": "Feature", "properties": { "OBJECTID": 5348, "TYPE": "Bande cyclable (marquage)", "NOM": null, "V_VELOBOUC": "Non", "LONGUEUR": 70.770041224416602 }, "geometry": { "type": "MultiLineString", "coordinates": [ [ [ -8076565.834526552818716, 5842396.809981781058013 ], [ -8076638.905881812795997, 5842468.805287807248533 ] ] ] } },
{ "type": "Feature", "properties": { "OBJECTID": 5349, "TYPE": "Bande cyclable (marquage)", "NOM": null, "V_VELOBOUC": "Non", "LONGUEUR": 68.477502955249832 }, "geometry": { "type": "MultiLineString", "coordinates": [ [ [ -8076750.114362185820937, 5842578.37381948158145 ], [ -8076820.821511904709041, 5842648.036871531046927 ] ] ] } },
{ "type": "Feature", "properties": { "OBJECTID": 5358, "TYPE": "Chaussée désignée", "NOM": "Route Verte 5 (est-ouest)", "V_VELOBOUC": "Oui", "LONGUEUR": 64.345044398253052 }, "geometry": { "type": "MultiLineString", "coordinates": [ [ [ -8075986.852048669941723, 5835440.178386128507555 ], [ -8075994.942323202267289, 5835426.509074400179088 ], [ -8076022.970021123066545, 5835354.34529267065227 ] ] ] } },
{ "type": "Feature", "properties": { "OBJECTID": 5359, "TYPE": "Bande cyclable (marquage)", "NOM": "Route Verte 5 (est-ouest)", "V_VELOBOUC": "Oui", "LONGUEUR": 64.826154499787634 }, "geometry": { "type": "MultiLineString", "coordinates": [ [ [ -8076015.78855630196631, 5835351.328692807815969 ], [ -8075987.654164794832468, 5835425.769021722488105 ], [ -8075986.852048669941723, 5835440.178386128507555 ] ] ] } },
{ "type": "Feature", "properties": { "OBJECTID": 5360, "TYPE": "Bande cyclable (marquage)", "NOM": "Route Verte 5 (est-ouest)", "V_VELOBOUC": "Oui", "LONGUEUR": 105.35726888858646 }, "geometry": { "type": "MultiLineString", "coordinates": [ [ [ -8076070.096255207434297, 5835208.529044411145151 ], [ -8076016.224125567823648, 5835350.186182536184788 ], [ -8076015.78855630196631, 5835351.328692807815969 ] ] ] } },
{ "type": "Feature", "properties": { "OBJECTID": 5361, "TYPE": "Chaussée désignée", "NOM": "Route Verte 5 (est-ouest)", "V_VELOBOUC": "Oui", "LONGUEUR": 105.14285895532801 }, "geometry": { "type": "MultiLineString", "coordinates": [ [ [ -8076022.970021123066545, 5835354.34529267065227 ], [ -8076077.887302885763347, 5835212.113913563080132 ] ] ] } },
{ "type": "Feature", "properties": { "OBJECTID": 5362, "TYPE": "Chaussée désignée", "NOM": "Route Verte 5 (est-ouest)", "V_VELOBOUC": "Oui", "LONGUEUR": 91.749066717157504 }, "geometry": { "type": "MultiLineString", "coordinates": [ [ [ -8076126.802932464517653, 5835085.424277178011835 ], [ -8076172.143451805226505, 5834967.99212159588933 ], [ -8076168.111597723327577, 5834962.082599627785385 ] ] ] } },
{ "type": "Feature", "properties": { "OBJECTID": 5363, "TYPE": "Bande cyclable (marquage)", "NOM": "Route Verte 5 (est-ouest)", "V_VELOBOUC": "Oui", "LONGUEUR": 91.266201094245574 }, "geometry": { "type": "MultiLineString", "coordinates": [ [ [ -8076168.111597723327577, 5834962.082599627785385 ], [ -8076160.355657590553164, 5834964.174770087003708 ], [ -8076117.290199404582381, 5835080.764496746473014 ] ] ] } },
{ "type": "Feature", "properties": { "OBJECTID": 5364, "TYPE": "Bande cyclable (marquage)", "NOM": null, "V_VELOBOUC": "Non", "LONGUEUR": 23.156876130698198 }, "geometry": { "type": "MultiLineString", "coordinates": [ [ [ -8080106.750649995170534, 5833379.338974545709789 ], [ -8080131.242642415687442, 5833402.237033946439624 ] ] ] } },
{ "type": "Feature", "properties": { "OBJECTID": 5456, "TYPE": "Piste cyclable", "NOM": "Route Verte 5 (est-ouest)", "V_VELOBOUC": "Oui", "LONGUEUR": 1733.0992460656691 }, "geometry": { "type": "MultiLineString", "coordinates": [ [ [ -8075059.439386285841465, 5837587.719548651948571 ], [ -8075026.521099401637912, 5837538.79989225231111 ], [ -8074997.714939567260444, 5837506.012237553484738 ], [ -8074988.28101169038564, 5837493.410060634836555 ], [ -8074968.988306129351258, 5837465.572242867201567 ], [ -8074959.138802020810544, 5837447.384230984374881 ], [ -8074949.907799059525132, 5837430.419979328289628 ], [ -8074898.143805824220181, 5837356.304714757017791 ], [ -8074889.104431852698326, 5837339.897817934863269 ], [ -8074882.075185005553067, 5837322.649274137802422 ], [ -8074878.41163725592196, 5837306.044150586239994 ], [ -8074871.403508932329714, 5837290.447290124371648 ], [ -8074861.923105151392519, 5837279.172048936598003 ], [ -8074851.376521348021924, 5837269.640816166996956 ], [ -8074839.136812904849648, 5837249.395417400635779 ], [ -8074836.913038580678403, 5837235.034404067322612 ], [ -8074835.851355383172631, 5837211.936274523846805 ], [ -8074828.610071679577231, 5837194.047156218439341 ], [ -8074804.870431559160352, 5837140.384120983071625 ], [ -8074765.762831389904022, 5837062.040594827383757 ], [ -8074746.598247546702623, 5837026.135639876127243 ], [ -8074702.494371442124248, 5836949.706016984768212 ], [ -8074673.553179347887635, 5836902.022613719105721 ], [ -8074647.221812595613301, 5836861.280549442395568 ], [ -8074609.193713908083737, 5836806.589463154785335 ], [ -8074571.991925873793662, 5836755.497912054881454 ], [ -8074551.404268380254507, 5836728.139434212818742 ], [ -8074528.077348115853965, 5836699.349142758175731 ], [ -8074505.245714445598423, 5836670.436381449922919 ], [ -8074487.969873228110373, 5836646.781458728946745 ], [ -8074465.109221453778446, 5836608.929348734207451 ], [ -8074433.039111140184104, 5836564.524938176386058 ], [ -8074414.458610276691616, 5836541.501759436912835 ], [ -8074393.497602755203843, 5836517.580452747642994 ], [ -8074365.780410503037274, 5836488.608960876241326 ], [ -8074341.368849084712565, 5836457.071581028401852 ], [ -8074333.580874719657004, 5836432.922006018459797 ], [ -8074328.385135658085346, 5836419.326558406464756 ], [ -8074314.541124800220132, 5836396.274229847826064 ], [ -8074282.817114789970219, 5836356.460483832284808 ], [ -8074278.914651486091316, 5836349.918283772654831 ], [ -8074277.086124864406884, 5836342.789495673030615 ], [ -8074277.597970887087286, 5836335.059831780381501 ], [ -8074280.274308013729751, 5836325.245273928157985 ], [ -8074303.776251689530909, 5836273.930171992629766 ], [ -8074305.325717529281974, 5836264.852728950791061 ], [ -8074304.657264427281916, 5836257.355907385237515 ], [ -8074302.623161908239126, 5836248.81827790196985 ], [ -8074298.515494242310524, 5836241.944141297601163 ], [ -8074292.044982937164605, 5836233.635663880035281 ], [ -8074282.514776770025492, 5836222.458897888660431 ], [ -8074271.013797467574477, 5836208.536703210324049 ], [ -8074266.120140904560685, 5836208.169581742957234 ], [ -8074226.557454702444375, 5836239.163899960927665 ], [ -8074217.800241690129042, 5836241.820542194880545 ], [ -8074205.74343832116574, 5836238.908604562282562 ], [ -8074110.173905916512012, 5836130.552555775269866 ], [ -8074043.457595007494092, 5836003.510568527504802 ], [ -8074043.385152330622077, 5835996.906828310340643 ], [ -8074046.545277425087988, 5835988.807277193292975 ], [ -8074054.473962093703449, 5835978.770086006261408 ], [ -8074194.274392025545239, 5835848.737832680344582 ], [ -8074208.328023734502494, 5835838.468718406744301 ], [ -8074215.556317713111639, 5835835.639878796413541 ], [ -8074222.57732623256743, 5835837.261526297777891 ], [ -8074296.036990530788898, 5835925.994082497432828 ], [ -8074316.609136709943414, 5835946.05456324107945 ], [ -8074320.731837151572108, 5835946.872858709655702 ], [ -8074325.92957247979939, 5835947.397206 ], [ -8074333.506829254329205, 5835943.023643067106605 ], [ -8074409.92978988122195, 5835880.189080590382218 ] ] ] } },
{ "type": "Feature", "properties": { "OBJECTID": 5464, "TYPE": "Cyclo pédestre", "NOM": null, "V_VELOBOUC": "Non", "LONGUEUR": 95.371479038918721 }, "geometry": { "type": "MultiLineString", "coordinates": [ [ [ -8081074.150476628914475, 5839608.534530876204371 ], [ -8081062.374746744520962, 5839608.198927680961788 ], [ -8081058.784335785545409, 5839608.127626620233059 ], [ -8081056.492904376238585, 5839607.907594817690551 ], [ -8081054.326682522892952, 5839607.527341294102371 ], [ -8081052.516002307645977, 5839607.076130757108331 ], [ -8080997.917614841833711, 5839591.074983227998018 ], [ -8080995.403224821202457, 5839590.187372625805438 ], [ -8080992.699974945746362, 5839588.923940300010145 ], [ -8080990.66657670866698, 5839587.733562793582678 ], [ -8080988.807704940438271, 5839586.435531813651323 ], [ -8080986.311979184858501, 5839584.310268115252256 ], [ -8080984.305634019896388, 5839582.192736296914518 ], [ -8080982.527630493044853, 5839579.89225759357214 ], [ -8080980.534479447640479, 5839576.63281134236604 ], [ -8080976.722776206210256, 5839569.23418755363673 ], [ -8080975.660173551179469, 5839567.344797586090863 ], [ -8080974.616300663910806, 5839566.108138475567102 ], [ -8080973.360583720728755, 5839565.085895030759275 ], [ -8080971.846962173469365, 5839564.276194742880762 ], [ -8080970.255174661055207, 5839563.79257857054472 ], [ -8080968.912995922379196, 5839563.629345142282546 ], [ -8080967.30470013152808, 5839563.710420232266188 ], [ -8080951.425434642471373, 5839566.700399218127131 ] ] ] } },
{ "type": "Feature", "properties": { "OBJECTID": 5465, "TYPE": "Cyclo pédestre", "NOM": null, "V_VELOBOUC": "Non", "LONGUEUR": 2749.6021417924826 }, "geometry": { "type": "MultiLineString", "coordinates": [ [ [ -8078998.38371866568923, 5838986.665268423035741 ], [ -8078978.778583312407136, 5838978.234378155320883 ], [ -8078970.009235103614628, 5838974.997190354391932 ], [ -8078961.051400329917669, 5838972.32952256500721 ], [ -8078951.941806043498218, 5838970.242290777154267 ], [ -8078710.250066800974309, 5838921.786616559140384 ], [ -8078693.060776928439736, 5838918.340159127488732 ], [ -8078508.484943103976548, 5838881.965634493157268 ], [ -8078176.820019575767219, 5838815.1503422614187 ], [ -8078169.766799757257104, 5838813.122812479734421 ], [ -8078163.074442079290748, 5838810.105758472345769 ], [ -8078156.880058945156634, 5838806.160961695946753 ], [ -8078151.310554817318916, 5838801.369350261054933 ], [ -8078146.480117705650628, 5838795.829009724780917 ], [ -8078142.487706475891173, 5838789.653556603938341 ], [ -8078139.385964481160045, 5838784.633285419084132 ], [ -8078135.594982861541212, 5838780.1142214005813 ], [ -8078131.194053296931088, 5838776.190840302035213 ], [ -8078126.275127119384706, 5838772.945177013985813 ], [ -8078120.941063811071217, 5838770.445063378661871 ], [ -8078115.303368584252894, 5838768.74275912810117 ], [ -8078097.246911211870611, 5838765.132693065330386 ], [ -8078064.748727225698531, 5838759.087274851277471 ], [ -8078064.419416405260563, 5838759.026014162227511 ], [ -8078056.718132003210485, 5838757.574546411633492 ], [ -8078054.305004003457725, 5838757.428109161555767 ], [ -8078051.901415817439556, 5838757.688489757478237 ], [ -8078049.57505124527961, 5838758.348325230181217 ], [ -8078047.391375335864723, 5838759.389014762826264 ], [ -8078045.411855225451291, 5838760.781315450556576 ], [ -8078043.692215803079307, 5838762.486047296784818 ], [ -8078042.280871949158609, 5838764.455163138918579 ], [ -8078041.217535994015634, 5838766.633292329497635 ], [ -8078040.53215279057622, 5838768.959106869995594 ], [ -8078038.755985625088215, 5838775.600467199459672 ], [ -8078036.152810152620077, 5838780.050981448963284 ], [ -8078032.836457680910826, 5838783.995350318029523 ], [ -8078028.902555037289858, 5838787.319828988984227 ], [ -8078024.464604174718261, 5838789.928481897339225 ], [ -8078019.650584860704839, 5838791.746045461855829 ], [ -8078014.599420312792063, 5838792.720136048272252 ], [ -8078009.456802101805806, 5838792.822579490020871 ], [ -8078004.371054149232805, 5838792.050487012602389 ], [ -8077999.488902740180492, 5838790.426096331328154 ], [ -8077977.091499631293118, 5838782.223665935918689 ], [ -8077954.485543574206531, 5838774.618743144907057 ], [ -8077931.686954287812114, 5838767.616629425436258 ], [ -8077917.847383107990026, 5838763.692653816193342 ], [ -8077729.960052959620953, 5838725.845011281780899 ], [ -8077717.720817304216325, 5838724.379013223573565 ], [ -8077705.403064843267202, 5838723.921878145076334 ], [ -8077698.285340329632163, 5838723.750768906436861 ], [ -8077661.857545834966004, 5838722.875010564923286 ], [ -8077654.487959314137697, 5838722.476459931582212 ], [ -8077647.221742955967784, 5838721.179803131148219 ], [ -8077640.167209901846945, 5838719.004360433667898 ], [ -8077633.429588828235865, 5838715.982550743967295 ], [ -8077627.109328884631395, 5838712.159472243860364 ], [ -8077620.207951368764043, 5838707.602688851766288 ], [ -8077612.804893586784601, 5838703.922685855068266 ], [ -8077605.010360579937696, 5838701.174252484925091 ], [ -8077596.940254564397037, 5838699.398277044296265 ], [ -8077588.714626959525049, 5838698.621148083359003 ], [ -8077581.469973175786436, 5838698.548361185006797 ], [ -8077537.477180581539869, 5838698.106289316900074 ], [ -8077528.093798607587814, 5838698.011946301907301 ], [ -8077519.624400223605335, 5838697.471253149211407 ], [ -8077511.255859988741577, 5838696.056445849128067 ], [ -8077503.077588300220668, 5838693.782666618004441 ], [ -8077495.176934059709311, 5838690.674213458783925 ], [ -8077487.638283484615386, 5838686.764275373890996 ], [ -8077480.542159400880337, 5838682.094631313346326 ], [ -8077472.57345571089536, 5838677.514672160148621 ], [ -8077464.162623369134963, 5838673.814910023473203 ], [ -8077455.405943126417696, 5838671.037742586806417 ], [ -8077446.403654953464866, 5838669.214911588467658 ], [ -8077437.258803145959973, 5838668.367307756096125 ], [ -8077428.075974659994245, 5838668.504629312083125 ], [ -8077420.814996572211385, 5838669.184289311990142 ] ], [ [ -8078998.38371866568923, 5838986.665268423035741 ], [ -8079012.628497421741486, 5838993.305040480569005 ], [ -8079013.456760655157268, 5838993.606298451311886 ], [ -8079014.324550645425916, 5838993.758998008444905 ], [ -8079015.205591238103807, 5838993.758440657518804 ], [ -8079016.073188862763345, 5838993.604712607339025 ], [ -8079016.901067679747939, 5838993.302404305897653 ], [ -8079017.664200088009238, 5838992.860729016363621 ], [ -8079018.339463593438268, 5838992.293022529222071 ], [ -8079018.906403638422489, 5838991.616461821831763 ], [ -8079019.347890035249293, 5838990.851601040922105 ], [ -8079023.380591380409896, 5838982.876924225129187 ], [ -8079027.909561239182949, 5838975.17505257204175 ], [ -8079032.916606277227402, 5838967.777012500911951 ], [ -8079033.868760583922267, 5838966.151369518600404 ], [ -8079034.587465747259557, 5838964.409129292704165 ], [ -8079035.058803749270737, 5838962.583873576484621 ], [ -8079035.709976281039417, 5838960.106005319394171 ], [ -8079036.683194722980261, 5838957.736738490872085 ], [ -8079037.961260330863297, 5838955.518034087494016 ], [ -8079045.413409505039454, 5838944.869110848754644 ], [ -8079057.341545755974948, 5838929.146398091688752 ], [ -8079059.35918799135834, 5838926.914121384732425 ], [ -8079061.727804503403604, 5838925.061139192432165 ], [ -8079064.377533888444304, 5838923.642002619802952 ], [ -8079067.230234134942293, 5838922.698683939874172 ], [ -8079070.201744140125811, 5838922.258934093639255 ], [ -8079073.204458022490144, 5838922.335732333362103 ], [ -8079076.149790070950985, 5838922.926807130686939 ], [ -8079078.950849927961826, 5838924.014740108512342 ], [ -8079081.525077394209802, 5838925.567432275041938 ], [ -8079095.461836477741599, 5838935.70407791249454 ], [ -8079113.627803063951433, 5838949.329081751406193 ], [ -8079130.524993557482958, 5838962.158366054296494 ], [ -8079143.648759093135595, 5838971.558166245929897 ], [ -8079158.351147133857012, 5838981.709388647228479 ], [ -8079172.634047282859683, 5838991.20756901614368 ], [ -8079187.016885765828192, 5839000.508972080424428 ], [ -8079198.749743888154626, 5839007.834628779441118 ], [ -8079211.730003974400461, 5839015.114274987950921 ], [ -8079225.828826023265719, 5839022.971042757853866 ], [ -8079240.576385010033846, 5839030.595539507456124 ], [ -8079255.570440946146846, 5839038.003848388791084 ], [ -8079271.625924551859498, 5839045.487830660305917 ], [ -8079282.825647327117622, 5839050.44959350861609 ], [ -8079310.71395708154887, 5839062.341305175796151 ] ], [ [ -8078998.46307304315269, 5838986.699399380944669 ], [ -8078998.38371866568923, 5838986.665268423035741 ] ], [ [ -8080000.972158158197999, 5839212.464885843917727 ], [ -8079996.825650746934116, 5839208.557287165895104 ], [ -8079995.057170450687408, 5839207.557511570863426 ], [ -8079992.933589702472091, 5839207.475232269614935 ], [ -8079990.570431022904813, 5839208.254241316579282 ], [ -8079988.786917170509696, 5839209.679806037805974 ], [ -8079986.444351652637124, 5839212.526611906476319 ], [ -8079983.54120880458504, 5839215.315491499379277 ], [ -8079981.281536654569209, 5839217.074942952953279 ], [ -8079977.87433172762394, 5839218.763482275418937 ], [ -8079973.734677016735077, 5839219.233857015147805 ], [ -8079966.494165794923902, 5839219.725800914689898 ], [ -8079964.593582097440958, 5839220.222140522673726 ], [ -8079962.567575468681753, 5839221.63871678058058 ], [ -8079961.043631300330162, 5839224.328403793275356 ], [ -8079956.455626472830772, 5839243.745192013680935 ], [ -8079956.202713486738503, 5839245.758367301896214 ], [ -8079956.00922429934144, 5839247.599440129473805 ], [ -8079956.201645348221064, 5839250.827523043379188 ], [ -8079957.223319059237838, 5839256.830186385661364 ], [ -8079957.37363613396883, 5839258.732877029106021 ], [ -8079957.412417229264975, 5839260.34623512532562 ], [ -8079950.561040325090289, 5839291.75070128403604 ] ], [ [ -8080951.425434642471373, 5839566.700399218127131 ], [ -8080936.139824671670794, 5839569.757670913822949 ], [ -8080928.894860813394189, 5839571.112341689877212 ], [ -8080921.545807771384716, 5839571.665386927314103 ], [ -8080914.1804941566661, 5839571.410196551121771 ], [ -8080906.886963752098382, 5839570.349815867841244 ], [ -8080899.752462328411639, 5839568.496970166452229 ], [ -8080614.449339202605188, 5839485.856360518373549 ], [ -8080549.516568343155086, 5839467.731354491785169 ], [ -8080496.205616971477866, 5839455.616278672590852 ], [ -8080494.136137084104121, 5839455.217416405677795 ], [ -8080486.975267427973449, 5839454.060622373595834 ], [ -8080479.727147660218179, 5839453.789733249694109 ], [ -8080472.500313708558679, 5839454.40876090247184 ], [ -8080465.402911096811295, 5839455.908468658104539 ], [ -8080444.342683689668775, 5839460.829860280267894 ], [ -8080439.893530888482928, 5839461.581014649942517 ], [ -8080435.382543885149062, 5839461.663050748407841 ], [ -8080430.909140761941671, 5839461.074214981868863 ], [ -8080426.571955929510295, 5839459.827441169880331 ], [ -8080422.466562422923744, 5839457.950251602567732 ], [ -8080418.683419093489647, 5839455.483971224166453 ], [ -8080414.871020408347249, 5839452.573420444503427 ], [ -8080404.155550140887499, 5839444.392668416723609 ], [ -8080398.34598343167454, 5839439.957331139594316 ], [ -8080392.588172131218016, 5839435.82819660846144 ], [ -8080387.351017449051142, 5839432.522510545328259 ], [ -8080381.796643301844597, 5839429.787134248763323 ], [ -8080375.98658895585686, 5839427.652315754443407 ], [ -8080372.611268815584481, 5839426.434318421408534 ], [ -8080206.752727282233536, 5839390.252460530027747 ], [ -8080202.87762307189405, 5839389.617358930408955 ], [ -8080198.957485782913864, 5839389.393911191262305 ], [ -8080189.931428649462759, 5839389.356295220553875 ], [ -8080187.417297245934606, 5839389.359706850722432 ], [ -8080172.494987837038934, 5839389.380012809298933 ], [ -8080169.908731567673385, 5839389.383526855148375 ], [ -8080161.473892430774868, 5839389.394972130656242 ], [ -8080101.185703868046403, 5839389.178483603522182 ], [ -8080093.448526751250029, 5839388.715346654877067 ], [ -8080085.811382141895592, 5839387.387497119605541 ], [ -8080078.370113433338702, 5839385.211505615152419 ], [ -8080071.21790795493871, 5839382.214689551852643 ], [ -8080064.444470908492804, 5839378.434595448896289 ], [ -8080058.134655569680035, 5839373.918583803810179 ], [ -8080047.552097073756158, 5839365.40891426242888 ], [ -8080034.446404204703867, 5839353.72785337548703 ], [ -8080023.578300451859832, 5839344.565263751894236 ], [ -8080019.29680466465652, 5839341.147003289312124 ], [ -8080015.646116033196449, 5839337.057984860613942 ], [ -8080012.729218487627804, 5839332.41356208641082 ], [ -8080010.628477377817035, 5839327.344851266592741 ], [ -8080004.011369049549103, 5839312.910293457098305 ], [ -8080002.414325507357717, 5839310.025113097392023 ], [ -8080000.400900030508637, 5839307.415300001390278 ], [ -8079998.017386564053595, 5839305.140755172818899 ], [ -8079995.318557908758521, 5839303.253785393200815 ], [ -8079992.366415431722999, 5839301.797746179625392 ], [ -8079989.228825283236802, 5839300.806118869222701 ], [ -8079951.568435466848314, 5839291.986614841036499 ], [ -8079789.224183525890112, 5839253.9660305082798 ], [ -8079710.147471976466477, 5839235.445344366133213 ], [ -8079706.958851241506636, 5839234.945754049345851 ], [ -8079703.731655434705317, 5839234.926064643077552 ], [ -8079700.537241047248244, 5839235.386780469678342 ], [ -8079697.446257050149143, 5839236.31765719037503 ], [ -8079641.156120583415031, 5839257.965203151106834 ], [ -8079637.915436422452331, 5839258.928643493913114 ], [ -8079634.564916268922389, 5839259.375543295405805 ], [ -8079631.185850906185806, 5839259.295092983171344 ], [ -8079627.860251666978002, 5839258.689227945171297 ], [ -8079624.668788527138531, 5839257.572640780359507 ], [ -8079587.294135238043964, 5839241.119138524867594 ], [ -8079492.391115692444146, 5839199.338987824507058 ], [ -8079472.946809062734246, 5839190.943751533515751 ], [ -8079329.768740981817245, 5839129.123919478617609 ], [ -8079329.344741890206933, 5839128.942109405994415 ], [ -8079317.024294211529195, 5839123.694106887094676 ], [ -8079316.247486128471792, 5839123.279974074102938 ], [ -8079315.553878884762526, 5839122.737166220322251 ], [ -8079314.964404123835266, 5839122.082147564738989 ], [ -8079314.496808829717338, 5839121.334647106938064 ], [ -8079314.165226412937045, 5839120.517218123190105 ], [ -8079313.979677996598184, 5839119.654579229652882 ], [ -8079313.945757054723799, 5839118.772739837877452 ], [ -8079314.064492763020098, 5839117.898309107869864 ], [ -8079314.332286951132119, 5839117.057696965523064 ], [ -8079328.247892302460968, 5839083.696153447031975 ], [ -8079328.900321555323899, 5839081.698660028167069 ], [ -8079329.228610533289611, 5839079.622667686082423 ], [ -8079329.22440944891423, 5839077.520692392252386 ], [ -8079328.887859523296356, 5839075.446002397686243 ], [ -8079328.227465153671801, 5839073.451165328733623 ], [ -8079327.259964820928872, 5839071.586704147048295 ], [ -8079326.009839086793363, 5839069.899857725948095 ], [ -8079324.508782857097685, 5839068.43330470379442 ], [ -8079322.794847557321191, 5839067.224282676354051 ], [ -8079320.911406683735549, 5839066.303342417813838 ], [ -8079310.715526812709868, 5839062.343174061737955 ] ] ] } },
{ "type": "Feature", "properties": { "OBJECTID": 5862, "TYPE": "Piste cyclable", "NOM": null, "V_VELOBOUC": "Non", "LONGUEUR": 528.85020820272973 }, "geometry": { "type": "MultiLineString", "coordinates": [ [ [ -8080607.314042867161334, 5831485.031154504045844 ], [ -8081168.188778479583561, 5832006.106610340997577 ] ] ] } },
{ "type": "Feature", "properties": { "OBJECTID": 5863, "TYPE": "Piste cyclable", "NOM": null, "V_VELOBOUC": "Non", "LONGUEUR": 118.30677801134114 }, "geometry": { "type": "MultiLineString", "coordinates": [ [ [ -8081289.847561383619905, 5832103.164205216802657 ], [ -8081178.635690198279917, 5831994.372499013319612 ], [ -8081168.188778479583561, 5832006.106610340997577 ] ] ] } },
{ "type": "Feature", "properties": { "OBJECTID": 5867, "TYPE": "Piste cyclable", "NOM": null, "V_VELOBOUC": "Non", "LONGUEUR": 89.788154247190846 }, "geometry": { "type": "MultiLineString", "coordinates": [ [ [ -8081383.230583326891065, 5832188.563203616067767 ], [ -8081374.111802154220641, 5832180.335734820924699 ], [ -8081287.389008838683367, 5832100.759196361526847 ] ] ] } },
{ "type": "Feature", "properties": { "OBJECTID": 5883, "TYPE": "Piste cyclable", "NOM": null, "V_VELOBOUC": "Non", "LONGUEUR": 277.38386118285268 }, "geometry": { "type": "MultiLineString", "coordinates": [ [ [ -8079767.51985071785748, 5839248.882707756944001 ], [ -8079767.238106278702617, 5839230.197065370157361 ], [ -8079774.771052468568087, 5839196.721577879972756 ], [ -8079795.248590009287, 5839139.283722471445799 ], [ -8079824.32269967533648, 5839082.760779248550534 ], [ -8079785.569392988458276, 5839063.41064715012908 ], [ -8079768.420928213745356, 5839057.671648512594402 ], [ -8079737.826844374649227, 5839049.006409581750631 ], [ -8079727.905122471041977, 5839045.632444332353771 ], [ -8079714.872939772903919, 5839039.724032844416797 ], [ -8079698.807101896964014, 5839033.997518351301551 ], [ -8079689.512333933264017, 5839032.585885879583657 ], [ -8079676.807613667100668, 5839035.805055969394743 ], [ -8079672.631615623831749, 5839035.527711811475456 ], [ -8079670.309309029020369, 5839033.694142090156674 ], [ -8079669.603613210842013, 5839031.485094059258699 ], [ -8079669.666459086351097, 5839026.055021956562996 ], [ -8079666.603737945668399, 5839019.393756306730211 ], [ -8079667.321153834462166, 5839013.536841061897576 ], [ -8079669.487329293973744, 5839004.112478389404714 ], [ -8079669.567771660163999, 5838997.162003719247878 ], [ -8079668.413419008255005, 5838993.998673290014267 ], [ -8079664.441993409767747, 5838991.019802594557405 ], [ -8079650.682940986007452, 5838989.88269498385489 ] ] ] } },
{ "type": "Feature", "properties": { "OBJECTID": 5887, "TYPE": "Piste cyclable", "NOM": null, "V_VELOBOUC": "Non", "LONGUEUR": 208.81622180138604 }, "geometry": { "type": "MultiLineString", "coordinates": [ [ [ -8083631.901172388345003, 5837503.508803995326161 ], [ -8083739.869751327671111, 5837507.229094758629799 ], [ -8083784.85053601488471, 5837526.465114282444119 ], [ -8083924.615554013289511, 5837565.597620408050716 ] ] ] } },
{ "type": "Feature", "properties": { "OBJECTID": 6275, "TYPE": "Bande cyclable (marquage)", "NOM": null, "V_VELOBOUC": "Non", "LONGUEUR": 140.33815855285647 }, "geometry": { "type": "MultiLineString", "coordinates": [ [ [ -8077662.310574437491596, 5837022.955649783834815 ], [ -8077583.419105682522058, 5837091.779498057439923 ], [ -8077563.357112349942327, 5837105.439403994008899 ], [ -8077542.701907580718398, 5837117.479785724543035 ], [ -8077498.393743907101452, 5837141.349908049218357 ] ] ] } },
{ "type": "Feature", "properties": { "OBJECTID": 6287, "TYPE": "Bande cyclable (marquage)", "NOM": null, "V_VELOBOUC": "Non", "LONGUEUR": 73.306925799492134 }, "geometry": { "type": "MultiLineString", "coordinates": [ [ [ -8080367.443192430771887, 5834911.118248226121068 ], [ -8080361.576345475390553, 5834905.494813084602356 ], [ -8080312.868775484152138, 5834869.004194541834295 ], [ -8080282.537184247747064, 5834847.579541129991412 ] ] ] } },
{ "type": "Feature", "properties": { "OBJECTID": 6288, "TYPE": "Bande cyclable (marquage)", "NOM": null, "V_VELOBOUC": "Non", "LONGUEUR": 71.973105703362322 }, "geometry": { "type": "MultiLineString", "coordinates": [ [ [ -8080275.235364002175629, 5834859.078352521173656 ], [ -8080304.703994498588145, 5834879.597434687428176 ], [ -8080350.850755115970969, 5834912.527202168479562 ], [ -8080359.882761731743813, 5834919.782364456914365 ] ] ] } },
{ "type": "Feature", "properties": { "OBJECTID": 6289, "TYPE": "Chaussée désignée", "NOM": null, "V_VELOBOUC": "Non", "LONGUEUR": 68.284685327219947 }, "geometry": { "type": "MultiLineString", "coordinates": [ [ [ -8079866.823030114173889, 5835210.439269917085767 ], [ -8079886.88649105746299, 5835202.682446980848908 ], [ -8079949.561722758226097, 5835157.395303995348513 ] ] ] } },
{ "type": "Feature", "properties": { "OBJECTID": 6290, "TYPE": "Piste cyclable", "NOM": null, "V_VELOBOUC": "Non", "LONGUEUR": 56.746415769427117 }, "geometry": { "type": "MultiLineString", "coordinates": [ [ [ -8080231.5886324737221, 5834913.080615794286132 ], [ -8080205.071813899092376, 5834939.247661844827235 ], [ -8080182.279962198808789, 5834958.175679603591561 ], [ -8080176.036269971169531, 5834964.612645325250924 ], [ -8080172.049470737576485, 5834969.530690047889948 ] ] ] } },
{ "type": "Feature", "properties": { "OBJECTID": 6291, "TYPE": "Chaussée désignée", "NOM": null, "V_VELOBOUC": "Non", "LONGUEUR": 71.936796826349223 }, "geometry": { "type": "MultiLineString", "coordinates": [ [ [ -8080170.199338563717902, 5834997.791029957123101 ], [ -8080175.192858304828405, 5834994.17873013112694 ], [ -8080252.851218213327229, 5834934.43489070981741 ] ] ] } },
{ "type": "Feature", "properties": { "OBJECTID": 6292, "TYPE": "Chaussée désignée", "NOM": null, "V_VELOBOUC": "Non", "LONGUEUR": 69.510075789795565 }, "geometry": { "type": "MultiLineString", "coordinates": [ [ [ -8080021.776862376369536, 5835081.713550384156406 ], [ -8079940.247833227738738, 5835140.688693108037114 ] ] ] } },
{ "type": "Feature", "properties": { "OBJECTID": 6293, "TYPE": "Chaussée désignée", "NOM": null, "V_VELOBOUC": "Non", "LONGUEUR": 26.259834118383157 }, "geometry": { "type": "MultiLineString", "coordinates": [ [ [ -8080052.576993130147457, 5835059.433558134362102 ], [ -8080021.776862376369536, 5835081.713550384156406 ] ] ] } },
{ "type": "Feature", "properties": { "OBJECTID": 6294, "TYPE": "Chaussée désignée", "NOM": null, "V_VELOBOUC": "Non", "LONGUEUR": 70.069380308774143 }, "geometry": { "type": "MultiLineString", "coordinates": [ [ [ -8079949.561722758226097, 5835157.395303995348513 ], [ -8080031.746849838644266, 5835097.945417212322354 ] ] ] } },
{ "type": "Feature", "properties": { "OBJECTID": 6295, "TYPE": "Chaussée désignée", "NOM": null, "V_VELOBOUC": "Non", "LONGUEUR": 26.159781491645241 }, "geometry": { "type": "MultiLineString", "coordinates": [ [ [ -8080031.746849838644266, 5835097.945417212322354 ], [ -8080062.429658994078636, 5835075.750235841609538 ] ] ] } },
{ "type": "Feature", "properties": { "OBJECTID": 6296, "TYPE": "Chaussée désignée", "NOM": null, "V_VELOBOUC": "Non", "LONGUEUR": 20.784086210863951 }, "geometry": { "type": "MultiLineString", "coordinates": [ [ [ -8080156.007283126935363, 5834981.872066793963313 ], [ -8080132.158448949456215, 5835000.219070450402796 ] ] ] } },
{ "type": "Feature", "properties": { "OBJECTID": 6297, "TYPE": "Chaussée désignée", "NOM": null, "V_VELOBOUC": "Non", "LONGUEUR": 68.649648379653044 }, "geometry": { "type": "MultiLineString", "coordinates": [ [ [ -8080062.429658994078636, 5835075.750235841609538 ], [ -8080142.9481031158939, 5835017.504407942295074 ] ] ] } },
{ "type": "Feature", "properties": { "OBJECTID": 6298, "TYPE": "Chaussée désignée", "NOM": null, "V_VELOBOUC": "Non", "LONGUEUR": 23.234475322204396 }, "geometry": { "type": "MultiLineString", "coordinates": [ [ [ -8080142.9481031158939, 5835017.504407942295074 ], [ -8080170.199338563717902, 5834997.791029957123101 ] ] ] } },
{ "type": "Feature", "properties": { "OBJECTID": 6299, "TYPE": "Chaussée désignée", "NOM": null, "V_VELOBOUC": "Non", "LONGUEUR": 15.63905354211453 }, "geometry": { "type": "MultiLineString", "coordinates": [ [ [ -8080173.952350388281047, 5834968.066784447990358 ], [ -8080156.007283126935363, 5834981.872066793963313 ] ] ] } },
{ "type": "Feature", "properties": { "OBJECTID": 6300, "TYPE": "Chaussée désignée", "NOM": null, "V_VELOBOUC": "Non", "LONGUEUR": 71.766333691148517 }, "geometry": { "type": "MultiLineString", "coordinates": [ [ [ -8079940.247833227738738, 5835140.688693108037114 ], [ -8079877.314807725138962, 5835186.641422002576292 ], [ -8079866.823030114173889, 5835210.439269917085767 ] ] ] } },
{ "type": "Feature", "properties": { "OBJECTID": 6301, "TYPE": "Chaussée désignée", "NOM": null, "V_VELOBOUC": "Non", "LONGUEUR": 96.276714504896688 }, "geometry": { "type": "MultiLineString", "coordinates": [ [ [ -8081296.838562320917845, 5834835.727999791502953 ], [ -8081265.161574522964656, 5834843.488629771396518 ], [ -8081172.612356847152114, 5834844.486753735691309 ], [ -8081161.625798106193542, 5834853.274741651490331 ] ] ] } },
{ "type": "Feature", "properties": { "OBJECTID": 6303, "TYPE": "Bande cyclable (marquage)", "NOM": null, "V_VELOBOUC": "Non", "LONGUEUR": 132.37637861102013 }, "geometry": { "type": "MultiLineString", "coordinates": [ [ [ -8081191.066173914819956, 5834374.912226908840239 ], [ -8081063.528159565292299, 5834258.692662321962416 ], [ -8081044.641538629308343, 5834255.812705654650927 ] ] ] } },
{ "type": "Feature", "properties": { "OBJECTID": 6304, "TYPE": "Chaussée désignée", "NOM": null, "V_VELOBOUC": "Non", "LONGUEUR": 73.023690792462176 }, "geometry": { "type": "MultiLineString", "coordinates": [ [ [ -8081254.79432881064713, 5834629.277992342598736 ], [ -8081256.860176788643003, 5834735.185449050739408 ] ] ] } },
{ "type": "Feature", "properties": { "OBJECTID": 6305, "TYPE": "Chaussée désignée", "NOM": null, "V_VELOBOUC": "Non", "LONGUEUR": 124.91733448403595 }, "geometry": { "type": "MultiLineString", "coordinates": [ [ [ -8081174.249947260133922, 5834391.741911075077951 ], [ -8081194.7495242273435, 5834410.726350552402437 ], [ -8081203.074999878183007, 5834419.762448185123503 ], [ -8081210.723642826080322, 5834428.428414016030729 ], [ -8081217.882959125563502, 5834438.149050087668002 ], [ -8081226.400485557503998, 5834450.805133415386081 ], [ -8081233.504438846372068, 5834463.967255600728095 ], [ -8081239.269265527836978, 5834476.469078505411744 ], [ -8081246.406900960952044, 5834497.430641813203692 ], [ -8081248.800673741847277, 5834507.621692137792706 ], [ -8081250.98271382600069, 5834520.266732663847506 ], [ -8081253.02224032767117, 5834538.429646716453135 ], [ -8081253.207526430487633, 5834547.92844728846103 ] ] ] } },
{ "type": "Feature", "properties": { "OBJECTID": 6306, "TYPE": "Chaussée désignée", "NOM": null, "V_VELOBOUC": "Non", "LONGUEUR": 101.99785175252734 }, "geometry": { "type": "MultiLineString", "coordinates": [ [ [ -8081276.386770186014473, 5834547.408717660233378 ], [ -8081276.063992602750659, 5834530.863769915886223 ], [ -8081274.024420308880508, 5834512.700876172631979 ], [ -8081271.842348974198103, 5834500.055851793847978 ], [ -8081269.448551535606384, 5834489.864816151559353 ], [ -8081262.310867213644087, 5834468.903288866393268 ], [ -8081256.546012626029551, 5834456.401491411961615 ], [ -8081249.442030812613666, 5834443.239398749545217 ], [ -8081240.924478347413242, 5834430.583348243497312 ], [ -8081233.765142563730478, 5834420.862739006057382 ], [ -8081226.116483298130333, 5834412.196800427511334 ] ] ] } },
{ "type": "Feature", "properties": { "OBJECTID": 6307, "TYPE": "Chaussée désignée", "NOM": null, "V_VELOBOUC": "Non", "LONGUEUR": 82.955623045098321 }, "geometry": { "type": "MultiLineString", "coordinates": [ [ [ -8081256.860176788643003, 5834735.185449050739408 ], [ -8081257.719503478147089, 5834779.24003111757338 ], [ -8081259.828517342917621, 5834795.625120987184346 ], [ -8081263.329785627312958, 5834813.56148458365351 ], [ -8081269.826991178095341, 5834834.371265634894371 ], [ -8081277.81647150311619, 5834852.332591474987566 ] ] ] } },
{ "type": "Feature", "properties": { "OBJECTID": 6308, "TYPE": "Chaussée désignée", "NOM": null, "V_VELOBOUC": "Non", "LONGUEUR": 79.122857996477066 }, "geometry": { "type": "MultiLineString", "coordinates": [ [ [ -8081300.859023893252015, 5834844.76639117859304 ], [ -8081292.869503228925169, 5834826.80510113760829 ], [ -8081286.372248655185103, 5834805.99535430315882 ], [ -8081282.870936376973987, 5834788.059014676138759 ], [ -8081280.761881422251463, 5834771.673943837173283 ], [ -8081280.01086472440511, 5834733.178152651526034 ] ] ] } },
{ "type": "Feature", "properties": { "OBJECTID": 6309, "TYPE": "Chaussée désignée", "NOM": null, "V_VELOBOUC": "Non", "LONGUEUR": 56.091484838682277 }, "geometry": { "type": "MultiLineString", "coordinates": [ [ [ -8081253.207526430487633, 5834547.92844728846103 ], [ -8081254.79432881064713, 5834629.277992342598736 ] ] ] } },
{ "type": "Feature", "properties": { "OBJECTID": 6310, "TYPE": "Chaussée désignée", "NOM": null, "V_VELOBOUC": "Non", "LONGUEUR": 55.965774328071483 }, "geometry": { "type": "MultiLineString", "coordinates": [ [ [ -8081277.970222213305533, 5834628.575937230139971 ], [ -8081276.386770186014473, 5834547.408717660233378 ] ] ] } },
{ "type": "Feature", "properties": { "OBJECTID": 6311, "TYPE": "Chaussée désignée", "NOM": null, "V_VELOBOUC": "Non", "LONGUEUR": 35.413643906211512 }, "geometry": { "type": "MultiLineString", "coordinates": [ [ [ -8081226.116483298130333, 5834412.196800427511334 ], [ -8081209.177583822049201, 5834393.505783677101135 ], [ -8081190.840150844305754, 5834374.980099339038134 ] ] ] } },
{ "type": "Feature", "properties": { "OBJECTID": 6312, "TYPE": "Chaussée désignée", "NOM": null, "V_VELOBOUC": "Non", "LONGUEUR": 197.97398043054167 }, "geometry": { "type": "MultiLineString", "coordinates": [ [ [ -8081760.971363911405206, 5835167.728042895905674 ], [ -8082047.24741608183831, 5835167.414223635569215 ] ] ] } },
{ "type": "Feature", "properties": { "OBJECTID": 6313, "TYPE": "Chaussée désignée", "NOM": null, "V_VELOBOUC": "Non", "LONGUEUR": 185.1140566672635 }, "geometry": { "type": "MultiLineString", "coordinates": [ [ [ -8081426.971600890159607, 5835020.364955990575254 ], [ -8081502.228990118019283, 5835097.131321343593299 ], [ -8081521.687965388409793, 5835116.189325601793826 ], [ -8081531.632245133630931, 5835123.707216873764992 ], [ -8081550.795952150598168, 5835136.613249463960528 ], [ -8081564.995483468286693, 5835144.84126594197005 ], [ -8081583.056359056383371, 5835152.139777672477067 ], [ -8081602.584134179167449, 5835160.031042254529893 ], [ -8081625.46834073215723, 5835164.820853083394468 ], [ -8081642.716506442986429, 5835166.460830753669143 ] ] ] } },
{ "type": "Feature", "properties": { "OBJECTID": 6314, "TYPE": "Chaussée désignée", "NOM": null, "V_VELOBOUC": "Non", "LONGUEUR": 172.43745918932626 }, "geometry": { "type": "MultiLineString", "coordinates": [ [ [ -8081643.697827083989978, 5835143.80019413959235 ], [ -8081630.169242802076042, 5835142.379006063565612 ], [ -8081616.716873781755567, 5835139.801393953152001 ], [ -8081602.358213672414422, 5835135.664538497105241 ], [ -8081587.21443562861532, 5835129.906532363034785 ], [ -8081571.702423616312444, 5835122.317643410526216 ], [ -8081557.66727876290679, 5835113.850348566658795 ], [ -8081542.628229137510061, 5835103.358856107108295 ], [ -8081531.171695495955646, 5835093.00789886713028 ], [ -8081525.067306457087398, 5835087.374033013358712 ], [ -8081444.254611833021045, 5835004.94137080013752 ] ] ] } },
{ "type": "Feature", "properties": { "OBJECTID": 6315, "TYPE": "Chaussée désignée", "NOM": null, "V_VELOBOUC": "Non", "LONGUEUR": 149.02881248242437 }, "geometry": { "type": "MultiLineString", "coordinates": [ [ [ -8081444.254611833021045, 5835004.94137080013752 ], [ -8081332.381802424788475, 5834890.82352128252387 ], [ -8081321.324127208441496, 5834878.076307605952024 ], [ -8081310.727480737492442, 5834863.488050585612655 ], [ -8081300.859023893252015, 5834844.76639117859304 ] ] ] } },
{ "type": "Feature", "properties": { "OBJECTID": 6316, "TYPE": "Chaussée désignée", "NOM": null, "V_VELOBOUC": "Non", "LONGUEUR": 155.91908421784242 }, "geometry": { "type": "MultiLineString", "coordinates": [ [ [ -8081277.81647150311619, 5834852.332591474987566 ], [ -8081287.889514452777803, 5834873.244539984501898 ], [ -8081298.486134486272931, 5834887.832840262912214 ], [ -8081309.543788538314402, 5834900.58009643573314 ], [ -8081426.971600890159607, 5835020.364955990575254 ] ] ] } },
{ "type": "Feature", "properties": { "OBJECTID": 6317, "TYPE": "Chaussée désignée", "NOM": null, "V_VELOBOUC": "Non", "LONGUEUR": 80.999880202124075 }, "geometry": { "type": "MultiLineString", "coordinates": [ [ [ -8081760.775677149184048, 5835144.537602756172419 ], [ -8081658.37677235994488, 5835145.00422291085124 ], [ -8081643.697827083989978, 5835143.80019413959235 ] ] ] } },
{ "type": "Feature", "properties": { "OBJECTID": 6318, "TYPE": "Chaussée désignée", "NOM": null, "V_VELOBOUC": "Non", "LONGUEUR": 81.823998708978934 }, "geometry": { "type": "MultiLineString", "coordinates": [ [ [ -8081642.716506442986429, 5835166.460830753669143 ], [ -8081657.216828084550798, 5835167.839492058381438 ], [ -8081760.971363911405206, 5835167.728042895905674 ] ] ] } },
{ "type": "Feature", "properties": { "OBJECTID": 6319, "TYPE": "Chaussée désignée", "NOM": null, "V_VELOBOUC": "Non", "LONGUEUR": 80.96307696664185 }, "geometry": { "type": "MultiLineString", "coordinates": [ [ [ -8082109.935787658207119, 5835166.802539304830134 ], [ -8082127.507935212925076, 5835165.241154997609556 ], [ -8082145.910363364033401, 5835161.9956163931638 ], [ -8082163.116265423595905, 5835156.279793669469655 ], [ -8082181.514936299994588, 5835146.58545521274209 ], [ -8082195.020958331413567, 5835136.451693789102137 ], [ -8082213.405871760100126, 5835119.490512439981103 ] ] ] } },
{ "type": "Feature", "properties": { "OBJECTID": 6320, "TYPE": "Chaussée désignée", "NOM": null, "V_VELOBOUC": "Non", "LONGUEUR": 113.10738590362884 }, "geometry": { "type": "MultiLineString", "coordinates": [ [ [ -8082197.677829545922577, 5835101.052751963958144 ], [ -8082183.628159842453897, 5835115.287473644129932 ], [ -8082171.927138868719339, 5835124.82751633413136 ], [ -8082157.141611998900771, 5835133.065852848812938 ], [ -8082143.536227154545486, 5835138.438686315901577 ], [ -8082130.984564539045095, 5835141.981005880981684 ], [ -8082105.491079363040626, 5835142.957977156154811 ], [ -8082047.067127047106624, 5835143.226638936437666 ] ] ] } },
{ "type": "Feature", "properties": { "OBJECTID": 6321, "TYPE": "Chaussée désignée", "NOM": null, "V_VELOBOUC": "Non", "LONGUEUR": 43.368800126869417 }, "geometry": { "type": "MultiLineString", "coordinates": [ [ [ -8082047.24741608183831, 5835167.414223635569215 ], [ -8082103.761625979095697, 5835167.35115207824856 ], [ -8082109.935787658207119, 5835166.802539304830134 ] ] ] } },
{ "type": "Feature", "properties": { "OBJECTID": 6322, "TYPE": "Bande cyclable (marquage)", "NOM": null, "V_VELOBOUC": "Non", "LONGUEUR": 151.64421080301494 }, "geometry": { "type": "MultiLineString", "coordinates": [ [ [ -8082683.565916111692786, 5834669.300814639776945 ], [ -8082651.424215261824429, 5834683.180518597364426 ], [ -8082611.751790167763829, 5834717.18710923101753 ], [ -8082509.955283748917282, 5834801.641664531081915 ] ] ] } },
{ "type": "Feature", "properties": { "OBJECTID": 6323, "TYPE": "Bande cyclable (marquage)", "NOM": null, "V_VELOBOUC": "Non", "LONGUEUR": 65.171532910691056 }, "geometry": { "type": "MultiLineString", "coordinates": [ [ [ -8082213.405871760100126, 5835119.490512439981103 ], [ -8082251.28960118163377, 5835082.529366510920227 ], [ -8082280.32320733461529, 5835052.929616065695882 ] ] ] } },
{ "type": "Feature", "properties": { "OBJECTID": 6324, "TYPE": "Bande cyclable (marquage)", "NOM": null, "V_VELOBOUC": "Non", "LONGUEUR": 62.658211004670129 }, "geometry": { "type": "MultiLineString", "coordinates": [ [ [ -8082261.812557116150856, 5835036.851619573310018 ], [ -8082234.812229468487203, 5835064.37836354598403 ], [ -8082197.677829545922577, 5835101.052751963958144 ] ] ] } },
{ "type": "Feature", "properties": { "OBJECTID": 6325, "TYPE": "Bande cyclable (marquage)", "NOM": null, "V_VELOBOUC": "Non", "LONGUEUR": 158.39007644584697 }, "geometry": { "type": "MultiLineString", "coordinates": [ [ [ -8082424.029711708426476, 5834875.12096803355962 ], [ -8082262.512023697607219, 5835038.023019695654511 ] ] ] } },
{ "type": "Feature", "properties": { "OBJECTID": 6326, "TYPE": "Bande cyclable (marquage)", "NOM": null, "V_VELOBOUC": "Non", "LONGUEUR": 158.02163766887273 }, "geometry": { "type": "MultiLineString", "coordinates": [ [ [ -8082280.32320733461529, 5835052.929616065695882 ], [ -8082440.588395807892084, 5834889.535742474719882 ] ] ] } },
{ "type": "Feature", "properties": { "OBJECTID": 6327, "TYPE": "Bande cyclable (marquage)", "NOM": null, "V_VELOBOUC": "Non", "LONGUEUR": 77.349794000533919 }, "geometry": { "type": "MultiLineString", "coordinates": [ [ [ -8082440.588395807892084, 5834889.535742474719882 ], [ -8082457.17409563716501, 5834872.625915739685297 ], [ -8082524.875396694988012, 5834815.915063949301839 ] ] ] } },
{ "type": "Feature", "properties": { "OBJECTID": 6328, "TYPE": "Bande cyclable (marquage)", "NOM": null, "V_VELOBOUC": "Non", "LONGUEUR": 78.127253496055474 }, "geometry": { "type": "MultiLineString", "coordinates": [ [ [ -8082509.955283748917282, 5834801.641664531081915 ], [ -8082437.282483868300915, 5834861.932761772535741 ], [ -8082424.029711708426476, 5834875.12096803355962 ] ] ] } },
{ "type": "Feature", "properties": { "OBJECTID": 6333, "TYPE": "Bande cyclable (marquage)", "NOM": null, "V_VELOBOUC": "Non", "LONGUEUR": 66.524696048276866 }, "geometry": { "type": "MultiLineString", "coordinates": [ [ [ -8081507.680463961325586, 5833064.225829856470227 ], [ -8081457.998533964157104, 5833146.838399300351739 ] ] ] } },
{ "type": "Feature", "properties": { "OBJECTID": 6334, "TYPE": "Bande cyclable (marquage)", "NOM": null, "V_VELOBOUC": "Non", "LONGUEUR": 35.101525269121645 }, "geometry": { "type": "MultiLineString", "coordinates": [ [ [ -8081457.998533964157104, 5833146.838399300351739 ], [ -8081455.331797355785966, 5833151.272711376659572 ], [ -8081429.831859472207725, 5833189.178552456200123 ] ] ] } },
{ "type": "Feature", "properties": { "OBJECTID": 6335, "TYPE": "Bande cyclable (marquage)", "NOM": null, "V_VELOBOUC": "Non", "LONGUEUR": 53.248303309842825 }, "geometry": { "type": "MultiLineString", "coordinates": [ [ [ -8081326.985619680024683, 5833342.057836168445647 ], [ -8081314.666263536550105, 5833360.370111594907939 ], [ -8081282.255250605754554, 5833404.900247410871089 ] ] ] } },
{ "type": "Feature", "properties": { "OBJECTID": 6336, "TYPE": "Bande cyclable (marquage)", "NOM": null, "V_VELOBOUC": "Non", "LONGUEUR": 18.707149123296421 }, "geometry": { "type": "MultiLineString", "coordinates": [ [ [ -8081342.11523802857846, 5833319.568143931217492 ], [ -8081326.985619680024683, 5833342.057836168445647 ] ] ] } },
{ "type": "Feature", "properties": { "OBJECTID": 6337, "TYPE": "Bande cyclable (marquage)", "NOM": null, "V_VELOBOUC": "Non", "LONGUEUR": 50.779498944423473 }, "geometry": { "type": "MultiLineString", "coordinates": [ [ [ -8081317.841893306933343, 5833424.189609519205987 ], [ -8081338.528320375829935, 5833391.383586312644184 ], [ -8081356.716732600703835, 5833361.714874473400414 ] ] ] } },
{ "type": "Feature", "properties": { "OBJECTID": 6338, "TYPE": "Bande cyclable (marquage)", "NOM": null, "V_VELOBOUC": "Non", "LONGUEUR": 20.464838122145629 }, "geometry": { "type": "MultiLineString", "coordinates": [ [ [ -8081356.716732600703835, 5833361.714874473400414 ], [ -8081372.216329328715801, 5833336.432049832306802 ] ] ] } },
{ "type": "Feature", "properties": { "OBJECTID": 6339, "TYPE": "Bande cyclable (marquage)", "NOM": null, "V_VELOBOUC": "Non", "LONGUEUR": 106.78852744515969 }, "geometry": { "type": "MultiLineString", "coordinates": [ [ [ -8081372.216329328715801, 5833336.432049832306802 ], [ -8081450.510859493166208, 5833202.944152415730059 ] ] ] } },
{ "type": "Feature", "properties": { "OBJECTID": 6340, "TYPE": "Bande cyclable (marquage)", "NOM": null, "V_VELOBOUC": "Non", "LONGUEUR": 34.127706007912401 }, "geometry": { "type": "MultiLineString", "coordinates": [ [ [ -8081450.510859493166208, 5833202.944152415730059 ], [ -8081476.124129756353796, 5833160.639285620301962 ] ] ] } },
{ "type": "Feature", "properties": { "OBJECTID": 6341, "TYPE": "Bande cyclable (marquage)", "NOM": null, "V_VELOBOUC": "Non", "LONGUEUR": 67.620330581157319 }, "geometry": { "type": "MultiLineString", "coordinates": [ [ [ -8081476.124129756353796, 5833160.639285620301962 ], [ -8081527.270492907613516, 5833077.060486738570035 ] ] ] } },
{ "type": "Feature", "properties": { "OBJECTID": 6344, "TYPE": "Bande cyclable (marquage)", "NOM": null, "V_VELOBOUC": "Non", "LONGUEUR": 98.533481563563043 }, "geometry": { "type": "MultiLineString", "coordinates": [ [ [ -8080345.572579434141517, 5830975.142386780120432 ], [ -8080329.186604985035956, 5830987.083436027169228 ], [ -8080251.609679645858705, 5831081.755856265313923 ] ] ] } },
{ "type": "Feature", "properties": { "OBJECTID": 6348, "TYPE": "Bande cyclable (marquage)", "NOM": "Route Verte 5 (est-ouest)", "V_VELOBOUC": "Oui", "LONGUEUR": 8.9251014213425055 }, "geometry": { "type": "MultiLineString", "coordinates": [ [ [ -8078848.975284775719047, 5830883.556943310424685 ], [ -8078859.146021615713835, 5830875.59686875436455 ] ] ] } },
{ "type": "Feature", "properties": { "OBJECTID": 6349, "TYPE": "Bande cyclable (marquage)", "NOM": null, "V_VELOBOUC": "Non", "LONGUEUR": 22.22023862363983 }, "geometry": { "type": "MultiLineString", "coordinates": [ [ [ -8075183.568036370910704, 5837729.363473865203559 ], [ -8075182.929573480039835, 5837718.950782384723425 ], [ -8075173.021727047860622, 5837699.536369598470628 ] ] ] } },
{ "type": "Feature", "properties": { "OBJECTID": 6350, "TYPE": "Bande cyclable (marquage)", "NOM": null, "V_VELOBOUC": "Non", "LONGUEUR": 68.546256909112103 }, "geometry": { "type": "MultiLineString", "coordinates": [ [ [ -8072064.430015872232616, 5838837.422343852929771 ], [ -8072135.720375986769795, 5838768.278824278153479 ] ] ] } },
{ "type": "Feature", "properties": { "OBJECTID": 6351, "TYPE": "Bande cyclable (marquage)", "NOM": null, "V_VELOBOUC": "Non", "LONGUEUR": 61.962964154611143 }, "geometry": { "type": "MultiLineString", "coordinates": [ [ [ -8070618.552569074556231, 5840274.156431037001312 ], [ -8070682.393932818435133, 5840211.01414701435715 ] ] ] } },
{ "type": "Feature", "properties": { "OBJECTID": 6352, "TYPE": "Bande cyclable (marquage)", "NOM": null, "V_VELOBOUC": "Non", "LONGUEUR": 66.915917654245007 }, "geometry": { "type": "MultiLineString", "coordinates": [ [ [ -8071842.721803266555071, 5839045.064957002177835 ], [ -8071902.833158235065639, 5838986.766818282194436 ], [ -8071915.201056967489421, 5838982.153805268928409 ] ] ] } },
{ "type": "Feature", "properties": { "OBJECTID": 6353, "TYPE": "Bande cyclable (marquage)", "NOM": null, "V_VELOBOUC": "Non", "LONGUEUR": 67.57486341617431 }, "geometry": { "type": "MultiLineString", "coordinates": [ [ [ -8071852.234558066353202, 5839054.806128131225705 ], [ -8071910.223035171627998, 5838998.566765842027962 ], [ -8071915.201056967489421, 5838982.153805268928409 ] ] ] } },
{ "type": "Feature", "properties": { "OBJECTID": 6354, "TYPE": "Bande cyclable (marquage)", "NOM": null, "V_VELOBOUC": "Non", "LONGUEUR": 66.208980953988601 }, "geometry": { "type": "MultiLineString", "coordinates": [ [ [ -8071842.721803266555071, 5839045.064957002177835 ], [ -8071773.857952686958015, 5839111.850582292303443 ] ] ] } },
{ "type": "Feature", "properties": { "OBJECTID": 6355, "TYPE": "Bande cyclable (marquage)", "NOM": null, "V_VELOBOUC": "Non", "LONGUEUR": 66.380190870789903 }, "geometry": { "type": "MultiLineString", "coordinates": [ [ [ -8071783.19262152351439, 5839121.764598573558033 ], [ -8071852.234558066353202, 5839054.806128131225705 ] ] ] } },
{ "type": "Feature", "properties": { "OBJECTID": 6356, "TYPE": "Bande cyclable (marquage)", "NOM": null, "V_VELOBOUC": "Non", "LONGUEUR": 73.340187065333595 }, "geometry": { "type": "MultiLineString", "coordinates": [ [ [ -8071773.857952686958015, 5839111.850582292303443 ], [ -8071697.575736472383142, 5839185.829468052834272 ] ] ] } },
{ "type": "Feature", "properties": { "OBJECTID": 6357, "TYPE": "Bande cyclable (marquage)", "NOM": null, "V_VELOBOUC": "Non", "LONGUEUR": 73.41468144351731 }, "geometry": { "type": "MultiLineString", "coordinates": [ [ [ -8071706.832923620007932, 5839195.81880241073668 ], [ -8071783.19262152351439, 5839121.764598573558033 ] ] ] } },
{ "type": "Feature", "properties": { "OBJECTID": 6358, "TYPE": "Bande cyclable (marquage)", "NOM": null, "V_VELOBOUC": "Non", "LONGUEUR": 74.87267927116757 }, "geometry": { "type": "MultiLineString", "coordinates": [ [ [ -8071628.955394247546792, 5839271.343610748648643 ], [ -8071706.832923620007932, 5839195.81880241073668 ] ] ] } },
{ "type": "Feature", "properties": { "OBJECTID": 6359, "TYPE": "Bande cyclable (marquage)", "NOM": null, "V_VELOBOUC": "Non", "LONGUEUR": 75.284555318205875 }, "geometry": { "type": "MultiLineString", "coordinates": [ [ [ -8071697.575736472383142, 5839185.829468052834272 ], [ -8071619.269807458855212, 5839261.769570834934711 ] ] ] } },
{ "type": "Feature", "properties": { "OBJECTID": 6360, "TYPE": "Bande cyclable (marquage)", "NOM": null, "V_VELOBOUC": "Non", "LONGUEUR": 81.790236940843158 }, "geometry": { "type": "MultiLineString", "coordinates": [ [ [ -8071546.556080386042595, 5839356.22356672398746 ], [ -8071622.482581534422934, 5839281.112333908677101 ], [ -8071628.955394247546792, 5839271.343610748648643 ] ] ] } },
{ "type": "Feature", "properties": { "OBJECTID": 6361, "TYPE": "Bande cyclable (marquage)", "NOM": null, "V_VELOBOUC": "Non", "LONGUEUR": 81.070640500307036 }, "geometry": { "type": "MultiLineString", "coordinates": [ [ [ -8071619.269807458855212, 5839261.769570834934711 ], [ -8071607.10928153898567, 5839273.562572821043432 ], [ -8071535.761381993070245, 5839344.384451499208808 ] ] ] } },
{ "type": "Feature", "properties": { "OBJECTID": 6362, "TYPE": "Bande cyclable (marquage)", "NOM": null, "V_VELOBOUC": "Non", "LONGUEUR": 87.26846763235848 }, "geometry": { "type": "MultiLineString", "coordinates": [ [ [ -8071535.761381993070245, 5839344.384451499208808 ], [ -8071443.89799918141216, 5839431.268005233258009 ] ] ] } },
{ "type": "Feature", "properties": { "OBJECTID": 6363, "TYPE": "Bande cyclable (marquage)", "NOM": null, "V_VELOBOUC": "Non", "LONGUEUR": 87.23110399515258 }, "geometry": { "type": "MultiLineString", "coordinates": [ [ [ -8071456.697681802324951, 5839445.115392467938364 ], [ -8071546.556080386042595, 5839356.22356672398746 ] ] ] } },
{ "type": "Feature", "properties": { "OBJECTID": 6364, "TYPE": "Bande cyclable (marquage)", "NOM": null, "V_VELOBOUC": "Non", "LONGUEUR": 74.336653124350434 }, "geometry": { "type": "MultiLineString", "coordinates": [ [ [ -8071443.89799918141216, 5839431.268005233258009 ], [ -8071367.112919741310179, 5839506.807332788594067 ] ] ] } },
{ "type": "Feature", "properties": { "OBJECTID": 6365, "TYPE": "Bande cyclable (marquage)", "NOM": null, "V_VELOBOUC": "Non", "LONGUEUR": 80.403088217998501 }, "geometry": { "type": "MultiLineString", "coordinates": [ [ [ -8071373.871357651427388, 5839527.049171137623489 ], [ -8071456.697681802324951, 5839445.115392467938364 ] ] ] } },
{ "type": "Feature", "properties": { "OBJECTID": 6366, "TYPE": "Bande cyclable (marquage)", "NOM": null, "V_VELOBOUC": "Non", "LONGUEUR": 93.548657909817862 }, "geometry": { "type": "MultiLineString", "coordinates": [ [ [ -8071367.112919741310179, 5839506.807332788594067 ], [ -8071270.904658375307918, 5839602.300737146288157 ] ] ] } },
{ "type": "Feature", "properties": { "OBJECTID": 6367, "TYPE": "Bande cyclable (marquage)", "NOM": null, "V_VELOBOUC": "Non", "LONGUEUR": 87.760240136582496 }, "geometry": { "type": "MultiLineString", "coordinates": [ [ [ -8071283.464395978488028, 5839616.480115680024028 ], [ -8071373.871357651427388, 5839527.049171137623489 ] ] ] } },
{ "type": "Feature", "properties": { "OBJECTID": 6368, "TYPE": "Bande cyclable (marquage)", "NOM": null, "V_VELOBOUC": "Non", "LONGUEUR": 65.715076620214205 }, "geometry": { "type": "MultiLineString", "coordinates": [ [ [ -8071270.904658375307918, 5839602.300737146288157 ], [ -8071203.320053025148809, 5839669.381911703385413 ] ] ] } },
{ "type": "Feature", "properties": { "OBJECTID": 6369, "TYPE": "Bande cyclable (marquage)", "NOM": null, "V_VELOBOUC": "Non", "LONGUEUR": 68.139264989294176 }, "geometry": { "type": "MultiLineString", "coordinates": [ [ [ -8071213.268878416158259, 5839685.916511497460306 ], [ -8071283.464395978488028, 5839616.480115680024028 ] ] ] } },
{ "type": "Feature", "properties": { "OBJECTID": 6370, "TYPE": "Bande cyclable (marquage)", "NOM": null, "V_VELOBOUC": "Non", "LONGUEUR": 71.81392525802795 }, "geometry": { "type": "MultiLineString", "coordinates": [ [ [ -8071139.286612156778574, 5839759.097481731325388 ], [ -8071213.268878416158259, 5839685.916511497460306 ] ] ] } },
{ "type": "Feature", "properties": { "OBJECTID": 6371, "TYPE": "Bande cyclable (marquage)", "NOM": null, "V_VELOBOUC": "Non", "LONGUEUR": 74.985824622024396 }, "geometry": { "type": "MultiLineString", "coordinates": [ [ [ -8071203.320053025148809, 5839669.381911703385413 ], [ -8071126.19971136841923, 5839745.926532922312617 ] ] ] } },
{ "type": "Feature", "properties": { "OBJECTID": 6372, "TYPE": "Bande cyclable (marquage)", "NOM": null, "V_VELOBOUC": "Non", "LONGUEUR": 61.696893504950879 }, "geometry": { "type": "MultiLineString", "coordinates": [ [ [ -8071075.725889649242163, 5839821.968822944909334 ], [ -8071139.286612156778574, 5839759.097481731325388 ] ] ] } },
{ "type": "Feature", "properties": { "OBJECTID": 6373, "TYPE": "Bande cyclable (marquage)", "NOM": null, "V_VELOBOUC": "Non", "LONGUEUR": 61.514346095291067 }, "geometry": { "type": "MultiLineString", "coordinates": [ [ [ -8071062.933328119106591, 5839808.719610036350787 ], [ -8071126.19971136841923, 5839745.926532922312617 ] ] ] } },
{ "type": "Feature", "properties": { "OBJECTID": 6374, "TYPE": "Bande cyclable (marquage)", "NOM": null, "V_VELOBOUC": "Non", "LONGUEUR": 68.739062352025329 }, "geometry": { "type": "MultiLineString", "coordinates": [ [ [ -8071062.933328119106591, 5839808.719610036350787 ], [ -8070992.235373818315566, 5839878.887541279196739 ] ] ] } },
{ "type": "Feature", "properties": { "OBJECTID": 6375, "TYPE": "Bande cyclable (marquage)", "NOM": null, "V_VELOBOUC": "Non", "LONGUEUR": 68.212133575064939 }, "geometry": { "type": "MultiLineString", "coordinates": [ [ [ -8071005.452058828435838, 5839891.47940244525671 ], [ -8071075.725889649242163, 5839821.968822944909334 ] ] ] } },
{ "type": "Feature", "properties": { "OBJECTID": 6376, "TYPE": "Bande cyclable (marquage)", "NOM": null, "V_VELOBOUC": "Non", "LONGUEUR": 68.214060313861438 }, "geometry": { "type": "MultiLineString", "coordinates": [ [ [ -8070935.17510907817632, 5839960.991884173825383 ], [ -8071005.452058828435838, 5839891.47940244525671 ] ] ] } },
{ "type": "Feature", "properties": { "OBJECTID": 6377, "TYPE": "Bande cyclable (marquage)", "NOM": null, "V_VELOBOUC": "Non", "LONGUEUR": 67.768356276016647 }, "geometry": { "type": "MultiLineString", "coordinates": [ [ [ -8070992.235373818315566, 5839878.887541279196739 ], [ -8070922.534705573692918, 5839948.0645767217502 ] ] ] } },
{ "type": "Feature", "properties": { "OBJECTID": 6378, "TYPE": "Bande cyclable (marquage)", "NOM": null, "V_VELOBOUC": "Non", "LONGUEUR": 134.81723622614524 }, "geometry": { "type": "MultiLineString", "coordinates": [ [ [ -8070796.277590663172305, 5840098.375239418819547 ], [ -8070935.17510907817632, 5839960.991884173825383 ] ] ] } },
{ "type": "Feature", "properties": { "OBJECTID": 6379, "TYPE": "Bande cyclable (marquage)", "NOM": null, "V_VELOBOUC": "Non", "LONGUEUR": 134.62429091323239 }, "geometry": { "type": "MultiLineString", "coordinates": [ [ [ -8070922.534705573692918, 5839948.0645767217502 ], [ -8070784.068536200560629, 5840085.487141993828118 ] ] ] } },
{ "type": "Feature", "properties": { "OBJECTID": 6380, "TYPE": "Bande cyclable (marquage)", "NOM": null, "V_VELOBOUC": "Non", "LONGUEUR": 56.224554072008878 }, "geometry": { "type": "MultiLineString", "coordinates": [ [ [ -8070784.068536200560629, 5840085.487141993828118 ], [ -8070726.238180334679782, 5840142.880332801491022 ] ] ] } },
{ "type": "Feature", "properties": { "OBJECTID": 6381, "TYPE": "Bande cyclable (marquage)", "NOM": null, "V_VELOBOUC": "Non", "LONGUEUR": 56.202766651440299 }, "geometry": { "type": "MultiLineString", "coordinates": [ [ [ -8070738.372567361220717, 5840155.647747248411179 ], [ -8070796.277590663172305, 5840098.375239418819547 ] ] ] } },
{ "type": "Feature", "properties": { "OBJECTID": 6382, "TYPE": "Bande cyclable (marquage)", "NOM": null, "V_VELOBOUC": "Non", "LONGUEUR": 55.292598479769424 }, "geometry": { "type": "MultiLineString", "coordinates": [ [ [ -8070726.238180334679782, 5840142.880332801491022 ], [ -8070669.365683505311608, 5840199.322197410278022 ] ] ] } },
{ "type": "Feature", "properties": { "OBJECTID": 6383, "TYPE": "Bande cyclable (marquage)", "NOM": null, "V_VELOBOUC": "Non", "LONGUEUR": 54.332299108035173 }, "geometry": { "type": "MultiLineString", "coordinates": [ [ [ -8070682.393932818435133, 5840211.01414701435715 ], [ -8070738.372567361220717, 5840155.647747248411179 ] ] ] } },
{ "type": "Feature", "properties": { "OBJECTID": 6384, "TYPE": "Bande cyclable (marquage)", "NOM": null, "V_VELOBOUC": "Non", "LONGUEUR": 60.991055597301518 }, "geometry": { "type": "MultiLineString", "coordinates": [ [ [ -8070669.365683505311608, 5840199.322197410278022 ], [ -8070606.631045121699572, 5840261.580923095345497 ] ] ] } },
{ "type": "Feature", "properties": { "OBJECTID": 6385, "TYPE": "Bande cyclable (marquage)", "NOM": null, "V_VELOBOUC": "Non", "LONGUEUR": 62.715140849807952 }, "geometry": { "type": "MultiLineString", "coordinates": [ [ [ -8070553.886039447970688, 5840338.015017049387097 ], [ -8070618.552569074556231, 5840274.156431037001312 ] ] ] } },
{ "type": "Feature", "properties": { "OBJECTID": 6386, "TYPE": "Bande cyclable (marquage)", "NOM": "Route Verte 5 (est-ouest)", "V_VELOBOUC": "Oui", "LONGUEUR": 157.42555626699189 }, "geometry": { "type": "MultiLineString", "coordinates": [ [ [ -8070243.350845749489963, 5840624.026080708950758 ], [ -8070231.116468627005816, 5840635.844504349865019 ], [ -8070216.714836814440787, 5840649.520983938127756 ], [ -8070204.656668594107032, 5840660.401475819759071 ], [ -8070189.592234681360424, 5840672.646587740629911 ], [ -8070174.613034130074084, 5840683.755682997405529 ], [ -8070161.252091197296977, 5840692.765206145122647 ], [ -8070145.158733706921339, 5840702.892259493470192 ], [ -8070125.109255215153098, 5840714.005982494913042 ], [ -8070106.654152437113225, 5840723.181093052960932 ], [ -8070089.058065827004611, 5840731.022865995764732 ], [ -8070063.703106323257089, 5840740.839747370220721 ], [ -8070052.653265505097806, 5840744.697279835119843 ] ] ] } },
{ "type": "Feature", "properties": { "OBJECTID": 6387, "TYPE": "Bande cyclable (marquage)", "NOM": "Route Verte 5 (est-ouest)", "V_VELOBOUC": "Oui", "LONGUEUR": 26.215233366415511 }, "geometry": { "type": "MultiLineString", "coordinates": [ [ [ -8070542.255437610670924, 5840325.353167831897736 ], [ -8070515.392278352752328, 5840352.21646873652935 ] ] ] } },
{ "type": "Feature", "properties": { "OBJECTID": 6388, "TYPE": "Bande cyclable (marquage)", "NOM": "Route Verte 5 (est-ouest)", "V_VELOBOUC": "Oui", "LONGUEUR": 25.355630548570964 }, "geometry": { "type": "MultiLineString", "coordinates": [ [ [ -8070527.894579662941396, 5840363.988326575607061 ], [ -8070553.886039447970688, 5840338.015017049387097 ] ] ] } },
{ "type": "Feature", "properties": { "OBJECTID": 6389, "TYPE": "Bande cyclable (marquage)", "NOM": "Route Verte 5 (est-ouest)", "V_VELOBOUC": "Oui", "LONGUEUR": 69.300112712142294 }, "geometry": { "type": "MultiLineString", "coordinates": [ [ [ -8070515.392278352752328, 5840352.21646873652935 ], [ -8070444.378617502748966, 5840423.22977146692574 ] ] ] } },
{ "type": "Feature", "properties": { "OBJECTID": 6390, "TYPE": "Bande cyclable (marquage)", "NOM": "Route Verte 5 (est-ouest)", "V_VELOBOUC": "Oui", "LONGUEUR": 70.050447687599572 }, "geometry": { "type": "MultiLineString", "coordinates": [ [ [ -8070456.086732603609562, 5840435.74524334911257 ], [ -8070527.894579662941396, 5840363.988326575607061 ] ] ] } },
{ "type": "Feature", "properties": { "OBJECTID": 6391, "TYPE": "Bande cyclable (marquage)", "NOM": "Route Verte 5 (est-ouest)", "V_VELOBOUC": "Oui", "LONGUEUR": 72.711386156545316 }, "geometry": { "type": "MultiLineString", "coordinates": [ [ [ -8070444.378617502748966, 5840423.22977146692574 ], [ -8070369.868081278167665, 5840497.73863017000258 ] ] ] } },
{ "type": "Feature", "properties": { "OBJECTID": 6392, "TYPE": "Bande cyclable (marquage)", "NOM": "Route Verte 5 (est-ouest)", "V_VELOBOUC": "Oui", "LONGUEUR": 72.318869838812645 }, "geometry": { "type": "MultiLineString", "coordinates": [ [ [ -8070381.952318778261542, 5840509.825807269662619 ], [ -8070456.086732603609562, 5840435.74524334911257 ] ] ] } },
{ "type": "Feature", "properties": { "OBJECTID": 6393, "TYPE": "Bande cyclable (marquage)", "NOM": "Route Verte 5 (est-ouest)", "V_VELOBOUC": "Oui", "LONGUEUR": 62.075515191866309 }, "geometry": { "type": "MultiLineString", "coordinates": [ [ [ -8070369.868081278167665, 5840497.73863017000258 ], [ -8070306.25562003813684, 5840561.348701618611813 ] ] ] } },
{ "type": "Feature", "properties": { "OBJECTID": 6394, "TYPE": "Bande cyclable (marquage)", "NOM": "Route Verte 5 (est-ouest)", "V_VELOBOUC": "Oui", "LONGUEUR": 62.142437824454952 }, "geometry": { "type": "MultiLineString", "coordinates": [ [ [ -8070318.24883645772934, 5840573.482037778012455 ], [ -8070381.952318778261542, 5840509.825807269662619 ] ] ] } },
{ "type": "Feature", "properties": { "OBJECTID": 6395, "TYPE": "Bande cyclable (marquage)", "NOM": "Route Verte 5 (est-ouest)", "V_VELOBOUC": "Oui", "LONGUEUR": 61.275994002588952 }, "geometry": { "type": "MultiLineString", "coordinates": [ [ [ -8070306.25562003813684, 5840561.348701618611813 ], [ -8070249.953290414996445, 5840617.648095736280084 ], [ -8070243.350845749489963, 5840624.026080708950758 ] ] ] } },
{ "type": "Feature", "properties": { "OBJECTID": 6396, "TYPE": "Bande cyclable (marquage)", "NOM": "Route Verte 5 (est-ouest)", "V_VELOBOUC": "Oui", "LONGUEUR": 61.562315410730371 }, "geometry": { "type": "MultiLineString", "coordinates": [ [ [ -8070255.021117450669408, 5840636.423093588091433 ], [ -8070262.20831697806716, 5840629.480212604627013 ], [ -8070318.24883645772934, 5840573.482037778012455 ] ] ] } },
{ "type": "Feature", "properties": { "OBJECTID": 6397, "TYPE": "Bande cyclable (marquage)", "NOM": "Route Verte 5 (est-ouest)", "V_VELOBOUC": "Oui", "LONGUEUR": 135.08798652079065 }, "geometry": { "type": "MultiLineString", "coordinates": [ [ [ -8069873.738739231601357, 5840826.629752799868584 ], [ -8069895.484891538508236, 5840822.338204794563353 ], [ -8069909.02115641720593, 5840814.636987678706646 ], [ -8069924.393390000797808, 5840807.074447876773775 ], [ -8069942.693274589255452, 5840799.099941482767463 ], [ -8069965.700120501220226, 5840790.356821421533823 ], [ -8069988.134933108463883, 5840782.433670372702181 ], [ -8070049.846118462271988, 5840761.78807017672807 ], [ -8070056.671231119893491, 5840759.405384382233024 ] ] ] } },
{ "type": "Feature", "properties": { "OBJECTID": 6398, "TYPE": "Bande cyclable (marquage)", "NOM": "Route Verte 5 (est-ouest)", "V_VELOBOUC": "Oui", "LONGUEUR": 138.6988615449844 }, "geometry": { "type": "MultiLineString", "coordinates": [ [ [ -8070052.653265505097806, 5840744.697279835119843 ], [ -8070037.591198205947876, 5840749.95548212621361 ], [ -8069975.880068158730865, 5840770.600969364866614 ], [ -8069953.44527508597821, 5840778.524078787304461 ], [ -8069930.438448359258473, 5840787.267155330628157 ], [ -8069912.138577633537352, 5840795.241625731810927 ], [ -8069896.766354509629309, 5840802.804134142585099 ], [ -8069883.230097412131727, 5840810.505322210490704 ], [ -8069873.738739231601357, 5840826.629752799868584 ] ] ] } },
{ "type": "Feature", "properties": { "OBJECTID": 6399, "TYPE": "Bande cyclable (marquage)", "NOM": null, "V_VELOBOUC": "Non", "LONGUEUR": 72.409201243820689 }, "geometry": { "type": "MultiLineString", "coordinates": [ [ [ -8071915.201056967489421, 5838982.153805268928409 ], [ -8071990.511429543606937, 5838909.113791454583406 ] ] ] } },
{ "type": "Feature", "properties": { "OBJECTID": 6400, "TYPE": "Bande cyclable (marquage)", "NOM": null, "V_VELOBOUC": "Non", "LONGUEUR": 71.072208304274952 }, "geometry": { "type": "MultiLineString", "coordinates": [ [ [ -8071990.511429543606937, 5838909.113791454583406 ], [ -8072064.430015872232616, 5838837.422343852929771 ] ] ] } },
{ "type": "Feature", "properties": { "OBJECTID": 6401, "TYPE": "Bande cyclable (marquage)", "NOM": null, "V_VELOBOUC": "Non", "LONGUEUR": 36.80855413384019 }, "geometry": { "type": "MultiLineString", "coordinates": [ [ [ -8072167.556874865666032, 5838737.400655159726739 ], [ -8072171.745393242686987, 5838733.338220265693963 ], [ -8072211.789425987750292, 5838707.855239243246615 ] ] ] } },
{ "type": "Feature", "properties": { "OBJECTID": 6402, "TYPE": "Bande cyclable (marquage)", "NOM": null, "V_VELOBOUC": "Non", "LONGUEUR": 30.611410895162937 }, "geometry": { "type": "MultiLineString", "coordinates": [ [ [ -8072135.720375986769795, 5838768.278824278153479 ], [ -8072167.556874865666032, 5838737.400655159726739 ] ] ] } },
{ "type": "Feature", "properties": { "OBJECTID": 6403, "TYPE": "Bande cyclable (marquage)", "NOM": null, "V_VELOBOUC": "Oui", "LONGUEUR": 176.35606481806747 }, "geometry": { "type": "MultiLineString", "coordinates": [ [ [ -8074614.006562258116901, 5839675.416161578148603 ], [ -8074608.290880750864744, 5839656.498271740972996 ], [ -8074591.914976392872632, 5839614.821510435082018 ], [ -8074576.450926474295557, 5839583.17931742593646 ], [ -8074556.787529826164246, 5839547.453627071343362 ], [ -8074536.618639770895243, 5839515.523708120919764 ], [ -8074519.800891011022031, 5839491.354086104780436 ], [ -8074489.590482950210571, 5839454.047116429544985 ] ] ] } },
{ "type": "Feature", "properties": { "OBJECTID": 6404, "TYPE": "Bande cyclable (marquage)", "NOM": null, "V_VELOBOUC": "Oui", "LONGUEUR": 122.36928873456705 }, "geometry": { "type": "MultiLineString", "coordinates": [ [ [ -8074645.749764630571008, 5839849.602947921492159 ], [ -8074644.970772812142968, 5839832.533254323527217 ], [ -8074638.409295896068215, 5839777.034551409073174 ], [ -8074634.582154683768749, 5839755.970795368775725 ], [ -8074631.842590786516666, 5839740.892201235517859 ], [ -8074622.091681063175201, 5839702.176301013678312 ], [ -8074614.006562258116901, 5839675.416161578148603 ] ] ] } },
{ "type": "Feature", "properties": { "OBJECTID": 6405, "TYPE": "Bande cyclable (marquage)", "NOM": null, "V_VELOBOUC": "Oui", "LONGUEUR": 116.23073057386077 }, "geometry": { "type": "MultiLineString", "coordinates": [ [ [ -8074595.913699212484062, 5839683.482368898577988 ], [ -8074600.320985402911901, 5839698.069683006964624 ], [ -8074610.071795167401433, 5839736.785588412545621 ], [ -8074612.811320655979216, 5839751.864181946031749 ], [ -8074616.638408211991191, 5839772.927937154658139 ], [ -8074623.199745489284396, 5839828.426629154011607 ], [ -8074623.469975838437676, 5839849.322723770514131 ] ] ] } },
{ "type": "Feature", "properties": { "OBJECTID": 6406, "TYPE": "Bande cyclable (marquage)", "NOM": null, "V_VELOBOUC": "Oui", "LONGUEUR": 70.230944872536085 }, "geometry": { "type": "MultiLineString", "coordinates": [ [ [ -8074466.258622490800917, 5839423.252422207966447 ], [ -8074453.810155753046274, 5839398.675533055327833 ], [ -8074441.285514591261744, 5839356.173252599313855 ], [ -8074425.244682498276234, 5839330.805898266844451 ] ] ] } },
{ "type": "Feature", "properties": { "OBJECTID": 6407, "TYPE": "Bande cyclable (marquage)", "NOM": null, "V_VELOBOUC": "Oui", "LONGUEUR": 46.621799060432025 }, "geometry": { "type": "MultiLineString", "coordinates": [ [ [ -8074425.244682498276234, 5839330.805898266844451 ], [ -8074420.781798480078578, 5839360.766262225806713 ], [ -8074412.714329398237169, 5839397.250646454282105 ] ] ] } },
{ "type": "Feature", "properties": { "OBJECTID": 6408, "TYPE": "Bande cyclable (marquage)", "NOM": null, "V_VELOBOUC": "Oui", "LONGUEUR": 25.064259114636226 }, "geometry": { "type": "MultiLineString", "coordinates": [ [ [ -8074451.275300781242549, 5839437.124650433659554 ], [ -8074475.595654560253024, 5839464.106545258313417 ] ] ] } },
{ "type": "Feature", "properties": { "OBJECTID": 6409, "TYPE": "Bande cyclable (marquage)", "NOM": null, "V_VELOBOUC": "Oui", "LONGUEUR": 26.651785806514503 }, "geometry": { "type": "MultiLineString", "coordinates": [ [ [ -8074489.590482950210571, 5839454.047116429544985 ], [ -8074488.79958875104785, 5839453.070432771928608 ], [ -8074466.258622490800917, 5839423.252422207966447 ] ] ] } },
{ "type": "Feature", "properties": { "OBJECTID": 6410, "TYPE": "Bande cyclable (marquage)", "NOM": null, "V_VELOBOUC": "Oui", "LONGUEUR": 38.278577020214584 }, "geometry": { "type": "MultiLineString", "coordinates": [ [ [ -8074412.714329398237169, 5839397.250646454282105 ], [ -8074451.275300781242549, 5839437.124650433659554 ] ] ] } },
{ "type": "Feature", "properties": { "OBJECTID": 6412, "TYPE": "Bande cyclable (marquage)", "NOM": null, "V_VELOBOUC": "Oui", "LONGUEUR": 134.53864933568809 }, "geometry": { "type": "MultiLineString", "coordinates": [ [ [ -8076744.079961984418333, 5839586.763780320994556 ], [ -8076937.973399540409446, 5839603.885521378368139 ] ] ] } },
{ "type": "Feature", "properties": { "OBJECTID": 6413, "TYPE": "Bande cyclable (marquage)", "NOM": null, "V_VELOBOUC": "Oui", "LONGUEUR": 64.645490340650412 }, "geometry": { "type": "MultiLineString", "coordinates": [ [ [ -8076937.973399540409446, 5839603.885521378368139 ], [ -8077031.139003057032824, 5839612.110970336943865 ] ] ] } },
{ "type": "Feature", "properties": { "OBJECTID": 6414, "TYPE": "Bande cyclable (marquage)", "NOM": null, "V_VELOBOUC": "Oui", "LONGUEUR": 156.33173548067657 }, "geometry": { "type": "MultiLineString", "coordinates": [ [ [ -8077193.954844258725643, 5839626.934969659894705 ], [ -8077214.423030198551714, 5839628.883056969381869 ], [ -8077342.379588116891682, 5839627.182489172555506 ], [ -8077420.022075315006077, 5839627.839507727883756 ] ] ] } },
{ "type": "Feature", "properties": { "OBJECTID": 6415, "TYPE": "Bande cyclable (marquage)", "NOM": null, "V_VELOBOUC": "Oui", "LONGUEUR": 168.70132582167392 }, "geometry": { "type": "MultiLineString", "coordinates": [ [ [ -8077420.022075315006077, 5839627.839507727883756 ], [ -8077542.877493125386536, 5839628.877691484987736 ], [ -8077663.524699814617634, 5839640.574105304665864 ] ] ] } },
{ "type": "Feature", "properties": { "OBJECTID": 6416, "TYPE": "Bande cyclable (marquage)", "NOM": null, "V_VELOBOUC": "Oui", "LONGUEUR": 241.45742360609677 }, "geometry": { "type": "MultiLineString", "coordinates": [ [ [ -8078019.555769239552319, 5839715.531470003537834 ], [ -8078051.898818009532988, 5839723.860399826429784 ], [ -8078236.174016139470041, 5839777.194217213429511 ], [ -8078359.083019250072539, 5839794.775219060480595 ] ] ] } },
{ "type": "Feature", "properties": { "OBJECTID": 6417, "TYPE": "Bande cyclable (marquage)", "NOM": null, "V_VELOBOUC": "Oui", "LONGUEUR": 88.343001497801552 }, "geometry": { "type": "MultiLineString", "coordinates": [ [ [ -8077066.677366933785379, 5839615.248323815874755 ], [ -8077128.61645320430398, 5839620.716004966758192 ], [ -8077193.954844258725643, 5839626.934969659894705 ] ] ] } },
{ "type": "Feature", "properties": { "OBJECTID": 6418, "TYPE": "Bande cyclable (marquage)", "NOM": null, "V_VELOBOUC": "Oui", "LONGUEUR": 24.65922689364977 }, "geometry": { "type": "MultiLineString", "coordinates": [ [ [ -8077031.139003057032824, 5839612.110970336943865 ], [ -8077066.677366933785379, 5839615.248323815874755 ] ] ] } },
{ "type": "Feature", "properties": { "OBJECTID": 6419, "TYPE": "Piste cyclable", "NOM": null, "V_VELOBOUC": "Non", "LONGUEUR": 209.02931361101159 }, "geometry": { "type": "MultiLineString", "coordinates": [ [ [ -8081546.832002596929669, 5839057.659996530972421 ], [ -8081547.694980984553695, 5839087.446446802467108 ], [ -8081736.654301745817065, 5839284.692183818668127 ] ] ] } },
{ "type": "Feature", "properties": { "OBJECTID": 6420, "TYPE": "Bande cyclable (marquage)", "NOM": null, "V_VELOBOUC": "Non", "LONGUEUR": 204.07456595371974 }, "geometry": { "type": "MultiLineString", "coordinates": [ [ [ -8081736.654301745817065, 5839284.692183818668127 ], [ -8081857.926559343002737, 5839411.27816597186029 ], [ -8081887.901701567694545, 5839443.325414076447487 ], [ -8081898.833374205045402, 5839455.012653318233788 ], [ -8081927.734180361032486, 5839484.701521432958543 ], [ -8081941.961010865867138, 5839497.459021066315472 ] ] ] } },
{ "type": "Feature", "properties": { "OBJECTID": 6421, "TYPE": "Bande cyclable (marquage)", "NOM": null, "V_VELOBOUC": "Non", "LONGUEUR": 72.231940533984002 }, "geometry": { "type": "MultiLineString", "coordinates": [ [ [ -8082279.905765101313591, 5839760.959951061755419 ], [ -8082362.828993531875312, 5839824.763327925466001 ] ] ] } },
{ "type": "Feature", "properties": { "OBJECTID": 6422, "TYPE": "Bande cyclable (marquage)", "NOM": null, "V_VELOBOUC": "Non", "LONGUEUR": 91.437402008412974 }, "geometry": { "type": "MultiLineString", "coordinates": [ [ [ -8082362.828993531875312, 5839824.763327925466001 ], [ -8082467.92558891326189, 5839905.368850632570684 ] ] ] } },
{ "type": "Feature", "properties": { "OBJECTID": 6423, "TYPE": "Bande cyclable (marquage)", "NOM": null, "V_VELOBOUC": "Non", "LONGUEUR": 82.291013478858005 }, "geometry": { "type": "MultiLineString", "coordinates": [ [ [ -8082467.92558891326189, 5839905.368850632570684 ], [ -8082483.678901900537312, 5839917.638487397693098 ], [ -8082561.251009008847177, 5839979.533605276606977 ] ] ] } },
{ "type": "Feature", "properties": { "OBJECTID": 6424, "TYPE": "Bande cyclable (marquage)", "NOM": null, "V_VELOBOUC": "Non", "LONGUEUR": 86.325039652905033 }, "geometry": { "type": "MultiLineString", "coordinates": [ [ [ -8082484.190686483867466, 5839888.808389746583998 ], [ -8082385.537694341503084, 5839811.97092165146023 ] ] ] } },
{ "type": "Feature", "properties": { "OBJECTID": 6425, "TYPE": "Bande cyclable (marquage)", "NOM": null, "V_VELOBOUC": "Non", "LONGUEUR": 84.464910068204532 }, "geometry": { "type": "MultiLineString", "coordinates": [ [ [ -8082580.409668653272092, 5839964.388183780945837 ], [ -8082499.943993070162833, 5839901.077974424697459 ], [ -8082484.190686483867466, 5839888.808389746583998 ] ] ] } },
{ "type": "Feature", "properties": { "OBJECTID": 6426, "TYPE": "Bande cyclable (marquage)", "NOM": null, "V_VELOBOUC": "Non", "LONGUEUR": 79.80285992071336 }, "geometry": { "type": "MultiLineString", "coordinates": [ [ [ -8083160.828267317265272, 5840464.991039835847914 ], [ -8083079.263630132190883, 5840382.999848254956305 ] ] ] } },
{ "type": "Feature", "properties": { "OBJECTID": 6427, "TYPE": "Bande cyclable (marquage)", "NOM": null, "V_VELOBOUC": "Non", "LONGUEUR": 133.15553537404719 }, "geometry": { "type": "MultiLineString", "coordinates": [ [ [ -8082734.289590278640389, 5840080.666294297203422 ], [ -8082590.309180835261941, 5839972.286916537210345 ], [ -8082580.409668653272092, 5839964.388183780945837 ] ] ] } },
{ "type": "Feature", "properties": { "OBJECTID": 6428, "TYPE": "Bande cyclable (marquage)", "NOM": null, "V_VELOBOUC": "Non", "LONGUEUR": 134.66828268622922 }, "geometry": { "type": "MultiLineString", "coordinates": [ [ [ -8082561.251009008847177, 5839979.533605276606977 ], [ -8082576.387142629362643, 5839991.56267249211669 ], [ -8082716.79015776515007, 5840097.249623689800501 ] ] ] } },
{ "type": "Feature", "properties": { "OBJECTID": 6429, "TYPE": "Bande cyclable (marquage)", "NOM": null, "V_VELOBOUC": "Non", "LONGUEUR": 157.5430906770315 }, "geometry": { "type": "MultiLineString", "coordinates": [ [ [ -8082913.344679856672883, 5840222.052402714267373 ], [ -8082901.129244100302458, 5840211.060765800066292 ], [ -8082868.575168015435338, 5840184.884211483411491 ], [ -8082821.145852394402027, 5840146.044470390304923 ], [ -8082734.289590278640389, 5840080.666294297203422 ] ] ] } },
{ "type": "Feature", "properties": { "OBJECTID": 6430, "TYPE": "Bande cyclable (marquage)", "NOM": null, "V_VELOBOUC": "Non", "LONGUEUR": 21.185744024476108 }, "geometry": { "type": "MultiLineString", "coordinates": [ [ [ -8082936.163496745750308, 5840242.585015662945807 ], [ -8082913.344679856672883, 5840222.052402714267373 ] ] ] } },
{ "type": "Feature", "properties": { "OBJECTID": 6431, "TYPE": "Bande cyclable (marquage)", "NOM": null, "V_VELOBOUC": "Non", "LONGUEUR": 158.34976508421153 }, "geometry": { "type": "MultiLineString", "coordinates": [ [ [ -8082716.79015776515007, 5840097.249623689800501 ], [ -8082807.224036294966936, 5840165.320971135981381 ], [ -8082854.653392544947565, 5840204.16087201051414 ], [ -8082887.207497287541628, 5840230.33753496222198 ], [ -8082896.962223544716835, 5840239.115025043487549 ] ] ] } },
{ "type": "Feature", "properties": { "OBJECTID": 6432, "TYPE": "Bande cyclable (marquage)", "NOM": null, "V_VELOBOUC": "Non", "LONGUEUR": 21.921776214816628 }, "geometry": { "type": "MultiLineString", "coordinates": [ [ [ -8082896.962223544716835, 5840239.115025043487549 ], [ -8082920.573796017095447, 5840260.361086045391858 ] ] ] } },
{ "type": "Feature", "properties": { "OBJECTID": 6433, "TYPE": "Bande cyclable (marquage)", "NOM": null, "V_VELOBOUC": "Non", "LONGUEUR": 62.52163967702274 }, "geometry": { "type": "MultiLineString", "coordinates": [ [ [ -8082920.573796017095447, 5840260.361086045391858 ], [ -8082933.371891438029706, 5840271.876932232640684 ], [ -8082985.781886205077171, 5840323.241922102868557 ] ] ] } },
{ "type": "Feature", "properties": { "OBJECTID": 6434, "TYPE": "Bande cyclable (marquage)", "NOM": null, "V_VELOBOUC": "Non", "LONGUEUR": 63.949445240061173 }, "geometry": { "type": "MultiLineString", "coordinates": [ [ [ -8083002.76360481325537, 5840307.004649832844734 ], [ -8082999.703568027354777, 5840303.964794653467834 ], [ -8082947.293604669161141, 5840252.5999995181337 ], [ -8082936.163496745750308, 5840242.585015662945807 ] ] ] } },
{ "type": "Feature", "properties": { "OBJECTID": 6437, "TYPE": "Bande cyclable (marquage)", "NOM": null, "V_VELOBOUC": "Non", "LONGUEUR": 224.96655140928422 }, "geometry": { "type": "MultiLineString", "coordinates": [ [ [ -8083653.110435858368874, 5840911.799793192185462 ], [ -8083629.916698908433318, 5840898.249835158698261 ], [ -8083565.204108307138085, 5840854.979929349385202 ], [ -8083530.175636204890907, 5840825.329893656075001 ], [ -8083404.265900744125247, 5840703.290678116492927 ] ] ] } },
{ "type": "Feature", "properties": { "OBJECTID": 6438, "TYPE": "Bande cyclable (marquage)", "NOM": null, "V_VELOBOUC": "Non", "LONGUEUR": 29.307409521580457 }, "geometry": { "type": "MultiLineString", "coordinates": [ [ [ -8083145.015844510868192, 5840482.173470453359187 ], [ -8083175.334600822068751, 5840511.915789025835693 ] ] ] } },
{ "type": "Feature", "properties": { "OBJECTID": 6439, "TYPE": "Bande cyclable (marquage)", "NOM": null, "V_VELOBOUC": "Non", "LONGUEUR": 28.552524466772194 }, "geometry": { "type": "MultiLineString", "coordinates": [ [ [ -8083190.36606517713517, 5840493.967179070226848 ], [ -8083160.828267317265272, 5840464.991039835847914 ] ] ] } },
{ "type": "Feature", "properties": { "OBJECTID": 6440, "TYPE": "Bande cyclable (marquage)", "NOM": null, "V_VELOBOUC": "Non", "LONGUEUR": 204.11438347588248 }, "geometry": { "type": "MultiLineString", "coordinates": [ [ [ -8083175.334600822068751, 5840511.915789025835693 ], [ -8083345.308216266334057, 5840678.654100509360433 ], [ -8083386.738193084485829, 5840718.811420192942023 ] ] ] } },
{ "type": "Feature", "properties": { "OBJECTID": 6441, "TYPE": "Bande cyclable (marquage)", "NOM": null, "V_VELOBOUC": "Non", "LONGUEUR": 206.51766889193837 }, "geometry": { "type": "MultiLineString", "coordinates": [ [ [ -8083404.265900744125247, 5840703.290678116492927 ], [ -8083361.120608756318688, 5840661.470929342322052 ], [ -8083190.36606517713517, 5840493.967179070226848 ] ] ] } },
{ "type": "Feature", "properties": { "OBJECTID": 6442, "TYPE": "Bande cyclable (marquage)", "NOM": null, "V_VELOBOUC": "Non", "LONGUEUR": 106.87372209560317 }, "geometry": { "type": "MultiLineString", "coordinates": [ [ [ -8083764.23450883384794, 5841005.398623764514923 ], [ -8083876.060426506213844, 5841075.655015096068382 ], [ -8083898.679107055068016, 5841077.589209837839007 ] ] ] } },
{ "type": "Feature", "properties": { "OBJECTID": 6443, "TYPE": "Bande cyclable (marquage)", "NOM": null, "V_VELOBOUC": "Non", "LONGUEUR": 31.406198898067878 }, "geometry": { "type": "MultiLineString", "coordinates": [ [ [ -8083634.867221402004361, 5840927.563802546821535 ], [ -8083674.137826264835894, 5840950.505928536877036 ] ] ] } },
{ "type": "Feature", "properties": { "OBJECTID": 6444, "TYPE": "Bande cyclable (marquage)", "NOM": null, "V_VELOBOUC": "Non", "LONGUEUR": 72.857715923731334 }, "geometry": { "type": "MultiLineString", "coordinates": [ [ [ -8083674.137826264835894, 5840950.505928536877036 ], [ -8083713.004021821543574, 5840973.211573777720332 ], [ -8083764.23450883384794, 5841005.398623764514923 ] ] ] } },
{ "type": "Feature", "properties": { "OBJECTID": 6445, "TYPE": "Bande cyclable (marquage)", "NOM": null, "V_VELOBOUC": "Non", "LONGUEUR": 106.99433276927451 }, "geometry": { "type": "MultiLineString", "coordinates": [ [ [ -8083898.679107055068016, 5841077.589209837839007 ], [ -8083890.669834118336439, 5841057.714524678885937 ], [ -8083777.567427173256874, 5840986.656376299448311 ] ] ] } },
{ "type": "Feature", "properties": { "OBJECTID": 6446, "TYPE": "Bande cyclable (marquage)", "NOM": null, "V_VELOBOUC": "Non", "LONGUEUR": 73.419349115938772 }, "geometry": { "type": "MultiLineString", "coordinates": [ [ [ -8083777.567427173256874, 5840986.656376299448311 ], [ -8083728.816238931380212, 5840956.027169609442353 ], [ -8083686.719868657179177, 5840931.434556471183896 ] ] ] } },
{ "type": "Feature", "properties": { "OBJECTID": 6447, "TYPE": "Bande cyclable (marquage)", "NOM": null, "V_VELOBOUC": "Non", "LONGUEUR": 26.878771498735762 }, "geometry": { "type": "MultiLineString", "coordinates": [ [ [ -8083686.719868657179177, 5840931.434556471183896 ], [ -8083653.110435858368874, 5840911.799793192185462 ] ] ] } },
{ "type": "Feature", "properties": { "OBJECTID": 6448, "TYPE": "Accotement asphalté", "NOM": "Route Verte 5 (est-ouest)", "V_VELOBOUC": "Oui", "LONGUEUR": 54.243255498552529 }, "geometry": { "type": "MultiLineString", "coordinates": [ [ [ -8094764.936937254853547, 5827602.587699688971043 ], [ -8094693.987951934337616, 5827569.189488132484257 ] ] ] } },
{ "type": "Feature", "properties": { "OBJECTID": 6449, "TYPE": "Accotement asphalté", "NOM": "Route Verte 5 (est-ouest)", "V_VELOBOUC": "Oui", "LONGUEUR": 146.12962287030558 }, "geometry": { "type": "MultiLineString", "coordinates": [ [ [ -8095383.028981235809624, 5827995.981500102207065 ], [ -8095413.377292045392096, 5828014.072726069018245 ], [ -8095455.332428715191782, 5828035.966578365303576 ], [ -8095505.051043953746557, 5828057.555966114625335 ], [ -8095540.168094357475638, 5828071.57365495339036 ], [ -8095550.946470224298537, 5828075.363783666864038 ], [ -8095575.930872242897749, 5828072.42937554884702 ] ] ] } },
{ "type": "Feature", "properties": { "OBJECTID": 6450, "TYPE": "Accotement asphalté", "NOM": "Route Verte 5 (est-ouest)", "V_VELOBOUC": "Oui", "LONGUEUR": 140.3464368835433 }, "geometry": { "type": "MultiLineString", "coordinates": [ [ [ -8095575.930872242897749, 5828072.42937554884702 ], [ -8095559.707196155562997, 5828055.198777544312179 ], [ -8095515.910205632448196, 5828036.926678101532161 ], [ -8095466.231353600509465, 5828015.151519190520048 ], [ -8095397.888977590017021, 5827978.464459053240716 ] ] ] } },
{ "type": "Feature", "properties": { "OBJECTID": 6451, "TYPE": "Accotement asphalté", "NOM": "Route Verte 5 (est-ouest)", "V_VELOBOUC": "Oui", "LONGUEUR": 262.11447026610318 }, "geometry": { "type": "MultiLineString", "coordinates": [ [ [ -8095060.592611172236502, 5827796.6928187943995 ], [ -8095221.038706103339791, 5827895.948408781550825 ], [ -8095302.476278447546065, 5827946.510843311436474 ], [ -8095370.866563245654106, 5827988.731187725439668 ], [ -8095383.028981235809624, 5827995.981500102207065 ] ] ] } },
{ "type": "Feature", "properties": { "OBJECTID": 6452, "TYPE": "Accotement asphalté", "NOM": "Route Verte 5 (est-ouest)", "V_VELOBOUC": "Oui", "LONGUEUR": 263.93564900211788 }, "geometry": { "type": "MultiLineString", "coordinates": [ [ [ -8095397.888977590017021, 5827978.464459053240716 ], [ -8095231.533152342773974, 5827874.745222581550479 ], [ -8095072.125002659857273, 5827779.6046082675457 ] ] ] } },
{ "type": "Feature", "properties": { "OBJECTID": 6453, "TYPE": "Accotement asphalté", "NOM": "Route Verte 5 (est-ouest)", "V_VELOBOUC": "Oui", "LONGUEUR": 87.143232320767453 }, "geometry": { "type": "MultiLineString", "coordinates": [ [ [ -8094953.422969935461879, 5827730.393012441694736 ], [ -8095060.592611172236502, 5827796.6928187943995 ] ] ] } },
{ "type": "Feature", "properties": { "OBJECTID": 6454, "TYPE": "Accotement asphalté", "NOM": "Route Verte 5 (est-ouest)", "V_VELOBOUC": "Oui", "LONGUEUR": 85.799294258584951 }, "geometry": { "type": "MultiLineString", "coordinates": [ [ [ -8095072.125002659857273, 5827779.6046082675457 ], [ -8094965.587978866882622, 5827716.017280305735767 ] ] ] } },
{ "type": "Feature", "properties": { "OBJECTID": 6455, "TYPE": "Accotement asphalté", "NOM": "Route Verte 5 (est-ouest)", "V_VELOBOUC": "Oui", "LONGUEUR": 52.879571540258752 }, "geometry": { "type": "MultiLineString", "coordinates": [ [ [ -8094887.083570473827422, 5827692.373769924975932 ], [ -8094951.888782575726509, 5827729.443881588056684 ], [ -8094953.422969935461879, 5827730.393012441694736 ] ] ] } },
{ "type": "Feature", "properties": { "OBJECTID": 6456, "TYPE": "Accotement asphalté", "NOM": "Route Verte 5 (est-ouest)", "V_VELOBOUC": "Oui", "LONGUEUR": 54.135688995829035 }, "geometry": { "type": "MultiLineString", "coordinates": [ [ [ -8094965.587978866882622, 5827716.017280305735767 ], [ -8094898.36846043355763, 5827675.89596903603524 ] ] ] } },
{ "type": "Feature", "properties": { "OBJECTID": 6457, "TYPE": "Accotement asphalté", "NOM": "Route Verte 5 (est-ouest)", "V_VELOBOUC": "Oui", "LONGUEUR": 56.457830748959225 }, "geometry": { "type": "MultiLineString", "coordinates": [ [ [ -8094898.36846043355763, 5827675.89596903603524 ], [ -8094828.26624611299485, 5827634.053274050354958 ] ] ] } },
{ "type": "Feature", "properties": { "OBJECTID": 6458, "TYPE": "Accotement asphalté", "NOM": "Route Verte 5 (est-ouest)", "V_VELOBOUC": "Oui", "LONGUEUR": 54.465904917929358 }, "geometry": { "type": "MultiLineString", "coordinates": [ [ [ -8094817.939271948300302, 5827654.687505120411515 ], [ -8094874.108383281156421, 5827684.951603370718658 ], [ -8094887.083570473827422, 5827692.373769924975932 ] ] ] } },
{ "type": "Feature", "properties": { "OBJECTID": 6459, "TYPE": "Accotement asphalté", "NOM": "Route Verte 5 (est-ouest)", "V_VELOBOUC": "Oui", "LONGUEUR": 48.405837814397877 }, "geometry": { "type": "MultiLineString", "coordinates": [ [ [ -8094755.785467859357595, 5827622.567598331719637 ], [ -8094775.896708552725613, 5827632.034563494846225 ], [ -8094817.939271948300302, 5827654.687505120411515 ] ] ] } },
{ "type": "Feature", "properties": { "OBJECTID": 6460, "TYPE": "Accotement asphalté", "NOM": "Route Verte 5 (est-ouest)", "V_VELOBOUC": "Oui", "LONGUEUR": 53.045673800096559 }, "geometry": { "type": "MultiLineString", "coordinates": [ [ [ -8094686.402779588475823, 5827589.906580451875925 ], [ -8094755.785467859357595, 5827622.567598331719637 ] ] ] } },
{ "type": "Feature", "properties": { "OBJECTID": 6461, "TYPE": "Accotement asphalté", "NOM": "Route Verte 5 (est-ouest)", "V_VELOBOUC": "Oui", "LONGUEUR": 99.540623832293662 }, "geometry": { "type": "MultiLineString", "coordinates": [ [ [ -8094693.987951934337616, 5827569.189488132484257 ], [ -8094664.705694623291492, 5827555.40507270116359 ], [ -8094590.639461511746049, 5827524.648929332382977 ], [ -8094559.363735195249319, 5827523.167006816715002 ] ] ] } },
{ "type": "Feature", "properties": { "OBJECTID": 6462, "TYPE": "Accotement asphalté", "NOM": "Route Verte 5 (est-ouest)", "V_VELOBOUC": "Oui", "LONGUEUR": 48.953003108192142 }, "geometry": { "type": "MultiLineString", "coordinates": [ [ [ -8094828.26624611299485, 5827634.053274050354958 ], [ -8094815.149880426004529, 5827626.224306656047702 ], [ -8094764.936937254853547, 5827602.587699688971043 ] ] ] } },
{ "type": "Feature", "properties": { "OBJECTID": 6463, "TYPE": "Bande cyclable (marquage)", "NOM": null, "V_VELOBOUC": "Non", "LONGUEUR": 392.19076332970684 }, "geometry": { "type": "MultiLineString", "coordinates": [ [ [ -8076867.109435888938606, 5840377.671226527541876 ], [ -8076446.502578029409051, 5840759.817765108309686 ] ] ] } },
{ "type": "Feature", "properties": { "OBJECTID": 6464, "TYPE": "Bande cyclable (marquage)", "NOM": null, "V_VELOBOUC": "Non", "LONGUEUR": 177.88545282724604 }, "geometry": { "type": "MultiLineString", "coordinates": [ [ [ -8076876.671862884424627, 5840389.926690934225917 ], [ -8076965.310326288454235, 5840309.193177364766598 ], [ -8077048.911865572445095, 5840232.763905487023294 ], [ -8077066.600411140359938, 5840215.689401938579977 ] ] ] } },
{ "type": "Feature", "properties": { "OBJECTID": 6465, "TYPE": "Bande cyclable (marquage)", "NOM": null, "V_VELOBOUC": "Non", "LONGUEUR": 177.72571819966032 }, "geometry": { "type": "MultiLineString", "coordinates": [ [ [ -8077056.866797674447298, 5840203.590236044488847 ], [ -8077039.178257980383933, 5840220.664696826599538 ], [ -8076955.576751109212637, 5840297.093772423453629 ], [ -8076867.109435888938606, 5840377.671226527541876 ] ] ] } },
{ "type": "Feature", "properties": { "OBJECTID": 6473, "TYPE": "Chaussée désignée", "NOM": null, "V_VELOBOUC": "Non", "LONGUEUR": 36.115247434047845 }, "geometry": { "type": "MultiLineString", "coordinates": [ [ [ -8082645.802739514037967, 5837020.410539135336876 ], [ -8082683.675305874086916, 5836984.321129678748548 ] ] ] } },
{ "type": "Feature", "properties": { "OBJECTID": 6474, "TYPE": "Chaussée désignée", "NOM": null, "V_VELOBOUC": "Non", "LONGUEUR": 52.191831066242941 }, "geometry": { "type": "MultiLineString", "coordinates": [ [ [ -8082424.535671202465892, 5837122.892673783004284 ], [ -8082473.443264667876065, 5837114.656560462899506 ], [ -8082491.823623861186206, 5837110.440370550379157 ], [ -8082498.475743393413723, 5837108.125256286934018 ] ] ] } },
{ "type": "Feature", "properties": { "OBJECTID": 6475, "TYPE": "Chaussée désignée", "NOM": null, "V_VELOBOUC": "Non", "LONGUEUR": 64.071436443263266 }, "geometry": { "type": "MultiLineString", "coordinates": [ [ [ -8082333.144393731839955, 5837138.282341212965548 ], [ -8082424.535671202465892, 5837122.892673783004284 ] ] ] } },
{ "type": "Feature", "properties": { "OBJECTID": 6476, "TYPE": "Chaussée désignée", "NOM": null, "V_VELOBOUC": "Non", "LONGUEUR": 103.99125148222123 }, "geometry": { "type": "MultiLineString", "coordinates": [ [ [ -8082051.119607129134238, 5837174.808762026019394 ], [ -8082120.432100906968117, 5837170.28088765218854 ], [ -8082183.060622713528574, 5837162.6391148455441 ], [ -8082200.717940773814917, 5837159.953129025176167 ] ] ] } },
{ "type": "Feature", "properties": { "OBJECTID": 6477, "TYPE": "Bande cyclable (marquage)", "NOM": null, "V_VELOBOUC": "Non", "LONGUEUR": 83.227118482392825 }, "geometry": { "type": "MultiLineString", "coordinates": [ [ [ -8080912.685174291022122, 5834129.123040627688169 ], [ -8080902.892269714735448, 5834109.215127164497972 ], [ -8080846.720007612369955, 5834059.633091800846159 ], [ -8080825.048382779583335, 5834050.81758750975132 ] ] ] } },
{ "type": "Feature", "properties": { "OBJECTID": 6478, "TYPE": "Bande cyclable (marquage)", "NOM": null, "V_VELOBOUC": "Non", "LONGUEUR": 73.886013822609797 }, "geometry": { "type": "MultiLineString", "coordinates": [ [ [ -8082383.1540263639763, 5838217.743256746791303 ], [ -8082350.647359698079526, 5838237.039475072175264 ], [ -8082298.206789410673082, 5838282.193422419019043 ] ] ] } },
{ "type": "Feature", "properties": { "OBJECTID": 6479, "TYPE": "Bande cyclable (marquage)", "NOM": null, "V_VELOBOUC": "Non", "LONGUEUR": 70.762721344222356 }, "geometry": { "type": "MultiLineString", "coordinates": [ [ [ -8082298.206789410673082, 5838282.193422419019043 ], [ -8082246.38016948942095, 5838334.333769921213388 ], [ -8082233.912009871564806, 5838360.560328806750476 ] ] ] } },
{ "type": "Feature", "properties": { "OBJECTID": 6481, "TYPE": "Bande cyclable (marquage)", "NOM": null, "V_VELOBOUC": "Non", "LONGUEUR": 39.614730937806584 }, "geometry": { "type": "MultiLineString", "coordinates": [ [ [ -8083208.466379539109766, 5837375.630493456497788 ], [ -8083228.836913701146841, 5837379.037143775261939 ], [ -8083254.256011238321662, 5837399.000051671639085 ], [ -8083257.4278309866786, 5837402.008919727057219 ] ] ] } },
{ "type": "Feature", "properties": { "OBJECTID": 6482, "TYPE": "Bande cyclable (marquage)", "NOM": null, "V_VELOBOUC": "Non", "LONGUEUR": 33.662967487219916 }, "geometry": { "type": "MultiLineString", "coordinates": [ [ [ -8083314.402805904857814, 5837494.183611942455173 ], [ -8083280.358172188512981, 5837459.262066252529621 ] ] ] } },
{ "type": "Feature", "properties": { "OBJECTID": 6483, "TYPE": "Bande cyclable (marquage)", "NOM": null, "V_VELOBOUC": "Non", "LONGUEUR": 38.166088650151856 }, "geometry": { "type": "MultiLineString", "coordinates": [ [ [ -8083280.358172188512981, 5837459.262066252529621 ], [ -8083241.759696576744318, 5837419.669038309715688 ] ] ] } },
{ "type": "Feature", "properties": { "OBJECTID": 6484, "TYPE": "Bande cyclable (marquage)", "NOM": null, "V_VELOBOUC": "Non", "LONGUEUR": 40.356005056945989 }, "geometry": { "type": "MultiLineString", "coordinates": [ [ [ -8083298.472999795340002, 5837440.945036429911852 ], [ -8083340.885758210904896, 5837481.178101832047105 ] ] ] } },
{ "type": "Feature", "properties": { "OBJECTID": 6485, "TYPE": "Bande cyclable (marquage)", "NOM": null, "V_VELOBOUC": "Non", "LONGUEUR": 39.055080339446562 }, "geometry": { "type": "MultiLineString", "coordinates": [ [ [ -8083257.4278309866786, 5837402.008919727057219 ], [ -8083298.472999795340002, 5837440.945036429911852 ] ] ] } },
{ "type": "Feature", "properties": { "OBJECTID": 6486, "TYPE": "Bande cyclable (marquage)", "NOM": null, "V_VELOBOUC": "Non", "LONGUEUR": 75.796383788024073 }, "geometry": { "type": "MultiLineString", "coordinates": [ [ [ -8083420.07209808472544, 5837557.240230747498572 ], [ -8083358.949949260801077, 5837498.130586101673543 ], [ -8083340.885758210904896, 5837481.178101832047105 ] ] ] } },
{ "type": "Feature", "properties": { "OBJECTID": 6488, "TYPE": "Bande cyclable (marquage)", "NOM": null, "V_VELOBOUC": "Non", "LONGUEUR": 53.693247983481363 }, "geometry": { "type": "MultiLineString", "coordinates": [ [ [ -8083525.03705954644829, 5837658.747197636403143 ], [ -8083469.121995297260582, 5837604.674513198435307 ] ] ] } },
{ "type": "Feature", "properties": { "OBJECTID": 6489, "TYPE": "Piste cyclable", "NOM": null, "V_VELOBOUC": "Non", "LONGUEUR": 97.837206355921182 }, "geometry": { "type": "MultiLineString", "coordinates": [ [ [ -8083314.402805904857814, 5837494.183611942455173 ], [ -8083331.039162326604128, 5837514.720771390013397 ], [ -8083330.117455038242042, 5837528.724661700427532 ], [ -8083331.201225611381233, 5837534.496095372363925 ], [ -8083336.511563699692488, 5837538.779200213961303 ], [ -8083409.959478945471346, 5837588.269743404351175 ] ] ] } },
{ "type": "Feature", "properties": { "OBJECTID": 6490, "TYPE": "Bande cyclable (marquage)", "NOM": null, "V_VELOBOUC": "Non", "LONGUEUR": 91.76469231256273 }, "geometry": { "type": "MultiLineString", "coordinates": [ [ [ -8083409.959478945471346, 5837588.269743404351175 ], [ -8083458.822247864678502, 5837628.768316505476832 ], [ -8083509.145790698006749, 5837676.63918739464134 ] ] ] } },
{ "type": "Feature", "properties": { "OBJECTID": 6491, "TYPE": "Bande cyclable (marquage)", "NOM": null, "V_VELOBOUC": "Non", "LONGUEUR": 161.41265625560112 }, "geometry": { "type": "MultiLineString", "coordinates": [ [ [ -8083692.926751140505075, 5837821.514418969862163 ], [ -8083627.165279250591993, 5837757.50858086720109 ], [ -8083525.03705954644829, 5837658.747197636403143 ] ] ] } },
{ "type": "Feature", "properties": { "OBJECTID": 6493, "TYPE": "Bande cyclable (marquage)", "NOM": null, "V_VELOBOUC": "Non", "LONGUEUR": 256.6342773358424 }, "geometry": { "type": "MultiLineString", "coordinates": [ [ [ -8077595.423837241716683, 5837828.563923512585461 ], [ -8077587.268761350773275, 5837781.792513980530202 ], [ -8077579.269208318553865, 5837721.959178597666323 ], [ -8077571.747637356631458, 5837678.290516308508813 ], [ -8077563.723147328943014, 5837644.790828571654856 ], [ -8077553.209212741814554, 5837611.453656436875463 ], [ -8077541.886886053718626, 5837581.754481244832277 ], [ -8077527.134141235612333, 5837550.862819219008088 ], [ -8077487.08938576746732, 5837476.230775283649564 ] ] ] } },
{ "type": "Feature", "properties": { "OBJECTID": 6496, "TYPE": "Bande cyclable (marquage)", "NOM": null, "V_VELOBOUC": "Non", "LONGUEUR": 106.46438559678066 }, "geometry": { "type": "MultiLineString", "coordinates": [ [ [ -8078605.859741123393178, 5835853.944474271498621 ], [ -8078535.727569654583931, 5835991.447189939208329 ] ] ] } },
{ "type": "Feature", "properties": { "OBJECTID": 6497, "TYPE": "Bande cyclable (marquage)", "NOM": null, "V_VELOBOUC": "Non", "LONGUEUR": 80.757354121668087 }, "geometry": { "type": "MultiLineString", "coordinates": [ [ [ -8078535.727569654583931, 5835991.447189939208329 ], [ -8078482.528129754588008, 5836095.749340957030654 ] ] ] } },
{ "type": "Feature", "properties": { "OBJECTID": 6498, "TYPE": "Bande cyclable (marquage)", "NOM": null, "V_VELOBOUC": "Non", "LONGUEUR": 80.93565871532229 }, "geometry": { "type": "MultiLineString", "coordinates": [ [ [ -8078482.528129754588008, 5836095.749340957030654 ], [ -8078429.209964936599135, 5836200.282672696746886 ] ] ] } },
{ "type": "Feature", "properties": { "OBJECTID": 6500, "TYPE": "Bande cyclable (marquage)", "NOM": null, "V_VELOBOUC": "Non", "LONGUEUR": 63.49594739321951 }, "geometry": { "type": "MultiLineString", "coordinates": [ [ [ -8078374.24855271819979, 5836307.271771876141429 ], [ -8078309.824481599964201, 5836372.919413367286325 ] ] ] } },
{ "type": "Feature", "properties": { "OBJECTID": 6501, "TYPE": "Bande cyclable (marquage)", "NOM": null, "V_VELOBOUC": "Non", "LONGUEUR": 70.906306071485105 }, "geometry": { "type": "MultiLineString", "coordinates": [ [ [ -8078309.824481599964201, 5836372.919413367286325 ], [ -8078237.880593726411462, 5836446.228521433658898 ] ] ] } },
{ "type": "Feature", "properties": { "OBJECTID": 6502, "TYPE": "Bande cyclable (marquage)", "NOM": null, "V_VELOBOUC": "Non", "LONGUEUR": 63.208559567276957 }, "geometry": { "type": "MultiLineString", "coordinates": [ [ [ -8078237.880593726411462, 5836446.228521433658898 ], [ -8078173.746097156777978, 5836511.579039450734854 ] ] ] } },
{ "type": "Feature", "properties": { "OBJECTID": 6503, "TYPE": "Bande cyclable (marquage)", "NOM": null, "V_VELOBOUC": "Non", "LONGUEUR": 87.400004889291196 }, "geometry": { "type": "MultiLineString", "coordinates": [ [ [ -8078173.746097156777978, 5836511.579039450734854 ], [ -8078085.064201486296952, 5836601.940771418623626 ] ] ] } },
{ "type": "Feature", "properties": { "OBJECTID": 6504, "TYPE": "Bande cyclable (marquage)", "NOM": null, "V_VELOBOUC": "Non", "LONGUEUR": 18.527055225939172 }, "geometry": { "type": "MultiLineString", "coordinates": [ [ [ -8078085.064201486296952, 5836601.940771418623626 ], [ -8078066.265179011039436, 5836621.095654842443764 ] ] ] } },
{ "type": "Feature", "properties": { "OBJECTID": 6505, "TYPE": "Bande cyclable (marquage)", "NOM": null, "V_VELOBOUC": "Non", "LONGUEUR": 69.051210293669911 }, "geometry": { "type": "MultiLineString", "coordinates": [ [ [ -8078066.265179011039436, 5836621.095654842443764 ], [ -8077996.199625982902944, 5836692.486821151338518 ] ] ] } },
{ "type": "Feature", "properties": { "OBJECTID": 6511, "TYPE": "Bande cyclable (marquage)", "NOM": null, "V_VELOBOUC": "Non", "LONGUEUR": 76.847942698751709 }, "geometry": { "type": "MultiLineString", "coordinates": [ [ [ -8080667.868039899505675, 5837251.097128985449672 ], [ -8080778.674089600332081, 5837259.868711182847619 ] ] ] } },
{ "type": "Feature", "properties": { "OBJECTID": 6512, "TYPE": "Bande cyclable (marquage)", "NOM": null, "V_VELOBOUC": "Non", "LONGUEUR": 224.7582493275066 }, "geometry": { "type": "MultiLineString", "coordinates": [ [ [ -8080780.799667353741825, 5837237.323726618662477 ], [ -8080456.725150315091014, 5837211.66557190194726 ] ] ] } },
{ "type": "Feature", "properties": { "OBJECTID": 6513, "TYPE": "Bande cyclable (marquage)", "NOM": null, "V_VELOBOUC": "Non", "LONGUEUR": 165.48098147706432 }, "geometry": { "type": "MultiLineString", "coordinates": [ [ [ -8080778.674089600332081, 5837259.868711182847619 ], [ -8081017.2797587569803, 5837278.752376907505095 ] ] ] } },
{ "type": "Feature", "properties": { "OBJECTID": 6514, "TYPE": "Bande cyclable (marquage)", "NOM": null, "V_VELOBOUC": "Non", "LONGUEUR": 165.17022785720192 }, "geometry": { "type": "MultiLineString", "coordinates": [ [ [ -8081018.956662517040968, 5837256.171802890487015 ], [ -8080780.799667353741825, 5837237.323726618662477 ] ] ] } },
{ "type": "Feature", "properties": { "OBJECTID": 6515, "TYPE": "Bande cyclable (marquage)", "NOM": null, "V_VELOBOUC": "Non", "LONGUEUR": 79.97329374745695 }, "geometry": { "type": "MultiLineString", "coordinates": [ [ [ -8081017.2797587569803, 5837278.752376907505095 ], [ -8081034.66470411233604, 5837280.127993579953909 ], [ -8081105.328096846118569, 5837285.546956568025053 ], [ -8081132.637921332381666, 5837287.254585141316056 ] ] ] } },
{ "type": "Feature", "properties": { "OBJECTID": 6516, "TYPE": "Bande cyclable (marquage)", "NOM": null, "V_VELOBOUC": "Non", "LONGUEUR": 78.809508731642438 }, "geometry": { "type": "MultiLineString", "coordinates": [ [ [ -8081132.63872819300741, 5837264.509217329323292 ], [ -8081103.388406147249043, 5837262.68023653049022 ], [ -8081032.725197375752032, 5837257.261273798532784 ], [ -8081018.956662517040968, 5837256.171802890487015 ] ] ] } },
{ "type": "Feature", "properties": { "OBJECTID": 6517, "TYPE": "Bande cyclable (marquage)", "NOM": null, "V_VELOBOUC": "Non", "LONGUEUR": 102.18999148791427 }, "geometry": { "type": "MultiLineString", "coordinates": [ [ [ -8081132.637921332381666, 5837287.254585141316056 ], [ -8081168.50721594505012, 5837289.497286670841277 ], [ -8081227.141553114168346, 5837289.248483829200268 ], [ -8081259.927239467389882, 5837287.013732768595219 ], [ -8081280.197073780931532, 5837284.989221780560911 ] ] ] } },
{ "type": "Feature", "properties": { "OBJECTID": 6518, "TYPE": "Bande cyclable (marquage)", "NOM": null, "V_VELOBOUC": "Non", "LONGUEUR": 100.58435930646134 }, "geometry": { "type": "MultiLineString", "coordinates": [ [ [ -8081277.880783412605524, 5837262.160089845769107 ], [ -8081257.987148290500045, 5837264.147038910537958 ], [ -8081225.201546376571059, 5837266.381777874194086 ], [ -8081166.56736094225198, 5837266.630568716675043 ], [ -8081132.63872819300741, 5837264.509217329323292 ] ] ] } },
{ "type": "Feature", "properties": { "OBJECTID": 6520, "TYPE": "Bande cyclable (marquage)", "NOM": null, "V_VELOBOUC": "Non", "LONGUEUR": 132.44719244343415 }, "geometry": { "type": "MultiLineString", "coordinates": [ [ [ -8081465.518147682771087, 5837224.900307517498732 ], [ -8081371.292393028736115, 5837248.705526045523584 ], [ -8081340.920892745256424, 5837254.039899368770421 ], [ -8081293.849663680419326, 5837260.565116720274091 ], [ -8081277.880783412605524, 5837262.160089845769107 ] ] ] } },
{ "type": "Feature", "properties": { "OBJECTID": 6524, "TYPE": "Bande cyclable (marquage)", "NOM": null, "V_VELOBOUC": "Non", "LONGUEUR": 89.357137281714245 }, "geometry": { "type": "MultiLineString", "coordinates": [ [ [ -8079686.672787514515221, 5837639.084208158776164 ], [ -8079592.035939920693636, 5837727.396884555928409 ] ] ] } },
{ "type": "Feature", "properties": { "OBJECTID": 6525, "TYPE": "Bande cyclable (marquage)", "NOM": null, "V_VELOBOUC": "Non", "LONGUEUR": 91.930727201060236 }, "geometry": { "type": "MultiLineString", "coordinates": [ [ [ -8079592.035939920693636, 5837727.396884555928409 ], [ -8079513.738258476369083, 5837800.46082666143775 ], [ -8079494.993080883286893, 5837818.593582677654922 ] ] ] } },
{ "type": "Feature", "properties": { "OBJECTID": 6526, "TYPE": "Bande cyclable (marquage)", "NOM": null, "V_VELOBOUC": "Non", "LONGUEUR": 186.4779946675109 }, "geometry": { "type": "MultiLineString", "coordinates": [ [ [ -8079494.993080883286893, 5837818.593582677654922 ], [ -8079484.126922816969454, 5837829.104691700078547 ], [ -8079461.050093114376068, 5837855.329027053900063 ], [ -8079445.844814602285624, 5837879.341464217752218 ], [ -8079435.823572278954089, 5837901.878491505980492 ], [ -8079427.315310672856867, 5837925.969196663238108 ], [ -8079391.22070415969938, 5838051.49040213227272 ], [ -8079389.25288107059896, 5838062.468540325760841 ] ] ] } },
{ "type": "Feature", "properties": { "OBJECTID": 6527, "TYPE": "Bande cyclable (marquage)", "NOM": null, "V_VELOBOUC": "Non", "LONGUEUR": 55.457253806217366 }, "geometry": { "type": "MultiLineString", "coordinates": [ [ [ -8079389.25288107059896, 5838062.468540325760841 ], [ -8079386.309836289845407, 5838078.887329620309174 ], [ -8079386.520810790359974, 5838110.183725408278406 ], [ -8079389.159393708221614, 5838130.181414905004203 ], [ -8079393.216956032440066, 5838141.815164501778781 ] ] ] } },
{ "type": "Feature", "properties": { "OBJECTID": 6528, "TYPE": "Bande cyclable (marquage)", "NOM": null, "V_VELOBOUC": "Non", "LONGUEUR": 192.29719203261436 }, "geometry": { "type": "MultiLineString", "coordinates": [ [ [ -8079393.216956032440066, 5838141.815164501778781 ], [ -8079398.975711769424379, 5838158.326436215080321 ], [ -8079445.439576795324683, 5838244.304614970460534 ], [ -8079457.794834178872406, 5838268.063775390386581 ], [ -8079468.368071287870407, 5838296.986005718819797 ], [ -8079474.764888961799443, 5838322.979655946604908 ], [ -8079479.012356402352452, 5838352.788257981650531 ], [ -8079485.155257831327617, 5838401.674963927827775 ] ] ] } },
{ "type": "Feature", "properties": { "OBJECTID": 6530, "TYPE": "Bande cyclable (marquage)", "NOM": null, "V_VELOBOUC": "Non", "LONGUEUR": 50.849721212912023 }, "geometry": { "type": "MultiLineString", "coordinates": [ [ [ -8079675.301658992655575, 5838921.59119712933898 ], [ -8079664.311403968371451, 5838938.513290168717504 ], [ -8079656.293013319373131, 5838956.622133134864271 ], [ -8079651.922162955626845, 5838977.077435631304979 ], [ -8079650.682940986007452, 5838989.88269498385489 ] ] ] } },
{ "type": "Feature", "properties": { "OBJECTID": 6531, "TYPE": "Bande cyclable (marquage)", "NOM": null, "V_VELOBOUC": "Non", "LONGUEUR": 40.421572196353274 }, "geometry": { "type": "MultiLineString", "coordinates": [ [ [ -8073314.280921664088964, 5839489.867453815415502 ], [ -8073272.899093312211335, 5839531.319831361994147 ] ] ] } },
{ "type": "Feature", "properties": { "OBJECTID": 7086, "TYPE": "Piste cyclable", "NOM": null, "V_VELOBOUC": "Non", "LONGUEUR": 125.63611829375247 }, "geometry": { "type": "MultiLineString", "coordinates": [ [ [ -8081895.500175730325282, 5832422.287948602810502 ], [ -8081858.491411832161248, 5832474.821541709825397 ], [ -8081809.081992733292282, 5832554.9964963439852 ], [ -8081798.439235385507345, 5832576.057501646690071 ] ] ] } },
{ "type": "Feature", "properties": { "OBJECTID": 7087, "TYPE": "Piste cyclable", "NOM": null, "V_VELOBOUC": "Non", "LONGUEUR": 128.57787198648811 }, "geometry": { "type": "MultiLineString", "coordinates": [ [ [ -8081826.178040783852339, 5832594.176709614694118 ], [ -8081835.782390346750617, 5832578.50064043328166 ], [ -8081923.049147934652865, 5832435.034519773907959 ] ] ] } },
{ "type": "Feature", "properties": { "OBJECTID": 7095, "TYPE": "Piste cyclable", "NOM": null, "V_VELOBOUC": "Non", "LONGUEUR": 37.934916923437768 }, "geometry": { "type": "MultiLineString", "coordinates": [ [ [ -8081676.635589213110507, 5832849.403773005120456 ], [ -8081700.23183529637754, 5832799.740192633122206 ] ] ] } },
{ "type": "Feature", "properties": { "OBJECTID": 7096, "TYPE": "Piste cyclable", "NOM": null, "V_VELOBOUC": "Non", "LONGUEUR": 41.742736766270184 }, "geometry": { "type": "MultiLineString", "coordinates": [ [ [ -8081678.097261095419526, 5832782.033668070100248 ], [ -8081646.481348710134625, 5832833.59891964495182 ] ] ] } },
{ "type": "Feature", "properties": { "OBJECTID": 7097, "TYPE": "Piste cyclable", "NOM": null, "V_VELOBOUC": "Non", "LONGUEUR": 51.291649811720085 }, "geometry": { "type": "MultiLineString", "coordinates": [ [ [ -8081646.481348710134625, 5832833.59891964495182 ], [ -8081608.30390110053122, 5832897.369645186699927 ] ] ] } },
{ "type": "Feature", "properties": { "OBJECTID": 7099, "TYPE": "Piste cyclable", "NOM": null, "V_VELOBOUC": "Non", "LONGUEUR": 19.582988247073018 }, "geometry": { "type": "MultiLineString", "coordinates": [ [ [ -8081678.097261095419526, 5832782.033668070100248 ], [ -8081700.237298876978457, 5832799.733293135650456 ] ] ] } },
{ "type": "Feature", "properties": { "OBJECTID": 7100, "TYPE": "Piste cyclable", "NOM": null, "V_VELOBOUC": "Non", "LONGUEUR": 23.533837822763314 }, "geometry": { "type": "MultiLineString", "coordinates": [ [ [ -8081646.481348710134625, 5832833.59891964495182 ], [ -8081676.635589213110507, 5832849.403773005120456 ] ] ] } },
{ "type": "Feature", "properties": { "OBJECTID": 7886, "TYPE": "Bande cyclable (marquage)", "NOM": null, "V_VELOBOUC": "Non", "LONGUEUR": 181.88883207915703 }, "geometry": { "type": "MultiLineString", "coordinates": [ [ [ -8079166.507084495387971, 5837467.074411189183593 ], [ -8079182.574751036241651, 5837448.333099656738341 ], [ -8079199.288037500344217, 5837432.863467588089406 ], [ -8079218.453987458720803, 5837417.115606039762497 ], [ -8079312.900953992269933, 5837351.874095828272402 ], [ -8079327.887281741015613, 5837340.070054824464023 ], [ -8079349.384421581402421, 5837321.277726926840842 ], [ -8079369.523495603352785, 5837300.780134435743093 ] ] ] } },
{ "type": "Feature", "properties": { "OBJECTID": 7887, "TYPE": "Bande cyclable (marquage)", "NOM": null, "V_VELOBOUC": "Non", "LONGUEUR": 365.6249941305008 }, "geometry": { "type": "MultiLineString", "coordinates": [ [ [ -8079264.340462125837803, 5837939.68837470933795 ], [ -8079223.702677457593381, 5837883.147060732357204 ], [ -8079153.463068365119398, 5837788.3305749502033 ], [ -8079143.546045032329857, 5837772.241627271287143 ], [ -8079133.96011314727366, 5837754.006490405648947 ], [ -8079123.239073034375906, 5837728.078701765276492 ], [ -8079115.633162741549313, 5837697.580097894184291 ], [ -8079110.177074888721108, 5837657.738126015290618 ], [ -8079109.379003769718111, 5837634.230672107078135 ], [ -8079111.589265285991132, 5837602.157737972214818 ], [ -8079115.258681628853083, 5837576.245492830872536 ], [ -8079122.610797479748726, 5837549.608344406820834 ], [ -8079134.125924243591726, 5837520.409240295179188 ], [ -8079151.338497918099165, 5837488.358942744322121 ], [ -8079166.279537281952798, 5837467.339846793562174 ], [ -8079166.507084495387971, 5837467.074411189183593 ] ] ] } },
{ "type": "Feature", "properties": { "OBJECTID": 7888, "TYPE": "Bande cyclable (marquage)", "NOM": null, "V_VELOBOUC": "Non", "LONGUEUR": 123.25612226719842 }, "geometry": { "type": "MultiLineString", "coordinates": [ [ [ -8079388.420187163166702, 5838064.169864072464406 ], [ -8079364.119194396771491, 5838052.199732839129865 ], [ -8079328.922576114535332, 5838024.449536549858749 ], [ -8079308.976829586550593, 5838001.792430083267391 ], [ -8079264.340462125837803, 5837939.68837470933795 ] ] ] } },
{ "type": "Feature", "properties": { "OBJECTID": 7889, "TYPE": "Bande cyclable (marquage)", "NOM": null, "V_VELOBOUC": "Non", "LONGUEUR": 274.5431210099664 }, "geometry": { "type": "MultiLineString", "coordinates": [ [ [ -8079844.320826603099704, 5838069.037738607265055 ], [ -8079599.71309729386121, 5838093.96056645270437 ], [ -8079559.264916593208909, 5838096.560904298909009 ], [ -8079521.005985601805151, 5838095.19319879822433 ], [ -8079490.429501843638718, 5838091.457425573840737 ], [ -8079467.830850998871028, 5838086.278945181518793 ], [ -8079449.929573663510382, 5838081.741069098003209 ] ] ] } },
{ "type": "Feature", "properties": { "OBJECTID": 7890, "TYPE": "Bande cyclable (marquage)", "NOM": null, "V_VELOBOUC": "Non", "LONGUEUR": 160.29075667106798 }, "geometry": { "type": "MultiLineString", "coordinates": [ [ [ -8080072.37706845626235, 5838072.177897203713655 ], [ -8080044.382483426481485, 5838061.34878649469465 ], [ -8080023.022408979944885, 5838054.957215830683708 ], [ -8080002.221483761444688, 5838053.179915546439588 ], [ -8079973.101373081095517, 5838055.913647781126201 ], [ -8079844.320826603099704, 5838069.037738607265055 ] ] ] } },
{ "type": "Feature", "properties": { "OBJECTID": 7891, "TYPE": "Bande cyclable (marquage)", "NOM": null, "V_VELOBOUC": "Non", "LONGUEUR": 162.47060695166869 }, "geometry": { "type": "MultiLineString", "coordinates": [ [ [ -8080277.442658919841051, 5838181.989968148060143 ], [ -8080257.244076268747449, 5838163.035839515738189 ], [ -8080236.619581809267402, 5838145.901904389262199 ], [ -8080211.100274433381855, 5838128.404162287712097 ], [ -8080174.548659343272448, 5838111.699925805442035 ], [ -8080072.37706845626235, 5838072.177897203713655 ] ] ] } },
{ "type": "Feature", "properties": { "OBJECTID": 7892, "TYPE": "Bande cyclable (marquage)", "NOM": null, "V_VELOBOUC": "Non", "LONGUEUR": 77.559139978236786 }, "geometry": { "type": "MultiLineString", "coordinates": [ [ [ -8080359.005447076633573, 5838259.265458471141756 ], [ -8080341.762154614552855, 5838242.346231669187546 ], [ -8080277.442658919841051, 5838181.989968148060143 ] ] ] } },
{ "type": "Feature", "properties": { "OBJECTID": 7893, "TYPE": "Bande cyclable (marquage)", "NOM": null, "V_VELOBOUC": "Non", "LONGUEUR": 81.750217251475391 }, "geometry": { "type": "MultiLineString", "coordinates": [ [ [ -8080440.629986749961972, 5838345.052130633965135 ], [ -8080425.901586713269353, 5838328.103235930204391 ], [ -8080398.372292701154947, 5838298.909075184725225 ], [ -8080375.977296610362828, 5838275.918282553553581 ], [ -8080359.005447076633573, 5838259.265458471141756 ] ] ] } },
{ "type": "Feature", "properties": { "OBJECTID": 7894, "TYPE": "Bande cyclable (marquage)", "NOM": null, "V_VELOBOUC": "Non", "LONGUEUR": 76.59843382279432 }, "geometry": { "type": "MultiLineString", "coordinates": [ [ [ -8080513.442675681784749, 5838428.841361704282463 ], [ -8080440.629986749961972, 5838345.052130633965135 ] ] ] } },
{ "type": "Feature", "properties": { "OBJECTID": 7895, "TYPE": "Bande cyclable (marquage)", "NOM": null, "V_VELOBOUC": "Non", "LONGUEUR": 76.569595584035696 }, "geometry": { "type": "MultiLineString", "coordinates": [ [ [ -8080569.331849180161953, 5838523.817815518006682 ], [ -8080567.030710661783814, 5838517.735274635255337 ], [ -8080558.992982754483819, 5838497.674877961166203 ], [ -8080549.118416734971106, 5838477.593163705430925 ], [ -8080537.392780334688723, 5838458.718926164321601 ], [ -8080523.516914826817811, 5838440.434213743545115 ], [ -8080513.442675681784749, 5838428.841361704282463 ] ] ] } },
{ "type": "Feature", "properties": { "OBJECTID": 7896, "TYPE": "Bande cyclable (marquage)", "NOM": null, "V_VELOBOUC": "Non", "LONGUEUR": 157.39731226268009 }, "geometry": { "type": "MultiLineString", "coordinates": [ [ [ -8080650.125071595422924, 5838737.374666528776288 ], [ -8080569.331849180161953, 5838523.817815518006682 ] ] ] } },
{ "type": "Feature", "properties": { "OBJECTID": 7897, "TYPE": "Bande cyclable (marquage)", "NOM": null, "V_VELOBOUC": "Non", "LONGUEUR": 78.604608550197327 }, "geometry": { "type": "MultiLineString", "coordinates": [ [ [ -8080691.666156713850796, 5838843.533901977352798 ], [ -8080682.497053010389209, 5838822.940321980044246 ], [ -8080650.125071595422924, 5838737.374666528776288 ] ] ] } },
{ "type": "Feature", "properties": { "OBJECTID": 7898, "TYPE": "Bande cyclable (marquage)", "NOM": null, "V_VELOBOUC": "Non", "LONGUEUR": 109.79913626182797 }, "geometry": { "type": "MultiLineString", "coordinates": [ [ [ -8080767.327517112717032, 5838983.62643083371222 ], [ -8080707.477414382621646, 5838874.378364983946085 ], [ -8080692.9460504129529, 5838846.40850839857012 ], [ -8080691.666156713850796, 5838843.533901977352798 ] ] ] } },
{ "type": "Feature", "properties": { "OBJECTID": 7899, "TYPE": "Bande cyclable (marquage)", "NOM": null, "V_VELOBOUC": "Non", "LONGUEUR": 62.451192686294029 }, "geometry": { "type": "MultiLineString", "coordinates": [ [ [ -8080810.842559776268899, 5839063.056012536399066 ], [ -8080767.327517112717032, 5838983.62643083371222 ] ] ] } },
{ "type": "Feature", "properties": { "OBJECTID": 7900, "TYPE": "Bande cyclable (marquage)", "NOM": null, "V_VELOBOUC": "Non", "LONGUEUR": 76.077421399375282 }, "geometry": { "type": "MultiLineString", "coordinates": [ [ [ -8080863.853191344067454, 5839159.817021834664047 ], [ -8080810.842559776268899, 5839063.056012536399066 ] ] ] } },
{ "type": "Feature", "properties": { "OBJECTID": 7901, "TYPE": "Bande cyclable (marquage)", "NOM": null, "V_VELOBOUC": "Non", "LONGUEUR": 75.859517566150615 }, "geometry": { "type": "MultiLineString", "coordinates": [ [ [ -8080920.650110662914813, 5839253.784991052933037 ], [ -8080911.204718343913555, 5839241.695342887192965 ], [ -8080899.457987828180194, 5839224.509480769746006 ], [ -8080885.955661901272833, 5839200.16052608564496 ], [ -8080863.853191344067454, 5839159.817021834664047 ] ] ] } },
{ "type": "Feature", "properties": { "OBJECTID": 7902, "TYPE": "Bande cyclable (marquage)", "NOM": null, "V_VELOBOUC": "Non", "LONGUEUR": 72.000983793486313 }, "geometry": { "type": "MultiLineString", "coordinates": [ [ [ -8080989.727871593087912, 5839331.94802666362375 ], [ -8080941.777991918846965, 5839279.604874974116683 ], [ -8080925.918554741889238, 5839260.528340448625386 ], [ -8080920.650110662914813, 5839253.784991052933037 ] ] ] } },
{ "type": "Feature", "properties": { "OBJECTID": 7903, "TYPE": "Chaussée désignée", "NOM": null, "V_VELOBOUC": "Non", "LONGUEUR": 66.217750876053813 }, "geometry": { "type": "MultiLineString", "coordinates": [ [ [ -8081125.695489723235369, 5839476.973970608785748 ], [ -8081059.202899155206978, 5839407.787519094534218 ] ] ] } },
{ "type": "Feature", "properties": { "OBJECTID": 7904, "TYPE": "Bande cyclable (marquage)", "NOM": null, "V_VELOBOUC": "Non", "LONGUEUR": 44.332081199257225 }, "geometry": { "type": "MultiLineString", "coordinates": [ [ [ -8079449.929573663510382, 5838081.741069098003209 ], [ -8079396.696062690578401, 5838068.246360318735242 ], [ -8079388.420187163166702, 5838064.169864072464406 ] ] ] } },
{ "type": "Feature", "properties": { "OBJECTID": 7905, "TYPE": "Bande cyclable (marquage)", "NOM": null, "V_VELOBOUC": "Non", "LONGUEUR": 84.103355263843369 }, "geometry": { "type": "MultiLineString", "coordinates": [ [ [ -8077918.596216814592481, 5836771.557097672484815 ], [ -8077833.254348933696747, 5836858.510486466810107 ] ] ] } },
{ "type": "Feature", "properties": { "OBJECTID": 7906, "TYPE": "Bande cyclable (marquage)", "NOM": null, "V_VELOBOUC": "Non", "LONGUEUR": 83.601602081449371 }, "geometry": { "type": "MultiLineString", "coordinates": [ [ [ -8077833.254348933696747, 5836858.510486466810107 ], [ -8077748.419944415800273, 5836944.94510682951659 ] ] ] } },
{ "type": "Feature", "properties": { "OBJECTID": 7907, "TYPE": "Bande cyclable (marquage)", "NOM": null, "V_VELOBOUC": "Non", "LONGUEUR": 44.652399859947025 }, "geometry": { "type": "MultiLineString", "coordinates": [ [ [ -8077748.419944415800273, 5836944.94510682951659 ], [ -8077728.695346800610423, 5836965.041539372876287 ], [ -8077701.176709353923798, 5836989.048915774561465 ] ] ] } },
{ "type": "Feature", "properties": { "OBJECTID": 7908, "TYPE": "Bande cyclable (marquage)", "NOM": null, "V_VELOBOUC": "Non", "LONGUEUR": 35.611875893109726 }, "geometry": { "type": "MultiLineString", "coordinates": [ [ [ -8077701.176709353923798, 5836989.048915774561465 ], [ -8077662.310574437491596, 5837022.955649783834815 ] ] ] } },
{ "type": "Feature", "properties": { "OBJECTID": 7909, "TYPE": "Bande cyclable (marquage)", "NOM": null, "V_VELOBOUC": "Non", "LONGUEUR": 122.26648000981554 }, "geometry": { "type": "MultiLineString", "coordinates": [ [ [ -8077498.393743907101452, 5837141.349908049218357 ], [ -8077342.595402547158301, 5837225.280735654756427 ] ] ] } },
{ "type": "Feature", "properties": { "OBJECTID": 7910, "TYPE": "Chaussée désignée", "NOM": null, "V_VELOBOUC": "Non", "LONGUEUR": 149.84078850786506 }, "geometry": { "type": "MultiLineString", "coordinates": [ [ [ -8080962.56773394625634, 5839688.147549076937139 ], [ -8080963.069573623128235, 5839752.226184979081154 ], [ -8080961.552066972479224, 5839767.76275097951293 ], [ -8080958.516836175695062, 5839782.129669733345509 ], [ -8080953.7370774904266, 5839798.396763765253127 ], [ -8080947.056494272314012, 5839813.48979779984802 ], [ -8080938.644816025160253, 5839829.331230998970568 ], [ -8080924.856690497137606, 5839846.6468340838328 ], [ -8080907.828050506301224, 5839862.773220576345921 ], [ -8080887.876654756255448, 5839879.412356441840529 ] ] ] } },
{ "type": "Feature", "properties": { "OBJECTID": 7911, "TYPE": "Bande cyclable (marquage)", "NOM": null, "V_VELOBOUC": "Non", "LONGUEUR": 203.66888109405491 }, "geometry": { "type": "MultiLineString", "coordinates": [ [ [ -8080539.582235464826226, 5838717.059987211599946 ], [ -8080552.049689499661326, 5838756.894067920744419 ], [ -8080559.851315582171082, 5838777.5283725829795 ], [ -8080571.392104068771005, 5838805.886053416877985 ], [ -8080647.416374440304935, 5838991.993372723460197 ] ] ] } },
{ "type": "Feature", "properties": { "OBJECTID": 7912, "TYPE": "Bande cyclable (marquage)", "NOM": null, "V_VELOBOUC": "Non", "LONGUEUR": 215.17500011863635 }, "geometry": { "type": "MultiLineString", "coordinates": [ [ [ -8080032.621514447033405, 5838149.165132003836334 ], [ -8080076.372929714620113, 5838149.289802800863981 ], [ -8080088.612676301971078, 5838150.007641852833331 ], [ -8080102.750405331142247, 5838152.091483283787966 ], [ -8080118.403547067195177, 5838155.536882637068629 ], [ -8080134.032230986282229, 5838161.093839626759291 ], [ -8080151.363288570195436, 5838168.39837356749922 ], [ -8080164.488985539413989, 5838175.270134124904871 ], [ -8080180.262676912359893, 5838184.860446552745998 ], [ -8080192.39860257320106, 5838194.600590794347227 ], [ -8080203.573468126356602, 5838204.71359807997942 ], [ -8080287.638128619641066, 5838298.477037088945508 ] ] ] } },
{ "type": "Feature", "properties": { "OBJECTID": 7913, "TYPE": "Bande cyclable (marquage)", "NOM": null, "V_VELOBOUC": "Non", "LONGUEUR": 263.80872317806882 }, "geometry": { "type": "MultiLineString", "coordinates": [ [ [ -8080287.638128619641066, 5838298.477037088945508 ], [ -8080293.325592465698719, 5838304.820603605359793 ], [ -8080340.512752819806337, 5838362.004692122340202 ], [ -8080437.264554359950125, 5838469.488988886587322 ], [ -8080452.730853517539799, 5838489.251281736418605 ], [ -8080465.135605339892209, 5838508.978354909457266 ], [ -8080477.144447581842542, 5838529.852934114634991 ], [ -8080485.537299742922187, 5838548.957679021172225 ], [ -8080494.633963628672063, 5838573.446433913893998 ], [ -8080505.289930339902639, 5838607.493385013192892 ] ] ] } },
{ "type": "Feature", "properties": { "OBJECTID": 7914, "TYPE": "Bande cyclable (marquage)", "NOM": null, "V_VELOBOUC": "Non", "LONGUEUR": 79.132647548088528 }, "geometry": { "type": "MultiLineString", "coordinates": [ [ [ -8080505.289930339902639, 5838607.493385013192892 ], [ -8080539.582235464826226, 5838717.059987211599946 ] ] ] } },
{ "type": "Feature", "properties": { "OBJECTID": 7915, "TYPE": "Bande cyclable (marquage)", "NOM": null, "V_VELOBOUC": "Non", "LONGUEUR": 138.04706808055201 }, "geometry": { "type": "MultiLineString", "coordinates": [ [ [ -8080647.416374440304935, 5838991.993372723460197 ], [ -8080663.358089354820549, 5839031.018159886822104 ], [ -8080722.939560734666884, 5839177.464057593606412 ] ] ] } },
{ "type": "Feature", "properties": { "OBJECTID": 7916, "TYPE": "Chaussée désignée", "NOM": null, "V_VELOBOUC": "Non", "LONGUEUR": 156.69020060869511 }, "geometry": { "type": "MultiLineString", "coordinates": [ [ [ -8079057.284621309489012, 5837853.752359961159527 ], [ -8079112.843597977422178, 5837898.844154912047088 ], [ -8079131.774744866415858, 5837916.536418134346604 ], [ -8079146.131578083150089, 5837932.63915778696537 ], [ -8079160.45944126136601, 5837951.237375457771122 ], [ -8079173.623597972095013, 5837971.165969186462462 ], [ -8079186.002442701719701, 5837992.813231133855879 ], [ -8079195.702340142801404, 5838014.429182752035558 ], [ -8079200.555798586457968, 5838025.450075064785779 ] ] ] } },
{ "type": "Feature", "properties": { "OBJECTID": 7917, "TYPE": "Bande cyclable (marquage)", "NOM": null, "V_VELOBOUC": "Non", "LONGUEUR": 19.26739820243569 }, "geometry": { "type": "MultiLineString", "coordinates": [ [ [ -8078961.618724452331662, 5837787.413980962708592 ], [ -8078965.622645405121148, 5837788.840804162435234 ], [ -8078986.740740580484271, 5837799.455338321626186 ] ] ] } },
{ "type": "Feature", "properties": { "OBJECTID": 7918, "TYPE": "Bande cyclable (marquage)", "NOM": null, "V_VELOBOUC": "Non", "LONGUEUR": 69.382804206855297 }, "geometry": { "type": "MultiLineString", "coordinates": [ [ [ -8078864.707647661678493, 5837761.547383536584675 ], [ -8078943.896988905966282, 5837781.09871026687324 ], [ -8078961.618724452331662, 5837787.413980962708592 ] ] ] } },
{ "type": "Feature", "properties": { "OBJECTID": 7920, "TYPE": "Bande cyclable (marquage)", "NOM": null, "V_VELOBOUC": "Non", "LONGUEUR": 232.17261133504039 }, "geometry": { "type": "MultiLineString", "coordinates": [ [ [ -8078522.240746721625328, 5837439.535380404442549 ], [ -8078672.860064780339599, 5837606.18980951141566 ], [ -8078676.261435654945672, 5837609.877459975890815 ], [ -8078759.388157532550395, 5837676.782356303185225 ] ] ] } },
{ "type": "Feature", "properties": { "OBJECTID": 7921, "TYPE": "Bande cyclable (marquage)", "NOM": null, "V_VELOBOUC": "Non", "LONGUEUR": 227.28586351730334 }, "geometry": { "type": "MultiLineString", "coordinates": [ [ [ -8078301.432131299749017, 5837195.208933339454234 ], [ -8078522.240746721625328, 5837439.535380404442549 ] ] ] } },
{ "type": "Feature", "properties": { "OBJECTID": 7922, "TYPE": "Bande cyclable (marquage)", "NOM": null, "V_VELOBOUC": "Non", "LONGUEUR": 195.38032502262251 }, "geometry": { "type": "MultiLineString", "coordinates": [ [ [ -8078111.629554343409836, 5836985.181141894310713 ], [ -8078301.432131299749017, 5837195.208933339454234 ] ] ] } },
{ "type": "Feature", "properties": { "OBJECTID": 7923, "TYPE": "Bande cyclable (marquage)", "NOM": null, "V_VELOBOUC": "Non", "LONGUEUR": 198.72166186360542 }, "geometry": { "type": "MultiLineString", "coordinates": [ [ [ -8077918.590259157121181, 5836771.562504746951163 ], [ -8078111.629554343409836, 5836985.181141894310713 ] ] ] } },
{ "type": "Feature", "properties": { "OBJECTID": 7925, "TYPE": "Bande cyclable (marquage)", "NOM": null, "V_VELOBOUC": "Non", "LONGUEUR": 61.243321934761326 }, "geometry": { "type": "MultiLineString", "coordinates": [ [ [ -8077823.898667491972446, 5836055.852416543290019 ], [ -8077824.965797521173954, 5836082.699602982960641 ], [ -8077806.702745199203491, 5836125.785824962891638 ], [ -8077801.692040733993053, 5836140.092936637811363 ] ] ] } },
{ "type": "Feature", "properties": { "OBJECTID": 7926, "TYPE": "Chaussée désignée", "NOM": null, "V_VELOBOUC": "Non", "LONGUEUR": 188.46099691313415 }, "geometry": { "type": "MultiLineString", "coordinates": [ [ [ -8080722.939560734666884, 5839177.464057593606412 ], [ -8080792.550773242488503, 5839348.558651331812143 ], [ -8080799.85841937083751, 5839362.27588002756238 ], [ -8080808.131671397946775, 5839375.236282058060169 ], [ -8080817.37067783344537, 5839387.439707947894931 ], [ -8080836.062124999240041, 5839409.928756999783218 ], [ -8080845.063759289681911, 5839419.522933002561331 ] ] ] } },
{ "type": "Feature", "properties": { "OBJECTID": 7927, "TYPE": "Chaussée désignée", "NOM": null, "V_VELOBOUC": "Non", "LONGUEUR": 211.47506162604034 }, "geometry": { "type": "MultiLineString", "coordinates": [ [ [ -8080845.063759289681911, 5839419.522933002561331 ], [ -8080915.105017370544374, 5839494.174165155738592 ], [ -8080922.639481768943369, 5839504.821932718157768 ], [ -8080929.597597952000797, 5839515.654960840009153 ], [ -8080935.981555715203285, 5839526.48153639677912 ], [ -8080942.526343039236963, 5839539.998113091103733 ], [ -8080949.220702836290002, 5839557.164874981157482 ], [ -8080954.386144450865686, 5839574.122047050856054 ], [ -8080958.77082084864378, 5839592.414347353391349 ], [ -8080960.839193904772401, 5839612.408334224484861 ], [ -8080962.135565091855824, 5839632.969439981505275 ], [ -8080962.56773394625634, 5839688.147549076937139 ] ] ] } },
{ "type": "Feature", "properties": { "OBJECTID": 7928, "TYPE": "Chaussée désignée", "NOM": null, "V_VELOBOUC": "Non", "LONGUEUR": 83.868978296257325 }, "geometry": { "type": "MultiLineString", "coordinates": [ [ [ -8080887.876654756255448, 5839879.412356441840529 ], [ -8080887.262267121113837, 5839879.924753210507333 ], [ -8080967.692460334859788, 5839969.999499410390854 ] ] ] } },
{ "type": "Feature", "properties": { "OBJECTID": 7929, "TYPE": "Chaussée désignée", "NOM": null, "V_VELOBOUC": "Non", "LONGUEUR": 123.05173147486408 }, "geometry": { "type": "MultiLineString", "coordinates": [ [ [ -8079857.011552269570529, 5838169.300706231035292 ], [ -8079870.659877743571997, 5838164.563913809135556 ], [ -8079886.599487259984016, 5838159.757442249916494 ], [ -8079905.404917958192527, 5838155.36824837885797 ], [ -8079927.452242258004844, 5838151.976685265079141 ], [ -8079952.167382924817502, 5838149.575914413668215 ], [ -8079966.718810019083321, 5838148.976911363191903 ], [ -8080032.621514447033405, 5838149.165132003836334 ] ] ] } },
{ "type": "Feature", "properties": { "OBJECTID": 7930, "TYPE": "Chaussée désignée", "NOM": null, "V_VELOBOUC": "Non", "LONGUEUR": 67.179870193055066 }, "geometry": { "type": "MultiLineString", "coordinates": [ [ [ -8079772.485258451662958, 5838216.281590858474374 ], [ -8079778.255119760520756, 5838211.678843407891691 ], [ -8079793.306982441805303, 5838200.910411139950156 ], [ -8079804.683142110705376, 5838193.555245839059353 ], [ -8079817.594470478594303, 5838185.833777789026499 ], [ -8079829.139918225817382, 5838180.400287906639278 ], [ -8079842.988052253611386, 5838174.417701193131506 ], [ -8079855.67247804440558, 5838169.765432142652571 ], [ -8079857.011552269570529, 5838169.300706231035292 ] ] ] } },
{ "type": "Feature", "properties": { "OBJECTID": 7931, "TYPE": "Chaussée désignée", "NOM": null, "V_VELOBOUC": "Non", "LONGUEUR": 95.41466544515869 }, "geometry": { "type": "MultiLineString", "coordinates": [ [ [ -8079667.673256106674671, 5838306.343031735159457 ], [ -8079701.896599591709673, 5838277.795084193348885 ], [ -8079764.733977235853672, 5838222.464929856359959 ], [ -8079772.485258451662958, 5838216.281590858474374 ] ] ] } },
{ "type": "Feature", "properties": { "OBJECTID": 7932, "TYPE": "Chaussée désignée", "NOM": null, "V_VELOBOUC": "Non", "LONGUEUR": 30.159185243574633 }, "geometry": { "type": "MultiLineString", "coordinates": [ [ [ -8079634.128063128329813, 5838334.325073748826981 ], [ -8079667.673256106674671, 5838306.343031735159457 ] ] ] } },
{ "type": "Feature", "properties": { "OBJECTID": 7933, "TYPE": "Chaussée désignée", "NOM": null, "V_VELOBOUC": "Non", "LONGUEUR": 35.138210196398262 }, "geometry": { "type": "MultiLineString", "coordinates": [ [ [ -8079594.407657006755471, 5838366.103839192539454 ], [ -8079607.013526019640267, 5838356.942775153554976 ], [ -8079634.128063128329813, 5838334.325073748826981 ] ] ] } },
{ "type": "Feature", "properties": { "OBJECTID": 7934, "TYPE": "Chaussée désignée", "NOM": null, "V_VELOBOUC": "Non", "LONGUEUR": 52.978058875993533 }, "geometry": { "type": "MultiLineString", "coordinates": [ [ [ -8079524.447143975645304, 5838396.159380710683763 ], [ -8079533.665153628215194, 5838394.294475302100182 ], [ -8079552.299902901984751, 5838388.176020430400968 ], [ -8079570.576502840034664, 5838379.941289254464209 ], [ -8079588.292167079634964, 5838370.548099824227393 ], [ -8079594.407657006755471, 5838366.103839192539454 ] ] ] } },
{ "type": "Feature", "properties": { "OBJECTID": 7935, "TYPE": "Chaussée désignée", "NOM": null, "V_VELOBOUC": "Non", "LONGUEUR": 28.013532997254007 }, "geometry": { "type": "MultiLineString", "coordinates": [ [ [ -8079484.484025397337973, 5838402.753063708543777 ], [ -8079505.849831290543079, 5838399.921786583960056 ], [ -8079524.447143975645304, 5838396.159380710683763 ] ] ] } },
{ "type": "Feature", "properties": { "OBJECTID": 7936, "TYPE": "Chaussée désignée", "NOM": null, "V_VELOBOUC": "Non", "LONGUEUR": 63.590381290020503 }, "geometry": { "type": "MultiLineString", "coordinates": [ [ [ -8079399.862423980608582, 5838374.675885856151581 ], [ -8079417.762336526997387, 5838387.950089097954333 ], [ -8079431.072460999712348, 5838395.401287725195289 ], [ -8079446.322987943887711, 5838400.57119073625654 ], [ -8079462.370019633322954, 5838403.062420899048448 ], [ -8079480.54865404125303, 5838403.274563658051193 ], [ -8079484.484025397337973, 5838402.753063708543777 ] ] ] } },
{ "type": "Feature", "properties": { "OBJECTID": 7937, "TYPE": "Chaussée désignée", "NOM": null, "V_VELOBOUC": "Non", "LONGUEUR": 113.01464423603686 }, "geometry": { "type": "MultiLineString", "coordinates": [ [ [ -8079299.949341955594718, 5838249.779323858208954 ], [ -8079321.399625785648823, 5838297.547563390806317 ], [ -8079328.897718071006238, 5838311.074619933962822 ], [ -8079336.618256840854883, 5838321.916369086131454 ], [ -8079347.006775738671422, 5838333.749322320334613 ], [ -8079356.474151172675192, 5838342.49972506146878 ], [ -8079399.862423980608582, 5838374.675885856151581 ] ] ] } },
{ "type": "Feature", "properties": { "OBJECTID": 7938, "TYPE": "Chaussée désignée", "NOM": null, "V_VELOBOUC": "Non", "LONGUEUR": 169.17099203557373 }, "geometry": { "type": "MultiLineString", "coordinates": [ [ [ -8079200.555798586457968, 5838025.450075064785779 ], [ -8079268.792126406915486, 5838180.393947089090943 ], [ -8079299.949341955594718, 5838249.779323858208954 ] ] ] } },
{ "type": "Feature", "properties": { "OBJECTID": 7939, "TYPE": "Chaussée désignée", "NOM": null, "V_VELOBOUC": "Non", "LONGUEUR": 61.509622636300257 }, "geometry": { "type": "MultiLineString", "coordinates": [ [ [ -8078986.740740580484271, 5837799.455338321626186 ], [ -8079011.798765426501632, 5837816.835507095791399 ], [ -8079057.284621309489012, 5837853.752359961159527 ] ] ] } },
{ "type": "Feature", "properties": { "OBJECTID": 7941, "TYPE": "Bande cyclable (marquage)", "NOM": null, "V_VELOBOUC": "Non", "LONGUEUR": 317.92387766259236 }, "geometry": { "type": "MultiLineString", "coordinates": [ [ [ -8076636.374267741106451, 5840280.166380912996829 ], [ -8076630.9090476045385, 5840285.266425614245236 ], [ -8076296.939045739360154, 5840591.61681229993701 ] ] ] } },
{ "type": "Feature", "properties": { "OBJECTID": 7956, "TYPE": "Bande cyclable (marquage)", "NOM": null, "V_VELOBOUC": "Non", "LONGUEUR": 82.040826999840533 }, "geometry": { "type": "MultiLineString", "coordinates": [ [ [ -8071910.699443276971579, 5843287.703020042739809 ], [ -8071916.147944868542254, 5843278.110874250531197 ], [ -8071970.042774158529937, 5843184.525840135291219 ] ] ] } },
{ "type": "Feature", "properties": { "OBJECTID": 7957, "TYPE": "Bande cyclable (marquage)", "NOM": null, "V_VELOBOUC": "Non", "LONGUEUR": 80.158140587322606 }, "geometry": { "type": "MultiLineString", "coordinates": [ [ [ -8071954.164887411519885, 5843173.367651776410639 ], [ -8071914.455373574048281, 5843241.821205698885024 ], [ -8071895.538694300688803, 5843273.800093184225261 ] ] ] } },
{ "type": "Feature", "properties": { "OBJECTID": 7958, "TYPE": "Bande cyclable (marquage)", "NOM": null, "V_VELOBOUC": "Non", "LONGUEUR": 92.646463438108839 }, "geometry": { "type": "MultiLineString", "coordinates": [ [ [ -8071709.642124966718256, 5843592.749054135754704 ], [ -8071720.918198538012803, 5843578.108769259415567 ], [ -8071786.833944804035127, 5843482.774657622911036 ] ] ] } },
{ "type": "Feature", "properties": { "OBJECTID": 7959, "TYPE": "Bande cyclable (marquage)", "NOM": null, "V_VELOBOUC": "Non", "LONGUEUR": 93.133683553693913 }, "geometry": { "type": "MultiLineString", "coordinates": [ [ [ -8071771.179632249288261, 5843470.891963738016784 ], [ -8071747.868979023769498, 5843505.543697498738766 ], [ -8071695.736252188682556, 5843582.960791544057429 ] ] ] } },
{ "type": "Feature", "properties": { "OBJECTID": 7960, "TYPE": "Bande cyclable (marquage)", "NOM": null, "V_VELOBOUC": "Non", "LONGUEUR": 79.54928938917368 }, "geometry": { "type": "MultiLineString", "coordinates": [ [ [ -8071835.586420804262161, 5843375.149005099199712 ], [ -8071771.179632249288261, 5843470.891963738016784 ] ] ] } },
{ "type": "Feature", "properties": { "OBJECTID": 7961, "TYPE": "Bande cyclable (marquage)", "NOM": null, "V_VELOBOUC": "Non", "LONGUEUR": 77.785662773761146 }, "geometry": { "type": "MultiLineString", "coordinates": [ [ [ -8071786.833944804035127, 5843482.774657622911036 ], [ -8071843.53950220067054, 5843400.759969471022487 ], [ -8071850.431015515699983, 5843389.594693721272051 ] ] ] } },
{ "type": "Feature", "properties": { "OBJECTID": 7962, "TYPE": "Bande cyclable (marquage)", "NOM": null, "V_VELOBOUC": "Non", "LONGUEUR": 81.165631258040804 }, "geometry": { "type": "MultiLineString", "coordinates": [ [ [ -8071895.538694300688803, 5843273.800093184225261 ], [ -8071835.586420804262161, 5843375.149005099199712 ] ] ] } },
{ "type": "Feature", "properties": { "OBJECTID": 7963, "TYPE": "Bande cyclable (marquage)", "NOM": null, "V_VELOBOUC": "Non", "LONGUEUR": 81.611991647472749 }, "geometry": { "type": "MultiLineString", "coordinates": [ [ [ -8071850.431015515699983, 5843389.594693721272051 ], [ -8071880.437481924891472, 5843340.979528155177832 ], [ -8071910.699443276971579, 5843287.703020042739809 ] ] ] } },
{ "type": "Feature", "properties": { "OBJECTID": 7964, "TYPE": "Bande cyclable (marquage)", "NOM": null, "V_VELOBOUC": "Non", "LONGUEUR": 79.410211128344898 }, "geometry": { "type": "MultiLineString", "coordinates": [ [ [ -8072010.278898189775646, 5843072.753111746162176 ], [ -8071972.691297175362706, 5843141.430539611726999 ], [ -8071954.164887411519885, 5843173.367651776410639 ] ] ] } },
{ "type": "Feature", "properties": { "OBJECTID": 7965, "TYPE": "Bande cyclable (marquage)", "NOM": null, "V_VELOBOUC": "Non", "LONGUEUR": 81.518600740760647 }, "geometry": { "type": "MultiLineString", "coordinates": [ [ [ -8071970.042774158529937, 5843184.525840135291219 ], [ -8071975.019724735990167, 5843175.8836171021685 ], [ -8072020.128889540210366, 5843096.228929366916418 ], [ -8072027.668059744872153, 5843081.263035049661994 ] ] ] } },
{ "type": "Feature", "properties": { "OBJECTID": 7966, "TYPE": "Chaussée désignée", "NOM": null, "V_VELOBOUC": "Non", "LONGUEUR": 150.17479193688226 }, "geometry": { "type": "MultiLineString", "coordinates": [ [ [ -8079485.155257831327617, 5838401.674963927827775 ], [ -8079485.277503550983965, 5838402.647923916578293 ], [ -8079486.764129372313619, 5838426.988584369421005 ], [ -8079515.670697183348238, 5838617.361476819030941 ] ] ] } },
{ "type": "Feature", "properties": { "OBJECTID": 8686, "TYPE": "Bande cyclable (marquage)", "NOM": "Route Verte 5 (est-ouest)", "V_VELOBOUC": "Oui", "LONGUEUR": 52.671661536500118 }, "geometry": { "type": "MultiLineString", "coordinates": [ [ [ -8080186.300179415382445, 5829820.070315514691174 ], [ -8080124.1681037414819, 5829864.185291891917586 ] ] ] } },
{ "type": "Feature", "properties": { "OBJECTID": 8687, "TYPE": "Bande cyclable (marquage)", "NOM": "Route Verte 5 (est-ouest)", "V_VELOBOUC": "Oui", "LONGUEUR": 18.938315078581436 }, "geometry": { "type": "MultiLineString", "coordinates": [ [ [ -8080208.639872360043228, 5829804.208533074706793 ], [ -8080186.300179415382445, 5829820.070315514691174 ] ] ] } },
{ "type": "Feature", "properties": { "OBJECTID": 8688, "TYPE": "Bande cyclable (marquage)", "NOM": null, "V_VELOBOUC": "Non", "LONGUEUR": 44.217010412919706 }, "geometry": { "type": "MultiLineString", "coordinates": [ [ [ -8082985.781886205077171, 5840323.241922102868557 ], [ -8083031.241702208295465, 5840368.402080643922091 ] ] ] } },
{ "type": "Feature", "properties": { "OBJECTID": 8689, "TYPE": "Bande cyclable (marquage)", "NOM": null, "V_VELOBOUC": "Non", "LONGUEUR": 43.722253982969015 }, "geometry": { "type": "MultiLineString", "coordinates": [ [ [ -8083047.714755862951279, 5840351.65933526866138 ], [ -8083002.76360481325537, 5840307.004649832844734 ] ] ] } },
{ "type": "Feature", "properties": { "OBJECTID": 8690, "TYPE": "Bande cyclable (marquage)", "NOM": null, "V_VELOBOUC": "Non", "LONGUEUR": 29.658118968526139 }, "geometry": { "type": "MultiLineString", "coordinates": [ [ [ -8083031.241702208295465, 5840368.402080643922091 ], [ -8083061.733696857467294, 5840398.692789987660944 ] ] ] } },
{ "type": "Feature", "properties": { "OBJECTID": 8691, "TYPE": "Bande cyclable (marquage)", "NOM": null, "V_VELOBOUC": "Non", "LONGUEUR": 30.686103127515228 }, "geometry": { "type": "MultiLineString", "coordinates": [ [ [ -8083079.263630132190883, 5840382.999848254956305 ], [ -8083047.714755862951279, 5840351.65933526866138 ] ] ] } },
{ "type": "Feature", "properties": { "OBJECTID": 8693, "TYPE": "Bande cyclable (marquage)", "NOM": "Route Verte 5 (est-ouest)", "V_VELOBOUC": "Oui", "LONGUEUR": 174.22259235939021 }, "geometry": { "type": "MultiLineString", "coordinates": [ [ [ -8082431.503975983709097, 5831791.490204689092934 ], [ -8082248.29674084763974, 5831618.149546135216951 ] ] ] } },
{ "type": "Feature", "properties": { "OBJECTID": 8694, "TYPE": "Bande cyclable (marquage)", "NOM": "Route Verte 5 (est-ouest)", "V_VELOBOUC": "Oui", "LONGUEUR": 53.331795918628593 }, "geometry": { "type": "MultiLineString", "coordinates": [ [ [ -8082487.587507856078446, 5831844.551972266286612 ], [ -8082431.503975983709097, 5831791.490204689092934 ] ] ] } },
{ "type": "Feature", "properties": { "OBJECTID": 8695, "TYPE": "Bande cyclable (marquage)", "NOM": "Route Verte 5 (est-ouest)", "V_VELOBOUC": "Oui", "LONGUEUR": 134.12615102697833 }, "geometry": { "type": "MultiLineString", "coordinates": [ [ [ -8079388.296596480533481, 5830450.027621198445559 ], [ -8079345.128787476569414, 5830483.680695056915283 ], [ -8079327.463756592944264, 5830496.177219449542463 ], [ -8079232.084237686358392, 5830565.128269931301475 ] ] ] } },
{ "type": "Feature", "properties": { "OBJECTID": 8696, "TYPE": "Bande cyclable (marquage)", "NOM": "Route Verte 5 (est-ouest)", "V_VELOBOUC": "Oui", "LONGUEUR": 94.781266403354465 }, "geometry": { "type": "MultiLineString", "coordinates": [ [ [ -8079494.676858666352928, 5830363.482098611071706 ], [ -8079476.543828954920173, 5830379.236168785952032 ], [ -8079430.642473504878581, 5830416.492692056111991 ], [ -8079411.158889788202941, 5830432.204323356039822 ], [ -8079388.296596480533481, 5830450.027621198445559 ] ] ] } },
{ "type": "Feature", "properties": { "OBJECTID": 8697, "TYPE": "Bande cyclable (marquage)", "NOM": null, "V_VELOBOUC": "Non", "LONGUEUR": 162.27324036455457 }, "geometry": { "type": "MultiLineString", "coordinates": [ [ [ -8082099.815747571177781, 5833231.401917648501694 ], [ -8082259.730446998029947, 5833059.20048441644758 ] ] ] } },
{ "type": "Feature", "properties": { "OBJECTID": 8698, "TYPE": "Bande cyclable (marquage)", "NOM": null, "V_VELOBOUC": "Non", "LONGUEUR": 74.378146348894091 }, "geometry": { "type": "MultiLineString", "coordinates": [ [ [ -8082018.957116271369159, 5833302.355744804255664 ], [ -8082044.219525459222496, 5833278.893032938241959 ], [ -8082086.32557100430131, 5833244.912337863817811 ], [ -8082097.392716618254781, 5833234.011049118824303 ], [ -8082099.815747571177781, 5833231.401917648501694 ] ] ] } },
{ "type": "Feature", "properties": { "OBJECTID": 8699, "TYPE": "Bande cyclable (marquage)", "NOM": null, "V_VELOBOUC": "Non", "LONGUEUR": 170.34146344065059 }, "geometry": { "type": "MultiLineString", "coordinates": [ [ [ -8081658.25203522015363, 5838944.602137644775212 ], [ -8081831.500528714619577, 5838768.801226415671408 ] ] ] } },
{ "type": "Feature", "properties": { "OBJECTID": 8700, "TYPE": "Bande cyclable (marquage)", "NOM": null, "V_VELOBOUC": "Non", "LONGUEUR": 76.923319636152115 }, "geometry": { "type": "MultiLineString", "coordinates": [ [ [ -8081546.832002596929669, 5839057.659996530972421 ], [ -8081625.07093364931643, 5838978.271280212327838 ] ] ] } },
{ "type": "Feature", "properties": { "OBJECTID": 8701, "TYPE": "Bande cyclable (marquage)", "NOM": null, "V_VELOBOUC": "Non", "LONGUEUR": 32.623561625323035 }, "geometry": { "type": "MultiLineString", "coordinates": [ [ [ -8081625.07093364931643, 5838978.271280212327838 ], [ -8081658.25203522015363, 5838944.602137644775212 ] ] ] } },
{ "type": "Feature", "properties": { "OBJECTID": 8702, "TYPE": "Bande cyclable (marquage)", "NOM": null, "V_VELOBOUC": "Non", "LONGUEUR": 104.05642152372873 }, "geometry": { "type": "MultiLineString", "coordinates": [ [ [ -8083676.97796302754432, 5837838.937512364238501 ], [ -8083761.645174340344965, 5837920.783671345561743 ], [ -8083785.180274314247072, 5837943.90071377530694 ] ] ] } },
{ "type": "Feature", "properties": { "OBJECTID": 8703, "TYPE": "Bande cyclable (marquage)", "NOM": null, "V_VELOBOUC": "Non", "LONGUEUR": 89.34133234395479 }, "geometry": { "type": "MultiLineString", "coordinates": [ [ [ -8083785.180274314247072, 5837943.90071377530694 ], [ -8083862.397267469204962, 5838019.745235250331461 ], [ -8083877.71635424066335, 5838034.398444072343409 ] ] ] } },
{ "type": "Feature", "properties": { "OBJECTID": 8706, "TYPE": "Bande cyclable (marquage)", "NOM": null, "V_VELOBOUC": "Non", "LONGUEUR": 76.693503772655021 }, "geometry": { "type": "MultiLineString", "coordinates": [ [ [ -8080834.706010614521801, 5838126.535419964231551 ], [ -8080754.628466689959168, 5838203.56040901876986 ] ] ] } },
{ "type": "Feature", "properties": { "OBJECTID": 8707, "TYPE": "Bande cyclable (marquage)", "NOM": null, "V_VELOBOUC": "Non", "LONGUEUR": 59.969401225880397 }, "geometry": { "type": "MultiLineString", "coordinates": [ [ [ -8081055.732957400381565, 5837913.926772155798972 ], [ -8080993.120561439543962, 5837974.155525689013302 ] ] ] } },
{ "type": "Feature", "properties": { "OBJECTID": 8708, "TYPE": "Bande cyclable (marquage)", "NOM": null, "V_VELOBOUC": "Non", "LONGUEUR": 85.263832035543302 }, "geometry": { "type": "MultiLineString", "coordinates": [ [ [ -8080993.120561439543962, 5837974.155525689013302 ], [ -8080977.975425717420876, 5837980.401227151975036 ], [ -8080912.043552204035223, 5838043.887734735384583 ], [ -8080905.766421295702457, 5838058.18269609939307 ] ] ] } },
{ "type": "Feature", "properties": { "OBJECTID": 8709, "TYPE": "Bande cyclable (marquage)", "NOM": null, "V_VELOBOUC": "Non", "LONGUEUR": 68.058523511432782 }, "geometry": { "type": "MultiLineString", "coordinates": [ [ [ -8080905.766421295702457, 5838058.18269609939307 ], [ -8080834.706010614521801, 5838126.535419964231551 ] ] ] } },
{ "type": "Feature", "properties": { "OBJECTID": 8710, "TYPE": "Bande cyclable (marquage)", "NOM": null, "V_VELOBOUC": "Non", "LONGUEUR": 84.928184610806994 }, "geometry": { "type": "MultiLineString", "coordinates": [ [ [ -8080905.766421295702457, 5838058.18269609939307 ], [ -8080919.684360469691455, 5838051.818311781622469 ], [ -8080986.562068897299469, 5837987.871205658651888 ], [ -8080993.120561439543962, 5837974.155525689013302 ] ] ] } },
{ "type": "Feature", "properties": { "OBJECTID": 8713, "TYPE": "Bande cyclable (marquage)", "NOM": null, "V_VELOBOUC": "Non", "LONGUEUR": 60.29589722096317 }, "geometry": { "type": "MultiLineString", "coordinates": [ [ [ -8077502.166144276037812, 5837537.154723874293268 ], [ -8077509.734357554465532, 5837551.18725558463484 ], [ -8077524.996258025057614, 5837581.086747743189335 ], [ -8077537.492137067019939, 5837611.874919628724456 ], [ -8077538.946443542838097, 5837616.346786038950086 ] ] ] } },
{ "type": "Feature", "properties": { "OBJECTID": 8714, "TYPE": "Bande cyclable (marquage)", "NOM": null, "V_VELOBOUC": "Non", "LONGUEUR": 102.0015994021759 }, "geometry": { "type": "MultiLineString", "coordinates": [ [ [ -8077553.413943849503994, 5837667.38721654843539 ], [ -8077555.121796172112226, 5837674.631040558218956 ], [ -8077563.015420294366777, 5837715.962055363692343 ], [ -8077568.116196035407484, 5837752.687722008675337 ], [ -8077554.164582153782248, 5837812.477493393234909 ] ] ] } },
{ "type": "Feature", "properties": { "OBJECTID": 8715, "TYPE": "Bande cyclable (marquage)", "NOM": null, "V_VELOBOUC": "Non", "LONGUEUR": 36.600229628622827 }, "geometry": { "type": "MultiLineString", "coordinates": [ [ [ -8077538.946443542838097, 5837616.346786038950086 ], [ -8077547.795980145223439, 5837643.558579579927027 ], [ -8077553.413943849503994, 5837667.38721654843539 ] ] ] } },
{ "type": "Feature", "properties": { "OBJECTID": 8716, "TYPE": "Bande cyclable (marquage)", "NOM": null, "V_VELOBOUC": "Non", "LONGUEUR": 43.312024818728169 }, "geometry": { "type": "MultiLineString", "coordinates": [ [ [ -8077472.354339473880827, 5837481.87912171985954 ], [ -8077502.166144276037812, 5837537.154723874293268 ] ] ] } },
{ "type": "Feature", "properties": { "OBJECTID": 8717, "TYPE": "Bande cyclable (marquage)", "NOM": "Route Verte 4 (nord-sud)", "V_VELOBOUC": "Oui", "LONGUEUR": 246.16846155846849 }, "geometry": { "type": "MultiLineString", "coordinates": [ [ [ -8095070.210777149535716, 5846632.107303432188928 ], [ -8095082.277475773356855, 5846639.129316076636314 ], [ -8095103.815673551522195, 5846650.104121349751949 ], [ -8095126.094612079672515, 5846659.779566534794867 ], [ -8095148.318774836137891, 5846667.225198079831898 ], [ -8095172.469075771979988, 5846673.613566691055894 ], [ -8095202.5294543011114, 5846678.984190328046679 ], [ -8095233.378725882619619, 5846682.056437123566866 ], [ -8095256.367114694789052, 5846682.706481869332492 ], [ -8095278.627106752246618, 5846681.842442207038403 ], [ -8095303.735608940944076, 5846678.838986433111131 ], [ -8095318.006722949445248, 5846676.72787697147578 ], [ -8095335.256335799582303, 5846673.026596813462675 ], [ -8095353.598303173668683, 5846668.115119563415647 ], [ -8095367.720412332564592, 5846663.786455470137298 ], [ -8095380.456545013934374, 5846659.155746294185519 ], [ -8095396.229819545522332, 5846652.489328703843057 ], [ -8095411.784528575837612, 5846645.431606318801641 ] ] ] } },
{ "type": "Feature", "properties": { "OBJECTID": 8718, "TYPE": "Bande cyclable (marquage)", "NOM": "Route Verte 4 (nord-sud)", "V_VELOBOUC": "Oui", "LONGUEUR": 140.8648691983299 }, "geometry": { "type": "MultiLineString", "coordinates": [ [ [ -8094898.878373925574124, 5846521.111571043729782 ], [ -8094940.336325077340007, 5846548.553103590384126 ], [ -8095065.21148400194943, 5846629.198028429411352 ], [ -8095070.210777149535716, 5846632.107303432188928 ] ] ] } },
{ "type": "Feature", "properties": { "OBJECTID": 8719, "TYPE": "Bande cyclable (marquage)", "NOM": null, "V_VELOBOUC": "Non", "LONGUEUR": 118.20058296674397 }, "geometry": { "type": "MultiLineString", "coordinates": [ [ [ -8081334.97243879083544, 5839268.607784672640264 ], [ -8081213.599942964501679, 5839389.453290272504091 ] ] ] } },
{ "type": "Feature", "properties": { "OBJECTID": 8720, "TYPE": "Bande cyclable (marquage)", "NOM": null, "V_VELOBOUC": "Non", "LONGUEUR": 85.605170676966111 }, "geometry": { "type": "MultiLineString", "coordinates": [ [ [ -8081213.599942964501679, 5839389.453290272504091 ], [ -8081125.695489723235369, 5839476.973970608785748 ] ] ] } },
{ "type": "Feature", "properties": { "OBJECTID": 8721, "TYPE": "Chaussée désignée", "NOM": null, "V_VELOBOUC": "Non", "LONGUEUR": 200.57067408132136 }, "geometry": { "type": "MultiLineString", "coordinates": [ [ [ -8078118.635123352520168, 5832137.13713466655463 ], [ -8078323.069643539376557, 5832343.390197820030153 ] ] ] } },
{ "type": "Feature", "properties": { "OBJECTID": 8722, "TYPE": "Chaussée désignée", "NOM": null, "V_VELOBOUC": "Non", "LONGUEUR": 32.106265179030864 }, "geometry": { "type": "MultiLineString", "coordinates": [ [ [ -8078085.911239130422473, 5832104.12127579189837 ], [ -8078118.635123352520168, 5832137.13713466655463 ] ] ] } },
{ "type": "Feature", "properties": { "OBJECTID": 8723, "TYPE": "Bande cyclable (marquage)", "NOM": null, "V_VELOBOUC": "Non", "LONGUEUR": 94.988412010468849 }, "geometry": { "type": "MultiLineString", "coordinates": [ [ [ -8082742.177151974290609, 5834613.828126524575055 ], [ -8082814.928134151734412, 5834544.971829828806221 ], [ -8082840.688490501604974, 5834517.869205106981099 ] ] ] } },
{ "type": "Feature", "properties": { "OBJECTID": 8724, "TYPE": "Bande cyclable (marquage)", "NOM": null, "V_VELOBOUC": "Non", "LONGUEUR": 55.726907358698817 }, "geometry": { "type": "MultiLineString", "coordinates": [ [ [ -8082683.565916111692786, 5834669.300814639776945 ], [ -8082742.177151974290609, 5834613.828126524575055 ] ] ] } },
{ "type": "Feature", "properties": { "OBJECTID": 8725, "TYPE": "Accotement asphalté", "NOM": "Route Verte 5 (est-ouest)", "V_VELOBOUC": "Oui", "LONGUEUR": 357.95234511166836 }, "geometry": { "type": "MultiLineString", "coordinates": [ [ [ -8092483.602482262067497, 5826510.884657651185989 ], [ -8092401.551627528853714, 5826466.694117495790124 ], [ -8092329.857403387315571, 5826428.922086043283343 ], [ -8092303.994700774550438, 5826418.093296057544649 ], [ -8092287.160483279265463, 5826412.984019196592271 ], [ -8092276.520754823461175, 5826410.005958177149296 ], [ -8092219.448385693132877, 5826400.391677853651345 ], [ -8092186.740335770882666, 5826398.170764535665512 ], [ -8092156.558652773499489, 5826398.737825458869338 ], [ -8092041.43091007322073, 5826397.978244433179498 ], [ -8091991.310822375118732, 5826392.970918466337025 ] ] ] } },
{ "type": "Feature", "properties": { "OBJECTID": 8726, "TYPE": "Accotement asphalté", "NOM": "Route Verte 5 (est-ouest)", "V_VELOBOUC": "Oui", "LONGUEUR": 41.306463537561939 }, "geometry": { "type": "MultiLineString", "coordinates": [ [ [ -8091991.310822375118732, 5826392.970918466337025 ], [ -8091984.128052902407944, 5826392.253301156684756 ], [ -8091932.253481673076749, 5826384.456630507484078 ] ] ] } },
{ "type": "Feature", "properties": { "OBJECTID": 8727, "TYPE": "Bande cyclable (marquage)", "NOM": "Route Verte 5 (est-ouest)", "V_VELOBOUC": "Oui", "LONGUEUR": 44.057840932577811 }, "geometry": { "type": "MultiLineString", "coordinates": [ [ [ -8079193.184897844679654, 5830613.463703761808574 ], [ -8079220.021440803073347, 5830591.923616107553244 ], [ -8079232.084237686358392, 5830565.128269931301475 ] ] ] } },
{ "type": "Feature", "properties": { "OBJECTID": 8728, "TYPE": "Bande cyclable (marquage)", "NOM": "Route Verte 5 (est-ouest)", "V_VELOBOUC": "Oui", "LONGUEUR": 37.027220565005592 }, "geometry": { "type": "MultiLineString", "coordinates": [ [ [ -8079185.869828053750098, 5830580.558992188423872 ], [ -8079147.620264865458012, 5830609.108710438944399 ], [ -8079142.239861563779414, 5830611.386077149771154 ] ] ] } },
{ "type": "Feature", "properties": { "OBJECTID": 8729, "TYPE": "Bande cyclable (marquage)", "NOM": "Route Verte 5 (est-ouest)", "V_VELOBOUC": "Oui", "LONGUEUR": 30.250466293348271 }, "geometry": { "type": "MultiLineString", "coordinates": [ [ [ -8079159.045973756350577, 5830640.864783717319369 ], [ -8079193.184897844679654, 5830613.463703761808574 ] ] ] } },
{ "type": "Feature", "properties": { "OBJECTID": 8730, "TYPE": "Bande cyclable (marquage)", "NOM": "Route Verte 5 (est-ouest)", "V_VELOBOUC": "Oui", "LONGUEUR": 34.745573696126414 }, "geometry": { "type": "MultiLineString", "coordinates": [ [ [ -8079232.084237686358392, 5830565.128269931301475 ], [ -8079201.010624481365085, 5830569.257735812105238 ], [ -8079185.869828053750098, 5830580.558992188423872 ] ] ] } },
{ "type": "Feature", "properties": { "OBJECTID": 8731, "TYPE": "Bande cyclable (marquage)", "NOM": null, "V_VELOBOUC": "Non", "LONGUEUR": 59.330505909634077 }, "geometry": { "type": "MultiLineString", "coordinates": [ [ [ -8083077.281038067303598, 5834261.592306132428348 ], [ -8083135.53147032763809, 5834198.414588884450495 ] ] ] } },
{ "type": "Feature", "properties": { "OBJECTID": 8732, "TYPE": "Bande cyclable (marquage)", "NOM": null, "V_VELOBOUC": "Non", "LONGUEUR": 54.739582757326986 }, "geometry": { "type": "MultiLineString", "coordinates": [ [ [ -8083135.53147032763809, 5834198.414588884450495 ], [ -8083189.273831201717257, 5834140.125549551099539 ] ] ] } },
{ "type": "Feature", "properties": { "OBJECTID": 8733, "TYPE": "Bande cyclable (marquage)", "NOM": null, "V_VELOBOUC": "Non", "LONGUEUR": 65.271228640099423 }, "geometry": { "type": "MultiLineString", "coordinates": [ [ [ -8083013.616126000881195, 5834331.482178414240479 ], [ -8083062.097816547378898, 5834278.404560882598162 ], [ -8083077.281038067303598, 5834261.592306132428348 ] ] ] } },
{ "type": "Feature", "properties": { "OBJECTID": 8734, "TYPE": "Bande cyclable (marquage)", "NOM": null, "V_VELOBOUC": "Non", "LONGUEUR": 15.277937504392568 }, "geometry": { "type": "MultiLineString", "coordinates": [ [ [ -8082998.69194957613945, 5834347.821021250449121 ], [ -8083013.616126000881195, 5834331.482178414240479 ] ] ] } },
{ "type": "Feature", "properties": { "OBJECTID": 8735, "TYPE": "Bande cyclable (marquage)", "NOM": null, "V_VELOBOUC": "Non", "LONGUEUR": 42.613833093049074 }, "geometry": { "type": "MultiLineString", "coordinates": [ [ [ -8082760.179554502479732, 5834759.339516909793019 ], [ -8082743.426142802461982, 5834739.672626871615648 ], [ -8082720.167394746094942, 5834712.329688408412039 ] ] ] } },
{ "type": "Feature", "properties": { "OBJECTID": 8736, "TYPE": "Bande cyclable (marquage)", "NOM": null, "V_VELOBOUC": "Non", "LONGUEUR": 38.995324816973245 }, "geometry": { "type": "MultiLineString", "coordinates": [ [ [ -8082720.167394746094942, 5834712.329688408412039 ], [ -8082683.565916111692786, 5834669.300814639776945 ] ] ] } },
{ "type": "Feature", "properties": { "OBJECTID": 8737, "TYPE": "Bande cyclable (marquage)", "NOM": null, "V_VELOBOUC": "Non", "LONGUEUR": 92.064407455246382 }, "geometry": { "type": "MultiLineString", "coordinates": [ [ [ -8082683.675889256410301, 5836984.320700954645872 ], [ -8082778.193807991221547, 5836890.229809613898396 ] ] ] } },
{ "type": "Feature", "properties": { "OBJECTID": 8738, "TYPE": "Bande cyclable (marquage)", "NOM": null, "V_VELOBOUC": "Non", "LONGUEUR": 91.505636365065655 }, "geometry": { "type": "MultiLineString", "coordinates": [ [ [ -8082778.193807991221547, 5836890.229809613898396 ], [ -8082872.13607663474977, 5836796.709951906464994 ] ] ] } },
{ "type": "Feature", "properties": { "OBJECTID": 8739, "TYPE": "Bande cyclable (marquage)", "NOM": null, "V_VELOBOUC": "Non", "LONGUEUR": 231.24702406513043 }, "geometry": { "type": "MultiLineString", "coordinates": [ [ [ -8082579.147915747947991, 5836879.155563469044864 ], [ -8082561.529522231779993, 5836861.597968296147883 ], [ -8082344.916332031600177, 5836639.66075090225786 ] ] ] } },
{ "type": "Feature", "properties": { "OBJECTID": 8740, "TYPE": "Bande cyclable (marquage)", "NOM": null, "V_VELOBOUC": "Non", "LONGUEUR": 63.358597187363813 }, "geometry": { "type": "MultiLineString", "coordinates": [ [ [ -8082644.160530210472643, 5836943.943234049715102 ], [ -8082579.147915747947991, 5836879.155563469044864 ] ] ] } },
{ "type": "Feature", "properties": { "OBJECTID": 8741, "TYPE": "Bande cyclable (marquage)", "NOM": null, "V_VELOBOUC": "Non", "LONGUEUR": 52.730798607342606 }, "geometry": { "type": "MultiLineString", "coordinates": [ [ [ -8084429.749368030577898, 5838662.125212056562304 ], [ -8084483.046278181485832, 5838607.37769953161478 ] ] ] } },
{ "type": "Feature", "properties": { "OBJECTID": 8742, "TYPE": "Bande cyclable (marquage)", "NOM": null, "V_VELOBOUC": "Non", "LONGUEUR": 49.48626196308107 }, "geometry": { "type": "MultiLineString", "coordinates": [ [ [ -8084391.460318489000201, 5838722.689110753126442 ], [ -8084419.79287532158196, 5838675.229431158863008 ], [ -8084428.142137194983661, 5838663.776182848028839 ], [ -8084429.749368030577898, 5838662.125212056562304 ] ] ] } },
{ "type": "Feature", "properties": { "OBJECTID": 8743, "TYPE": "Bande cyclable (marquage)", "NOM": null, "V_VELOBOUC": "Non", "LONGUEUR": 81.890307802056924 }, "geometry": { "type": "MultiLineString", "coordinates": [ [ [ -8083238.967940266244113, 5840340.303514595143497 ], [ -8083175.328401495702565, 5840440.568806184455752 ] ] ] } },
{ "type": "Feature", "properties": { "OBJECTID": 8744, "TYPE": "Bande cyclable (marquage)", "NOM": null, "V_VELOBOUC": "Non", "LONGUEUR": 27.66165994969391 }, "geometry": { "type": "MultiLineString", "coordinates": [ [ [ -8083175.328401495702565, 5840440.568806184455752 ], [ -8083153.831322235055268, 5840474.437482198700309 ] ] ] } },
{ "type": "Feature", "properties": { "OBJECTID": 8745, "TYPE": "Bande cyclable (marquage)", "NOM": null, "V_VELOBOUC": "Non", "LONGUEUR": 165.20481076126191 }, "geometry": { "type": "MultiLineString", "coordinates": [ [ [ -8083985.937015506438911, 5841135.497905100695789 ], [ -8084034.907318421639502, 5841165.436152637004852 ], [ -8084157.43299001082778, 5841238.184520466253161 ], [ -8084191.155799154192209, 5841258.490882351063192 ] ] ] } },
{ "type": "Feature", "properties": { "OBJECTID": 8746, "TYPE": "Bande cyclable (marquage)", "NOM": null, "V_VELOBOUC": "Non", "LONGUEUR": 52.369797094947742 }, "geometry": { "type": "MultiLineString", "coordinates": [ [ [ -8083922.366339225322008, 5841094.185877412557602 ], [ -8083949.774097826331854, 5841113.389264810830355 ], [ -8083985.937015506438911, 5841135.497905100695789 ] ] ] } },
{ "type": "Feature", "properties": { "OBJECTID": 8747, "TYPE": "Bande cyclable (marquage)", "NOM": null, "V_VELOBOUC": "Non", "LONGUEUR": 19.967145264799999 }, "geometry": { "type": "MultiLineString", "coordinates": [ [ [ -8083898.679107055068016, 5841077.589209837839007 ], [ -8083922.366339225322008, 5841094.185877412557602 ] ] ] } },
{ "type": "Feature", "properties": { "OBJECTID": 8748, "TYPE": "Bande cyclable (marquage)", "NOM": "Route Verte 4 (nord-sud)", "V_VELOBOUC": "Oui", "LONGUEUR": 204.3049968623036 }, "geometry": { "type": "MultiLineString", "coordinates": [ [ [ -8094400.606404851190746, 5846395.847980977967381 ], [ -8094448.055949660949409, 5846399.848917325027287 ], [ -8094597.168874344788492, 5846412.614030778408051 ], [ -8094631.227546681649983, 5846416.450477915816009 ], [ -8094660.265679247677326, 5846420.467375996522605 ], [ -8094694.804538557305932, 5846425.854979832656682 ] ] ] } },
{ "type": "Feature", "properties": { "OBJECTID": 8749, "TYPE": "Bande cyclable (marquage)", "NOM": "Route Verte 4 (nord-sud)", "V_VELOBOUC": "Oui", "LONGUEUR": 64.111094441979091 }, "geometry": { "type": "MultiLineString", "coordinates": [ [ [ -8094729.041681666858494, 5846432.946951642632484 ], [ -8094741.900173827074468, 5846435.928808448836207 ], [ -8094772.918388998135924, 5846446.99839673191309 ], [ -8094801.264327246695757, 5846459.812076535075903 ], [ -8094814.792529385536909, 5846467.636588217690587 ] ] ] } },
{ "type": "Feature", "properties": { "OBJECTID": 8750, "TYPE": "Bande cyclable (marquage)", "NOM": "Route Verte 4 (nord-sud)", "V_VELOBOUC": "Oui", "LONGUEUR": 24.159026820510409 }, "geometry": { "type": "MultiLineString", "coordinates": [ [ [ -8094694.804538557305932, 5846425.854979832656682 ], [ -8094705.970283482223749, 5846427.596669963560998 ], [ -8094729.041681666858494, 5846432.946951642632484 ] ] ] } },
{ "type": "Feature", "properties": { "OBJECTID": 8751, "TYPE": "Bande cyclable (marquage)", "NOM": "Route Verte 4 (nord-sud)", "V_VELOBOUC": "Oui", "LONGUEUR": 77.388048024155381 }, "geometry": { "type": "MultiLineString", "coordinates": [ [ [ -8095447.368971088901162, 5846625.190508062019944 ], [ -8095456.464399052783847, 5846619.357020834460855 ], [ -8095473.201336288824677, 5846607.17504961322993 ], [ -8095487.592779968865216, 5846594.873785411007702 ], [ -8095512.525226338766515, 5846572.251003354787827 ], [ -8095533.100957063958049, 5846553.120112572796643 ] ] ] } },
{ "type": "Feature", "properties": { "OBJECTID": 8752, "TYPE": "Bande cyclable (marquage)", "NOM": "Route Verte 4 (nord-sud)", "V_VELOBOUC": "Oui", "LONGUEUR": 45.770416101645914 }, "geometry": { "type": "MultiLineString", "coordinates": [ [ [ -8095533.100957063958049, 5846553.120112572796643 ], [ -8095536.351467493921518, 5846550.097840995527804 ], [ -8095581.029694284312427, 5846507.205820512026548 ] ] ] } },
{ "type": "Feature", "properties": { "OBJECTID": 8753, "TYPE": "Accotement asphalté", "NOM": null, "V_VELOBOUC": "Non", "LONGUEUR": 393.22123058331061 }, "geometry": { "type": "MultiLineString", "coordinates": [ [ [ -8095086.886785910464823, 5845919.352505834773183 ], [ -8095490.443490918725729, 5846322.224351890385151 ] ] ] } },
{ "type": "Feature", "properties": { "OBJECTID": 8754, "TYPE": "Accotement asphalté", "NOM": null, "V_VELOBOUC": "Non", "LONGUEUR": 135.30595007837792 }, "geometry": { "type": "MultiLineString", "coordinates": [ [ [ -8095490.443490918725729, 5846322.224351890385151 ], [ -8095629.314349154010415, 5846460.851052358746529 ] ] ] } },
{ "type": "Feature", "properties": { "OBJECTID": 8755, "TYPE": "Accotement asphalté", "NOM": null, "V_VELOBOUC": "Non", "LONGUEUR": 161.10528915174572 }, "geometry": { "type": "MultiLineString", "coordinates": [ [ [ -8090313.013470903038979, 5840837.708879165351391 ], [ -8090329.789174390956759, 5840853.566060787066817 ], [ -8090356.416776579804718, 5840885.032485807314515 ], [ -8090382.172267500311136, 5840926.783630994148552 ], [ -8090390.25349199026823, 5840944.997346399351954 ], [ -8090398.285438604652882, 5840967.973427624441683 ], [ -8090411.073271938599646, 5841012.633671337738633 ], [ -8090415.805170642212033, 5841041.865966153331101 ] ] ] } },
{ "type": "Feature", "properties": { "OBJECTID": 8756, "TYPE": "Accotement asphalté", "NOM": null, "V_VELOBOUC": "Non", "LONGUEUR": 108.21486636407099 }, "geometry": { "type": "MultiLineString", "coordinates": [ [ [ -8090415.805170642212033, 5841041.865966153331101 ], [ -8090419.169741685502231, 5841062.651441932655871 ], [ -8090426.277431418187916, 5841115.732031974941492 ], [ -8090431.991514948196709, 5841173.983859235420823 ], [ -8090435.121028096415102, 5841197.719864764250815 ] ] ] } },
{ "type": "Feature", "properties": { "OBJECTID": 8757, "TYPE": "Bande cyclable (marquage)", "NOM": null, "V_VELOBOUC": "Non", "LONGUEUR": 135.83697880790092 }, "geometry": { "type": "MultiLineString", "coordinates": [ [ [ -8081546.832002596929669, 5839057.659996530972421 ], [ -8081407.356228201650083, 5839196.536693127825856 ] ] ] } },
{ "type": "Feature", "properties": { "OBJECTID": 8758, "TYPE": "Bande cyclable (marquage)", "NOM": null, "V_VELOBOUC": "Non", "LONGUEUR": 70.493661917069716 }, "geometry": { "type": "MultiLineString", "coordinates": [ [ [ -8081407.356228201650083, 5839196.536693127825856 ], [ -8081334.97243879083544, 5839268.607784672640264 ] ] ] } },
{ "type": "Feature", "properties": { "OBJECTID": 8759, "TYPE": "Bande cyclable (marquage)", "NOM": null, "V_VELOBOUC": "Non", "LONGUEUR": 57.34041999997951 }, "geometry": { "type": "MultiLineString", "coordinates": [ [ [ -8081125.695489723235369, 5839476.973970608785748 ], [ -8081120.512378216721117, 5839482.134414354339242 ], [ -8081109.198444913141429, 5839498.352568782866001 ], [ -8081094.75942999869585, 5839522.457878039218485 ], [ -8081087.124300144612789, 5839540.727182756178081 ], [ -8081084.732385472394526, 5839548.535602737218142 ] ] ] } },
{ "type": "Feature", "properties": { "OBJECTID": 8760, "TYPE": "Bande cyclable (marquage)", "NOM": null, "V_VELOBOUC": "Non", "LONGUEUR": 42.128399107787615 }, "geometry": { "type": "MultiLineString", "coordinates": [ [ [ -8081084.732385472394526, 5839548.535602737218142 ], [ -8081081.23948347941041, 5839559.938318567350507 ], [ -8081076.382490401156247, 5839583.001646405085921 ], [ -8081074.769343294203281, 5839596.885476734489202 ], [ -8081074.150476628914475, 5839608.534530876204371 ] ] ] } },
{ "type": "Feature", "properties": { "OBJECTID": 8761, "TYPE": "Bande cyclable (marquage)", "NOM": null, "V_VELOBOUC": "Non", "LONGUEUR": 202.70969974444526 }, "geometry": { "type": "MultiLineString", "coordinates": [ [ [ -8079820.684685058891773, 5835241.378533930517733 ], [ -8079655.910580145195127, 5835361.720120748504996 ], [ -8079581.17209442332387, 5835410.778500881977379 ] ] ] } },
{ "type": "Feature", "properties": { "OBJECTID": 8762, "TYPE": "Bande cyclable (marquage)", "NOM": null, "V_VELOBOUC": "Non", "LONGUEUR": 69.05516053599294 }, "geometry": { "type": "MultiLineString", "coordinates": [ [ [ -8079581.17209442332387, 5835410.778500881977379 ], [ -8079561.216965219937265, 5835423.876899229362607 ], [ -8079513.431910550221801, 5835453.10742352437228 ], [ -8079496.083885904401541, 5835463.179957641288638 ] ] ] } },
{ "type": "Feature", "properties": { "OBJECTID": 8763, "TYPE": "Bande cyclable (marquage)", "NOM": null, "V_VELOBOUC": "Non", "LONGUEUR": 56.662830048660481 }, "geometry": { "type": "MultiLineString", "coordinates": [ [ [ -8078622.329454061575234, 5835664.714231040328741 ], [ -8078541.823204094544053, 5835668.820553257130086 ], [ -8078540.494064094498754, 5835668.873531137593091 ] ] ] } },
{ "type": "Feature", "properties": { "OBJECTID": 8764, "TYPE": "Bande cyclable (marquage)", "NOM": null, "V_VELOBOUC": "Non", "LONGUEUR": 17.628214005270785 }, "geometry": { "type": "MultiLineString", "coordinates": [ [ [ -8078540.494064094498754, 5835668.873531137593091 ], [ -8078515.021888971328735, 5835669.888562323525548 ] ] ] } },
{ "type": "Feature", "properties": { "OBJECTID": 8765, "TYPE": "Bande cyclable (marquage)", "NOM": null, "V_VELOBOUC": "Non", "LONGUEUR": 29.435543070428626 }, "geometry": { "type": "MultiLineString", "coordinates": [ [ [ -8078669.993615514598787, 5835622.847735874354839 ], [ -8078675.002146564424038, 5835628.169012491591275 ], [ -8078681.889987519942224, 5835639.825662114657462 ], [ -8078683.718010690063238, 5835661.582510383799672 ] ] ] } },
{ "type": "Feature", "properties": { "OBJECTID": 8766, "TYPE": "Bande cyclable (marquage)", "NOM": null, "V_VELOBOUC": "Non", "LONGUEUR": 27.54825772146263 }, "geometry": { "type": "MultiLineString", "coordinates": [ [ [ -8078642.643340709619224, 5835593.78950528614223 ], [ -8078669.993615514598787, 5835622.847735874354839 ] ] ] } },
{ "type": "Feature", "properties": { "OBJECTID": 8767, "TYPE": "Bande cyclable (marquage)", "NOM": null, "V_VELOBOUC": "Non", "LONGUEUR": 72.967595700231911 }, "geometry": { "type": "MultiLineString", "coordinates": [ [ [ -8079036.392005725763738, 5834844.010858139023185 ], [ -8078931.184942847117782, 5834836.008530964143574 ] ] ] } },
{ "type": "Feature", "properties": { "OBJECTID": 8768, "TYPE": "Bande cyclable (marquage)", "NOM": null, "V_VELOBOUC": "Non", "LONGUEUR": 62.753441281753624 }, "geometry": { "type": "MultiLineString", "coordinates": [ [ [ -8079126.872127832844853, 5834850.892032369039953 ], [ -8079036.392005725763738, 5834844.010858139023185 ] ] ] } },
{ "type": "Feature", "properties": { "OBJECTID": 8769, "TYPE": "Bande cyclable (marquage)", "NOM": null, "V_VELOBOUC": "Non", "LONGUEUR": 185.16131251932723 }, "geometry": { "type": "MultiLineString", "coordinates": [ [ [ -8079995.704815408214927, 5834230.479545470327139 ], [ -8079995.001334177330136, 5834231.133079575374722 ], [ -8079949.423128311522305, 5834275.360249854624271 ], [ -8079804.151622488163412, 5834418.115309803746641 ] ] ] } },
{ "type": "Feature", "properties": { "OBJECTID": 8770, "TYPE": "Bande cyclable (marquage)", "NOM": null, "V_VELOBOUC": "Non", "LONGUEUR": 49.036608948959454 }, "geometry": { "type": "MultiLineString", "coordinates": [ [ [ -8079804.151622488163412, 5834418.115309803746641 ], [ -8079776.816222326830029, 5834444.976665506139398 ], [ -8079753.339964298531413, 5834467.723777195438743 ] ] ] } },
{ "type": "Feature", "properties": { "OBJECTID": 8771, "TYPE": "Bande cyclable (marquage)", "NOM": null, "V_VELOBOUC": "Non", "LONGUEUR": 59.634303626719444 }, "geometry": { "type": "MultiLineString", "coordinates": [ [ [ -8080167.281499240547419, 5834071.033432557247579 ], [ -8080165.195147556252778, 5834073.021119639277458 ], [ -8080104.04347613081336, 5834129.832431693561375 ] ] ] } },
{ "type": "Feature", "properties": { "OBJECTID": 8772, "TYPE": "Bande cyclable (marquage)", "NOM": null, "V_VELOBOUC": "Non", "LONGUEUR": 57.851064453414558 }, "geometry": { "type": "MultiLineString", "coordinates": [ [ [ -8080057.077228266745806, 5834173.464591338299215 ], [ -8079995.704815408214927, 5834230.479545470327139 ] ] ] } },
{ "type": "Feature", "properties": { "OBJECTID": 8773, "TYPE": "Bande cyclable (marquage)", "NOM": null, "V_VELOBOUC": "Non", "LONGUEUR": 44.271974050591531 }, "geometry": { "type": "MultiLineString", "coordinates": [ [ [ -8080104.04347613081336, 5834129.832431693561375 ], [ -8080057.077228266745806, 5834173.464591338299215 ] ] ] } },
{ "type": "Feature", "properties": { "OBJECTID": 8774, "TYPE": "Bande cyclable (marquage)", "NOM": null, "V_VELOBOUC": "Non", "LONGUEUR": 56.200187291069142 }, "geometry": { "type": "MultiLineString", "coordinates": [ [ [ -8080465.041307887993753, 5833776.340891903266311 ], [ -8080409.086706758476794, 5833835.448557323776186 ] ] ] } },
{ "type": "Feature", "properties": { "OBJECTID": 8775, "TYPE": "Bande cyclable (marquage)", "NOM": null, "V_VELOBOUC": "Non", "LONGUEUR": 31.294975923470925 }, "geometry": { "type": "MultiLineString", "coordinates": [ [ [ -8080496.199182008393109, 5833743.426882015541196 ], [ -8080465.041307887993753, 5833776.340891903266311 ] ] ] } },
{ "type": "Feature", "properties": { "OBJECTID": 8776, "TYPE": "Bande cyclable (marquage)", "NOM": null, "V_VELOBOUC": "Non", "LONGUEUR": 232.27224262632657 }, "geometry": { "type": "MultiLineString", "coordinates": [ [ [ -8080131.242642415687442, 5833402.237033946439624 ], [ -8080376.913772429339588, 5833631.912647467106581 ] ] ] } },
{ "type": "Feature", "properties": { "OBJECTID": 8777, "TYPE": "Bande cyclable (marquage)", "NOM": null, "V_VELOBOUC": "Non", "LONGUEUR": 112.77525187479078 }, "geometry": { "type": "MultiLineString", "coordinates": [ [ [ -8080376.913772429339588, 5833631.912647467106581 ], [ -8080496.199182008393109, 5833743.426882015541196 ] ] ] } },
{ "type": "Feature", "properties": { "OBJECTID": 8778, "TYPE": "Chaussée désignée", "NOM": null, "V_VELOBOUC": "Non", "LONGUEUR": 62.496358072220893 }, "geometry": { "type": "MultiLineString", "coordinates": [ [ [ -8080700.130192069336772, 5833934.053390404209495 ], [ -8080766.240319835022092, 5833995.84862008690834 ] ] ] } },
{ "type": "Feature", "properties": { "OBJECTID": 8779, "TYPE": "Chaussée désignée", "NOM": null, "V_VELOBOUC": "Non", "LONGUEUR": 55.592703324829415 }, "geometry": { "type": "MultiLineString", "coordinates": [ [ [ -8080766.240319835022092, 5833995.84862008690834 ], [ -8080825.048382779583335, 5834050.81758750975132 ] ] ] } },
{ "type": "Feature", "properties": { "OBJECTID": 8780, "TYPE": "Bande cyclable (marquage)", "NOM": null, "V_VELOBOUC": "Non", "LONGUEUR": 78.278925575318482 }, "geometry": { "type": "MultiLineString", "coordinates": [ [ [ -8081093.280839558690786, 5834312.40296408906579 ], [ -8081174.249947260133922, 5834391.741911075077951 ] ] ] } },
{ "type": "Feature", "properties": { "OBJECTID": 8781, "TYPE": "Bande cyclable (marquage)", "NOM": null, "V_VELOBOUC": "Non", "LONGUEUR": 52.443128574541817 }, "geometry": { "type": "MultiLineString", "coordinates": [ [ [ -8081044.901038736104965, 5834255.532198975794017 ], [ -8081049.753051647916436, 5834269.750950639136136 ], [ -8081093.280839558690786, 5834312.40296408906579 ] ] ] } },
{ "type": "Feature", "properties": { "OBJECTID": 8782, "TYPE": "Bande cyclable (marquage)", "NOM": null, "V_VELOBOUC": "Non", "LONGUEUR": 95.256719256707811 }, "geometry": { "type": "MultiLineString", "coordinates": [ [ [ -8079919.468973503448069, 5833204.241586472839117 ], [ -8080020.214631823822856, 5833298.433783783577383 ] ] ] } },
{ "type": "Feature", "properties": { "OBJECTID": 8783, "TYPE": "Bande cyclable (marquage)", "NOM": null, "V_VELOBOUC": "Non", "LONGUEUR": 90.313531722921596 }, "geometry": { "type": "MultiLineString", "coordinates": [ [ [ -8079824.151323234662414, 5833114.724591107107699 ], [ -8079912.477431702427566, 5833197.704741080291569 ], [ -8079919.468973503448069, 5833204.241586472839117 ] ] ] } },
{ "type": "Feature", "properties": { "OBJECTID": 8784, "TYPE": "Bande cyclable (marquage)", "NOM": null, "V_VELOBOUC": "Non", "LONGUEUR": 121.23818664020875 }, "geometry": { "type": "MultiLineString", "coordinates": [ [ [ -8079563.20343039277941, 5832911.696708004921675 ], [ -8079566.737352630123496, 5832913.139591090381145 ], [ -8079588.644834705628455, 5832922.959658365696669 ], [ -8079619.04647106397897, 5832939.55206957180053 ], [ -8079667.531099796295166, 5832971.717372351326048 ], [ -8079702.199904537759721, 5832999.641449321061373 ], [ -8079709.681887845508754, 5833006.688986122608185 ] ] ] } },
{ "type": "Feature", "properties": { "OBJECTID": 8785, "TYPE": "Bande cyclable (marquage)", "NOM": null, "V_VELOBOUC": "Non", "LONGUEUR": 43.350726850004925 }, "geometry": { "type": "MultiLineString", "coordinates": [ [ [ -8079504.111006968654692, 5832890.896610599011183 ], [ -8079513.535611685365438, 5832893.532468254677951 ], [ -8079545.142730144783854, 5832904.322596438229084 ], [ -8079563.20343039277941, 5832911.696708004921675 ] ] ] } },
{ "type": "Feature", "properties": { "OBJECTID": 8786, "TYPE": "Bande cyclable (marquage)", "NOM": null, "V_VELOBOUC": "Non", "LONGUEUR": 51.641922737037248 }, "geometry": { "type": "MultiLineString", "coordinates": [ [ [ -8079709.681887845508754, 5833006.688986122608185 ], [ -8079764.029287681914866, 5833058.040457494556904 ] ] ] } },
{ "type": "Feature", "properties": { "OBJECTID": 8787, "TYPE": "Bande cyclable (marquage)", "NOM": null, "V_VELOBOUC": "Non", "LONGUEUR": 10.604935620885447 }, "geometry": { "type": "MultiLineString", "coordinates": [ [ [ -8079764.029287681914866, 5833058.040457494556904 ], [ -8079770.776398366317153, 5833071.851589413359761 ] ] ] } },
{ "type": "Feature", "properties": { "OBJECTID": 8788, "TYPE": "Bande cyclable (marquage)", "NOM": null, "V_VELOBOUC": "Non", "LONGUEUR": 15.950613703318751 }, "geometry": { "type": "MultiLineString", "coordinates": [ [ [ -8079770.776398366317153, 5833071.851589413359761 ], [ -8079787.265629178844392, 5833088.023206298239529 ] ] ] } },
{ "type": "Feature", "properties": { "OBJECTID": 8789, "TYPE": "Bande cyclable (marquage)", "NOM": null, "V_VELOBOUC": "Non", "LONGUEUR": 31.973350963550246 }, "geometry": { "type": "MultiLineString", "coordinates": [ [ [ -8079787.265629178844392, 5833088.023206298239529 ], [ -8079806.745695919729769, 5833107.127917586825788 ], [ -8079824.151323234662414, 5833114.724591107107699 ] ] ] } },
{ "type": "Feature", "properties": { "OBJECTID": 8790, "TYPE": "Bande cyclable (marquage)", "NOM": null, "V_VELOBOUC": "Non", "LONGUEUR": 30.084332401729039 }, "geometry": { "type": "MultiLineString", "coordinates": [ [ [ -8079824.151323234662414, 5833114.724591107107699 ], [ -8079816.803924975916743, 5833096.797385038807988 ], [ -8079799.144636848941445, 5833080.239879573695362 ] ] ] } },
{ "type": "Feature", "properties": { "OBJECTID": 8791, "TYPE": "Bande cyclable (marquage)", "NOM": null, "V_VELOBOUC": "Non", "LONGUEUR": 29.549978618532059 }, "geometry": { "type": "MultiLineString", "coordinates": [ [ [ -8079799.144636848941445, 5833080.239879573695362 ], [ -8079780.044831885024905, 5833062.331698869355023 ], [ -8079764.029287681914866, 5833058.040457494556904 ] ] ] } },
{ "type": "Feature", "properties": { "OBJECTID": 8792, "TYPE": "Bande cyclable (marquage)", "NOM": null, "V_VELOBOUC": "Non", "LONGUEUR": 26.140040649416079 }, "geometry": { "type": "MultiLineString", "coordinates": [ [ [ -8077508.100846738554537, 5835581.975815368816257 ], [ -8077521.610644510015845, 5835546.558271313086152 ] ] ] } },
{ "type": "Feature", "properties": { "OBJECTID": 8793, "TYPE": "Bande cyclable (marquage)", "NOM": null, "V_VELOBOUC": "Non", "LONGUEUR": 21.438704850923248 }, "geometry": { "type": "MultiLineString", "coordinates": [ [ [ -8077521.610644510015845, 5835546.558271313086152 ], [ -8077532.690572324208915, 5835517.510718638077378 ] ] ] } },
{ "type": "Feature", "properties": { "OBJECTID": 8794, "TYPE": "Bande cyclable (marquage)", "NOM": null, "V_VELOBOUC": "Non", "LONGUEUR": 54.763775207276616 }, "geometry": { "type": "MultiLineString", "coordinates": [ [ [ -8075841.306509108282626, 5838454.600336328148842 ], [ -8075894.794170320034027, 5838513.223724721930921 ] ] ] } },
{ "type": "Feature", "properties": { "OBJECTID": 8795, "TYPE": "Bande cyclable (marquage)", "NOM": null, "V_VELOBOUC": "Non", "LONGUEUR": 25.874980624461347 }, "geometry": { "type": "MultiLineString", "coordinates": [ [ [ -8075894.794170320034027, 5838513.223724721930921 ], [ -8075920.066458543762565, 5838540.92232914082706 ] ] ] } },
{ "type": "Feature", "properties": { "OBJECTID": 8796, "TYPE": "Bande cyclable (marquage)", "NOM": null, "V_VELOBOUC": "Oui", "LONGUEUR": 58.572378675474027 }, "geometry": { "type": "MultiLineString", "coordinates": [ [ [ -8074623.469975838437676, 5839849.322723770514131 ], [ -8074708.204829997383058, 5839850.388208126649261 ] ] ] } },
{ "type": "Feature", "properties": { "OBJECTID": 8797, "TYPE": "Bande cyclable (marquage)", "NOM": null, "V_VELOBOUC": "Oui", "LONGUEUR": 33.347964435332685 }, "geometry": { "type": "MultiLineString", "coordinates": [ [ [ -8074708.204829997383058, 5839850.388208126649261 ], [ -8074730.235075829550624, 5839850.665097435005009 ], [ -8074756.450236796401441, 5839850.581115554086864 ] ] ] } },
{ "type": "Feature", "properties": { "OBJECTID": 8798, "TYPE": "Chaussée désignée", "NOM": null, "V_VELOBOUC": "Non", "LONGUEUR": 37.394729098371933 }, "geometry": { "type": "MultiLineString", "coordinates": [ [ [ -8075009.595202545635402, 5840998.259713470004499 ], [ -8074969.999310361221433, 5841035.255816731601954 ] ] ] } },
{ "type": "Feature", "properties": { "OBJECTID": 8799, "TYPE": "Chaussée désignée", "NOM": null, "V_VELOBOUC": "Non", "LONGUEUR": 33.031588979074257 }, "geometry": { "type": "MultiLineString", "coordinates": [ [ [ -8074969.999310361221433, 5841035.255816731601954 ], [ -8074935.023109817877412, 5841067.935266991145909 ] ] ] } },
{ "type": "Feature", "properties": { "OBJECTID": 8800, "TYPE": "Chaussée désignée", "NOM": null, "V_VELOBOUC": "Non", "LONGUEUR": 88.692669876512198 }, "geometry": { "type": "MultiLineString", "coordinates": [ [ [ -8082498.475743393413723, 5837108.125256286934018 ], [ -8082513.605510135181248, 5837102.859721104614437 ], [ -8082571.80261988285929, 5837075.412738625891507 ], [ -8082573.814329287037253, 5837074.357059950940311 ], [ -8082593.560359521768987, 5837063.995725180022418 ], [ -8082604.047409504652023, 5837057.884741520509124 ], [ -8082613.088089962489903, 5837051.123488296754658 ] ] ] } },
{ "type": "Feature", "properties": { "OBJECTID": 8801, "TYPE": "Chaussée désignée", "NOM": null, "V_VELOBOUC": "Non", "LONGUEUR": 30.991285478235469 }, "geometry": { "type": "MultiLineString", "coordinates": [ [ [ -8082613.088089962489903, 5837051.123488296754658 ], [ -8082615.337098957039416, 5837049.441518751904368 ], [ -8082645.802739514037967, 5837020.410539135336876 ] ] ] } },
{ "type": "Feature", "properties": { "OBJECTID": 8802, "TYPE": "Bande cyclable (marquage)", "NOM": null, "V_VELOBOUC": "Non", "LONGUEUR": 312.60366742023825 }, "geometry": { "type": "MultiLineString", "coordinates": [ [ [ -8080800.729899468831718, 5835117.736999731510878 ], [ -8080790.566242810338736, 5835100.514034127816558 ], [ -8080776.906057829037309, 5835086.872229690663517 ], [ -8080760.467880302108824, 5835072.250358332879841 ], [ -8080743.512707096524537, 5835059.668226685374975 ], [ -8080718.321325047872961, 5835044.292923809960485 ], [ -8080699.599380768835545, 5835035.325520988553762 ], [ -8080672.399005021899939, 5835024.993551747873425 ], [ -8080629.054513904266059, 5835011.135997834615409 ], [ -8080558.101067380048335, 5834992.583761991932988 ], [ -8080506.154613860882819, 5834978.165753770619631 ], [ -8080482.061860969290137, 5834970.466544664464891 ], [ -8080439.037170047871768, 5834953.465626165270805 ], [ -8080414.508874773047864, 5834942.388559329323471 ], [ -8080398.432288615964353, 5834931.707379276864231 ] ] ] } },
{ "type": "Feature", "properties": { "OBJECTID": 8803, "TYPE": "Bande cyclable (marquage)", "NOM": null, "V_VELOBOUC": "Non", "LONGUEUR": 25.7048601951557 }, "geometry": { "type": "MultiLineString", "coordinates": [ [ [ -8080398.432288615964353, 5834931.707379276864231 ], [ -8080367.443192430771887, 5834911.118248226121068 ] ] ] } },
{ "type": "Feature", "properties": { "OBJECTID": 8804, "TYPE": "Bande cyclable (marquage)", "NOM": "Route Verte 5 (est-ouest)", "V_VELOBOUC": "Oui", "LONGUEUR": 74.110628345488507 }, "geometry": { "type": "MultiLineString", "coordinates": [ [ [ -8079025.79806409496814, 5830745.528042348101735 ], [ -8079110.696057665161788, 5830680.008970671333373 ] ] ] } },
{ "type": "Feature", "properties": { "OBJECTID": 8805, "TYPE": "Bande cyclable (marquage)", "NOM": "Route Verte 5 (est-ouest)", "V_VELOBOUC": "Oui", "LONGUEUR": 43.013171775150298 }, "geometry": { "type": "MultiLineString", "coordinates": [ [ [ -8079110.696057665161788, 5830680.008970671333373 ], [ -8079144.299511992372572, 5830654.075507119297981 ], [ -8079159.045973756350577, 5830640.864783717319369 ] ] ] } },
{ "type": "Feature", "properties": { "OBJECTID": 8806, "TYPE": "Bande cyclable (marquage)", "NOM": "Route Verte 5 (est-ouest)", "V_VELOBOUC": "Oui", "LONGUEUR": 75.109956391816581 }, "geometry": { "type": "MultiLineString", "coordinates": [ [ [ -8078859.146021615713835, 5830875.59686875436455 ], [ -8078893.531862845644355, 5830848.684823984280229 ], [ -8078944.668866936117411, 5830808.519236855208874 ] ] ] } },
{ "type": "Feature", "properties": { "OBJECTID": 8807, "TYPE": "Bande cyclable (marquage)", "NOM": "Route Verte 5 (est-ouest)", "V_VELOBOUC": "Oui", "LONGUEUR": 70.981158152658651 }, "geometry": { "type": "MultiLineString", "coordinates": [ [ [ -8078944.668866936117411, 5830808.519236855208874 ], [ -8078972.461420271545649, 5830786.689351979643106 ], [ -8079025.79806409496814, 5830745.528042348101735 ] ] ] } },
{ "type": "Feature", "properties": { "OBJECTID": 8808, "TYPE": "Bande cyclable (marquage)", "NOM": null, "V_VELOBOUC": "Non", "LONGUEUR": 28.187962877452229 }, "geometry": { "type": "MultiLineString", "coordinates": [ [ [ -8083449.426082477904856, 5837585.627392811700702 ], [ -8083420.07209808472544, 5837557.240230747498572 ] ] ] } },
{ "type": "Feature", "properties": { "OBJECTID": 8809, "TYPE": "Bande cyclable (marquage)", "NOM": null, "V_VELOBOUC": "Non", "LONGUEUR": 18.913449766766508 }, "geometry": { "type": "MultiLineString", "coordinates": [ [ [ -8083469.121995297260582, 5837604.674513198435307 ], [ -8083449.426082477904856, 5837585.627392811700702 ] ] ] } },
{ "type": "Feature", "properties": { "OBJECTID": 8810, "TYPE": "Bande cyclable (marquage)", "NOM": null, "V_VELOBOUC": "Non", "LONGUEUR": 105.05556065778751 }, "geometry": { "type": "MultiLineString", "coordinates": [ [ [ -8083509.145790698006749, 5837676.63918739464134 ], [ -8083578.49701043497771, 5837742.609451549127698 ], [ -8083618.7325893137604, 5837782.239920495077968 ] ] ] } },
{ "type": "Feature", "properties": { "OBJECTID": 8811, "TYPE": "Bande cyclable (marquage)", "NOM": null, "V_VELOBOUC": "Non", "LONGUEUR": 56.108316125995422 }, "geometry": { "type": "MultiLineString", "coordinates": [ [ [ -8083618.7325893137604, 5837782.239920495077968 ], [ -8083640.206287955865264, 5837803.390539315529168 ], [ -8083676.97796302754432, 5837838.937512364238501 ] ] ] } },
{ "type": "Feature", "properties": { "OBJECTID": 8812, "TYPE": "Bande cyclable (marquage)", "NOM": null, "V_VELOBOUC": "Non", "LONGUEUR": 91.697160074242078 }, "geometry": { "type": "MultiLineString", "coordinates": [ [ [ -8080383.774804405868053, 5837205.888163679279387 ], [ -8080288.034936574287713, 5837198.304988955147564 ], [ -8080253.385576327331364, 5837196.21461299341172 ], [ -8080251.513953742571175, 5837196.360796322114766 ] ] ] } },
{ "type": "Feature", "properties": { "OBJECTID": 8813, "TYPE": "Bande cyclable (marquage)", "NOM": null, "V_VELOBOUC": "Non", "LONGUEUR": 8.6239971840571119 }, "geometry": { "type": "MultiLineString", "coordinates": [ [ [ -8080456.725150315091014, 5837211.66557190194726 ], [ -8080444.290416711941361, 5837210.68084158655256 ] ] ] } },
{ "type": "Feature", "properties": { "OBJECTID": 8814, "TYPE": "Bande cyclable (marquage)", "NOM": null, "V_VELOBOUC": "Non", "LONGUEUR": 41.970089843393232 }, "geometry": { "type": "MultiLineString", "coordinates": [ [ [ -8080444.290416711941361, 5837210.68084158655256 ], [ -8080383.774804405868053, 5837205.888163679279387 ] ] ] } },
{ "type": "Feature", "properties": { "OBJECTID": 8815, "TYPE": "Bande cyclable (marquage)", "NOM": null, "V_VELOBOUC": "Non", "LONGUEUR": 49.694117248494059 }, "geometry": { "type": "MultiLineString", "coordinates": [ [ [ -8080206.098220033571124, 5837201.394921345636249 ], [ -8080185.40034550614655, 5837205.371069051325321 ], [ -8080145.433725053444505, 5837219.689522467553616 ], [ -8080138.043480238877237, 5837223.616769907064736 ] ] ] } },
{ "type": "Feature", "properties": { "OBJECTID": 8816, "TYPE": "Bande cyclable (marquage)", "NOM": null, "V_VELOBOUC": "Non", "LONGUEUR": 31.631623524201284 }, "geometry": { "type": "MultiLineString", "coordinates": [ [ [ -8080251.513953742571175, 5837196.360796322114766 ], [ -8080219.140637845732272, 5837198.889405416324735 ], [ -8080206.098220033571124, 5837201.394921345636249 ] ] ] } },
{ "type": "Feature", "properties": { "OBJECTID": 8817, "TYPE": "Bande cyclable (marquage)", "NOM": null, "V_VELOBOUC": "Non", "LONGUEUR": 198.86307920872656 }, "geometry": { "type": "MultiLineString", "coordinates": [ [ [ -8080381.131042367778718, 5837228.392009178176522 ], [ -8080667.868039899505675, 5837251.097128985449672 ] ] ] } },
{ "type": "Feature", "properties": { "OBJECTID": 8818, "TYPE": "Bande cyclable (marquage)", "NOM": null, "V_VELOBOUC": "Non", "LONGUEUR": 166.0250168119282 }, "geometry": { "type": "MultiLineString", "coordinates": [ [ [ -8080144.86357937194407, 5837243.888753460720181 ], [ -8080147.370927708223462, 5837242.556317226961255 ], [ -8080187.337648871354759, 5837228.237819263711572 ], [ -8080221.078027307987213, 5837221.756132434122264 ], [ -8080255.323053921572864, 5837219.081326517276466 ], [ -8080289.972504263743758, 5837221.171701163984835 ], [ -8080381.131042367778718, 5837228.392009178176522 ] ] ] } },
{ "type": "Feature", "properties": { "OBJECTID": 8819, "TYPE": "Bande cyclable (marquage)", "NOM": null, "V_VELOBOUC": "Non", "LONGUEUR": 72.421059238185322 }, "geometry": { "type": "MultiLineString", "coordinates": [ [ [ -8081280.197073780931532, 5837284.989221780560911 ], [ -8081295.789847001433372, 5837283.431794411502779 ], [ -8081342.8611966567114, 5837276.906551152467728 ], [ -8081373.232774532400072, 5837271.572158224880695 ], [ -8081383.633948371745646, 5837268.944459191523492 ] ] ] } },
{ "type": "Feature", "properties": { "OBJECTID": 8820, "TYPE": "Bande cyclable (marquage)", "NOM": null, "V_VELOBOUC": "Non", "LONGUEUR": 63.473050958743507 }, "geometry": { "type": "MultiLineString", "coordinates": [ [ [ -8081383.633948371745646, 5837268.944459191523492 ], [ -8081472.659890806302428, 5837246.452820900827646 ] ] ] } },
{ "type": "Feature", "properties": { "OBJECTID": 8821, "TYPE": "Bande cyclable (marquage)", "NOM": null, "V_VELOBOUC": "Non", "LONGUEUR": 47.895026774897261 }, "geometry": { "type": "MultiLineString", "coordinates": [ [ [ -8078810.670548276044428, 5837718.056553576141596 ], [ -8078864.707647661678493, 5837761.547383536584675 ] ] ] } },
{ "type": "Feature", "properties": { "OBJECTID": 8822, "TYPE": "Bande cyclable (marquage)", "NOM": null, "V_VELOBOUC": "Non", "LONGUEUR": 45.453842415369571 }, "geometry": { "type": "MultiLineString", "coordinates": [ [ [ -8078759.388157532550395, 5837676.782356303185225 ], [ -8078810.670548276044428, 5837718.056553576141596 ] ] ] } },
{ "type": "Feature", "properties": { "OBJECTID": 8823, "TYPE": "Bande cyclable (marquage)", "NOM": "Route Verte 5 (est-ouest)", "V_VELOBOUC": "Oui", "LONGUEUR": 438.71663006384921 }, "geometry": { "type": "MultiLineString", "coordinates": [ [ [ -8083484.101729282177985, 5831895.309606219641864 ], [ -8083470.45622458960861, 5831897.895349422469735 ], [ -8083439.417580425739288, 5831902.281153755262494 ], [ -8083406.617340602912009, 5831905.470664190128446 ], [ -8083340.776445070281625, 5831907.618023413233459 ], [ -8083318.467461201362312, 5831906.133495823480189 ], [ -8083270.298284343443811, 5831900.689737422391772 ], [ -8083220.681826059706509, 5831890.857872270978987 ], [ -8083185.491344229318202, 5831882.131846419535577 ], [ -8082866.795269332826138, 5831787.215454272925854 ] ] ] } },
{ "type": "Feature", "properties": { "OBJECTID": 8824, "TYPE": "Bande cyclable (marquage)", "NOM": "Route Verte 5 (est-ouest)", "V_VELOBOUC": "Oui", "LONGUEUR": 280.89162823249137 }, "geometry": { "type": "MultiLineString", "coordinates": [ [ [ -8083879.531770087778568, 5831802.903720452450216 ], [ -8083762.70462857093662, 5831830.59482684917748 ], [ -8083670.285843083634973, 5831852.56761596724391 ], [ -8083556.851276614703238, 5831878.912449064664543 ], [ -8083503.905672337859869, 5831891.208386613056064 ], [ -8083492.235718256793916, 5831893.768255859613419 ], [ -8083484.101729282177985, 5831895.309606219641864 ] ] ] } },
{ "type": "Feature", "properties": { "OBJECTID": 8826, "TYPE": "Bande cyclable (marquage)", "NOM": "Route Verte 5 (est-ouest)", "V_VELOBOUC": "Oui", "LONGUEUR": 199.19317020140812 }, "geometry": { "type": "MultiLineString", "coordinates": [ [ [ -8084149.554402397945523, 5831709.47246793936938 ], [ -8084143.491391786374152, 5831714.091612024232745 ], [ -8084136.259076620452106, 5831718.81404519546777 ], [ -8084126.937310688197613, 5831724.963856356218457 ], [ -8084121.011633899994195, 5831728.417395163327456 ], [ -8084109.196860002353787, 5831735.035120535641909 ], [ -8084083.571148090995848, 5831747.6766342157498 ], [ -8084053.261281937360764, 5831759.562120100483298 ], [ -8084020.528020690195262, 5831768.898733772337437 ], [ -8083957.300301657058299, 5831784.535039588809013 ], [ -8083905.456485515460372, 5831796.758683250285685 ], [ -8083879.531770087778568, 5831802.903720452450216 ] ] ] } },
{ "type": "Feature", "properties": { "OBJECTID": 8827, "TYPE": "Bande cyclable (marquage)", "NOM": null, "V_VELOBOUC": "Non", "LONGUEUR": 29.998791490168816 }, "geometry": { "type": "MultiLineString", "coordinates": [ [ [ -8081608.30390110053122, 5832897.369645186699927 ], [ -8081586.302230163477361, 5832934.862426920793951 ] ] ] } },
{ "type": "Feature", "properties": { "OBJECTID": 8828, "TYPE": "Bande cyclable (marquage)", "NOM": null, "V_VELOBOUC": "Non", "LONGUEUR": 57.721228074654213 }, "geometry": { "type": "MultiLineString", "coordinates": [ [ [ -8081586.302230163477361, 5832934.862426920793951 ], [ -8081543.314242674969137, 5833006.613182915374637 ] ] ] } },
{ "type": "Feature", "properties": { "OBJECTID": 8829, "TYPE": "Bande cyclable (marquage)", "NOM": null, "V_VELOBOUC": "Non", "LONGUEUR": 46.74971825703873 }, "geometry": { "type": "MultiLineString", "coordinates": [ [ [ -8081543.314242674969137, 5833006.613182915374637 ], [ -8081507.680463961325586, 5833064.225829856470227 ] ] ] } },
{ "type": "Feature", "properties": { "OBJECTID": 8830, "TYPE": "Bande cyclable (marquage)", "NOM": null, "V_VELOBOUC": "Non", "LONGUEUR": 50.757568798683856 }, "geometry": { "type": "MultiLineString", "coordinates": [ [ [ -8081527.270492907613516, 5833077.060486738570035 ], [ -8081565.54797304328531, 5833014.254530915059149 ] ] ] } },
{ "type": "Feature", "properties": { "OBJECTID": 8831, "TYPE": "Bande cyclable (marquage)", "NOM": null, "V_VELOBOUC": "Non", "LONGUEUR": 24.913949523974015 }, "geometry": { "type": "MultiLineString", "coordinates": [ [ [ -8081565.54797304328531, 5833014.254530915059149 ], [ -8081586.613582290709019, 5832984.945961306802928 ] ] ] } },
{ "type": "Feature", "properties": { "OBJECTID": 8832, "TYPE": "Piste cyclable", "NOM": null, "V_VELOBOUC": "Non", "LONGUEUR": 112.40114548709703 }, "geometry": { "type": "MultiLineString", "coordinates": [ [ [ -8081586.613582290709019, 5832984.945961306802928 ], [ -8081626.607592776417732, 5832930.782459298148751 ], [ -8081676.635589213110507, 5832849.403773005120456 ] ] ] } },
{ "type": "Feature", "properties": { "OBJECTID": 8833, "TYPE": "Chaussée désignée", "NOM": "Route Verte 5 (est-ouest)", "V_VELOBOUC": "Oui", "LONGUEUR": 107.88098041328058 }, "geometry": { "type": "MultiLineString", "coordinates": [ [ [ -8075075.033447559922934, 5835130.005324284546077 ], [ -8074955.713849112391472, 5835230.817955620586872 ] ] ] } },
{ "type": "Feature", "properties": { "OBJECTID": 8835, "TYPE": "Bande cyclable (marquage)", "NOM": null, "V_VELOBOUC": "Non", "LONGUEUR": 49.368345335301903 }, "geometry": { "type": "MultiLineString", "coordinates": [ [ [ -8078429.209964936599135, 5836200.282672696746886 ], [ -8078396.686836621724069, 5836264.045329520478845 ] ] ] } },
{ "type": "Feature", "properties": { "OBJECTID": 8836, "TYPE": "Bande cyclable (marquage)", "NOM": null, "V_VELOBOUC": "Non", "LONGUEUR": 33.627606852593225 }, "geometry": { "type": "MultiLineString", "coordinates": [ [ [ -8078396.686836621724069, 5836264.045329520478845 ], [ -8078375.060222692787647, 5836306.444650609046221 ], [ -8078374.24855271819979, 5836307.271771876141429 ] ] ] } },
{ "type": "Feature", "properties": { "OBJECTID": 8837, "TYPE": "Bande cyclable (marquage)", "NOM": null, "V_VELOBOUC": "Non", "LONGUEUR": 88.748438060910402 }, "geometry": { "type": "MultiLineString", "coordinates": [ [ [ -8079970.108275081031024, 5837364.013343504630029 ], [ -8079874.513238178566098, 5837449.95738763269037 ] ] ] } },
{ "type": "Feature", "properties": { "OBJECTID": 8838, "TYPE": "Bande cyclable (marquage)", "NOM": null, "V_VELOBOUC": "Non", "LONGUEUR": 114.98571040490205 }, "geometry": { "type": "MultiLineString", "coordinates": [ [ [ -8079858.482095051556826, 5837488.781552918255329 ], [ -8079981.028729554265738, 5837375.979564117267728 ] ] ] } },
{ "type": "Feature", "properties": { "OBJECTID": 8839, "TYPE": "Bande cyclable (marquage)", "NOM": null, "V_VELOBOUC": "Non", "LONGUEUR": 109.53746542132573 }, "geometry": { "type": "MultiLineString", "coordinates": [ [ [ -8079802.59020634740591, 5837530.730371400713921 ], [ -8079686.672787514515221, 5837639.084208158776164 ] ] ] } },
{ "type": "Feature", "properties": { "OBJECTID": 8840, "TYPE": "Bande cyclable (marquage)", "NOM": null, "V_VELOBOUC": "Non", "LONGUEUR": 49.122455856450941 }, "geometry": { "type": "MultiLineString", "coordinates": [ [ [ -8079802.59020634740591, 5837530.730371400713921 ], [ -8079817.934499013237655, 5837526.1041708169505 ], [ -8079858.482095051556826, 5837488.781552918255329 ] ] ] } },
{ "type": "Feature", "properties": { "OBJECTID": 8841, "TYPE": "Bande cyclable (marquage)", "NOM": null, "V_VELOBOUC": "Non", "LONGUEUR": 75.576602816885526 }, "geometry": { "type": "MultiLineString", "coordinates": [ [ [ -8079874.513238178566098, 5837449.95738763269037 ], [ -8079808.091784190386534, 5837515.503641164861619 ], [ -8079802.59020634740591, 5837530.730371400713921 ] ] ] } },
{ "type": "Feature", "properties": { "OBJECTID": 8842, "TYPE": "Accotement asphalté", "NOM": null, "V_VELOBOUC": "Non", "LONGUEUR": 36.00666538895522 }, "geometry": { "type": "MultiLineString", "coordinates": [ [ [ -8079453.590076172724366, 5843821.645396383479238 ], [ -8079447.548213336616755, 5843835.420767299830914 ], [ -8079443.216478054411709, 5843856.987354195676744 ], [ -8079444.59644927829504, 5843872.159151556901634 ] ] ] } },
{ "type": "Feature", "properties": { "OBJECTID": 8843, "TYPE": "Accotement asphalté", "NOM": null, "V_VELOBOUC": "Non", "LONGUEUR": 41.776464469509328 }, "geometry": { "type": "MultiLineString", "coordinates": [ [ [ -8079436.147251087240875, 5843932.195939569734037 ], [ -8079439.316204804927111, 5843902.722844476811588 ], [ -8079444.59644927829504, 5843872.159151556901634 ] ] ] } },
{ "type": "Feature", "properties": { "OBJECTID": 8844, "TYPE": "Accotement asphalté", "NOM": null, "V_VELOBOUC": "Non", "LONGUEUR": 31.037413880518866 }, "geometry": { "type": "MultiLineString", "coordinates": [ [ [ -8079453.590076172724366, 5843821.645396383479238 ], [ -8079461.716991680674255, 5843777.320215037092566 ] ] ] } },
{ "type": "Feature", "properties": { "OBJECTID": 8845, "TYPE": "Accotement asphalté", "NOM": null, "V_VELOBOUC": "Non", "LONGUEUR": 35.833228034547695 }, "geometry": { "type": "MultiLineString", "coordinates": [ [ [ -8079444.59644927829504, 5843872.159151556901634 ], [ -8079450.218995433300734, 5843858.42054264806211 ], [ -8079454.336870202794671, 5843836.598735210485756 ], [ -8079453.590076172724366, 5843821.645396383479238 ] ] ] } },
{ "type": "Feature", "properties": { "OBJECTID": 8847, "TYPE": "Accotement asphalté", "NOM": null, "V_VELOBOUC": "Non", "LONGUEUR": 42.5851697129416 }, "geometry": { "type": "MultiLineString", "coordinates": [ [ [ -8079440.401299831457436, 5843993.59112635999918 ], [ -8079435.316794934682548, 5843961.452404000796378 ], [ -8079435.395732086151838, 5843939.185271561145782 ], [ -8079436.147251087240875, 5843932.195939569734037 ] ] ] } },
{ "type": "Feature", "properties": { "OBJECTID": 8848, "TYPE": "Accotement asphalté", "NOM": null, "V_VELOBOUC": "Non", "LONGUEUR": 32.856126101378749 }, "geometry": { "type": "MultiLineString", "coordinates": [ [ [ -8079440.401299831457436, 5843993.59112635999918 ], [ -8079440.132906880229712, 5844008.959049276076257 ], [ -8079443.209794064052403, 5844022.766749243251979 ], [ -8079443.296762060374022, 5844032.426947963424027 ], [ -8079441.920236886478961, 5844040.845555025152862 ], [ -8079441.920088778249919, 5844040.845843739807606 ] ] ] } },
{ "type": "Feature", "properties": { "OBJECTID": 8849, "TYPE": "Accotement asphalté", "NOM": null, "V_VELOBOUC": "Non", "LONGUEUR": 31.930181191336409 }, "geometry": { "type": "MultiLineString", "coordinates": [ [ [ -8079472.906160599552095, 5844107.548707821406424 ], [ -8079472.893945374526083, 5844093.036509355530143 ], [ -8079471.850527672097087, 5844082.621357368305326 ], [ -8079472.566795923747122, 5844071.301264169625938 ], [ -8079475.046125882305205, 5844061.570204613730311 ] ] ] } },
{ "type": "Feature", "properties": { "OBJECTID": 8850, "TYPE": "Accotement asphalté", "NOM": null, "V_VELOBOUC": "Non", "LONGUEUR": 31.227452390409692 }, "geometry": { "type": "MultiLineString", "coordinates": [ [ [ -8079450.149593837559223, 5844068.775540521368384 ], [ -8079453.958866595290601, 5844073.213287493214011 ], [ -8079458.373433902859688, 5844081.248360530473292 ], [ -8079463.915645027533174, 5844095.237185091711581 ], [ -8079472.906160599552095, 5844107.548707821406424 ] ] ] } },
{ "type": "Feature", "properties": { "OBJECTID": 8851, "TYPE": "Accotement asphalté", "NOM": null, "V_VELOBOUC": "Non", "LONGUEUR": 15.731632550017238 }, "geometry": { "type": "MultiLineString", "coordinates": [ [ [ -8079439.93064112495631, 5844045.221442929469049 ], [ -8079439.030978086404502, 5844051.226635751314461 ], [ -8079439.841391714289784, 5844056.684642814099789 ], [ -8079442.169173398986459, 5844061.748490378260612 ], [ -8079445.902330632321537, 5844066.014893968589604 ] ] ] } },
{ "type": "Feature", "properties": { "OBJECTID": 8852, "TYPE": "Accotement asphalté", "NOM": null, "V_VELOBOUC": "Non", "LONGUEUR": 32.530562978831689 }, "geometry": { "type": "MultiLineString", "coordinates": [ [ [ -8079465.946912317536771, 5844032.976683615706861 ], [ -8079460.716806738637388, 5844027.152278532274067 ], [ -8079454.420505180023611, 5844017.687795558944345 ], [ -8079449.175529785454273, 5844006.120161635801196 ], [ -8079440.401299831457436, 5843993.59112635999918 ] ] ] } },
{ "type": "Feature", "properties": { "OBJECTID": 8853, "TYPE": "Accotement asphalté", "NOM": null, "V_VELOBOUC": "Non", "LONGUEUR": 4.1216333658514559 }, "geometry": { "type": "MultiLineString", "coordinates": [ [ [ -8079471.058437803760171, 5844036.06507405731827 ], [ -8079465.947774427011609, 5844032.97723826020956 ] ] ] } },
{ "type": "Feature", "properties": { "OBJECTID": 8854, "TYPE": "Accotement asphalté", "NOM": null, "V_VELOBOUC": "Non", "LONGUEUR": 15.750940785731977 }, "geometry": { "type": "MultiLineString", "coordinates": [ [ [ -8079477.216655872762203, 5844056.829292417503893 ], [ -8079478.068934827111661, 5844050.819835523143411 ], [ -8079477.200919695198536, 5844045.318250048905611 ], [ -8079474.554823745973408, 5844039.887432616204023 ], [ -8079471.058941437862813, 5844036.065334076061845 ] ] ] } },
{ "type": "Feature", "properties": { "OBJECTID": 8856, "TYPE": "Accotement asphalté", "NOM": null, "V_VELOBOUC": "Non", "LONGUEUR": 3.3116085661842649 }, "geometry": { "type": "MultiLineString", "coordinates": [ [ [ -8079441.920088778249919, 5844040.845843739807606 ], [ -8079439.930898629128933, 5844045.221082886680961 ] ] ] } },
{ "type": "Feature", "properties": { "OBJECTID": 8857, "TYPE": "Accotement asphalté", "NOM": null, "V_VELOBOUC": "Non", "LONGUEUR": 3.4963021972484101 }, "geometry": { "type": "MultiLineString", "coordinates": [ [ [ -8079445.902330632321537, 5844066.014893968589604 ], [ -8079450.149308573454618, 5844068.775174137204885 ], [ -8079450.149593837559223, 5844068.775540521368384 ] ] ] } },
{ "type": "Feature", "properties": { "OBJECTID": 8858, "TYPE": "Accotement asphalté", "NOM": null, "V_VELOBOUC": "Non", "LONGUEUR": 3.592716970918389 }, "geometry": { "type": "MultiLineString", "coordinates": [ [ [ -8079475.046125882305205, 5844061.570204613730311 ], [ -8079477.216655872762203, 5844056.829292417503893 ] ] ] } },
{ "type": "Feature", "properties": { "OBJECTID": 8859, "TYPE": "Accotement asphalté", "NOM": null, "V_VELOBOUC": "Non", "LONGUEUR": 71.47692699495046 }, "geometry": { "type": "MultiLineString", "coordinates": [ [ [ -8079472.906160599552095, 5844107.548707821406424 ], [ -8079490.518137224949896, 5844161.618906354531646 ], [ -8079505.652276408858597, 5844206.004541980102658 ] ] ] } },
{ "type": "Feature", "properties": { "OBJECTID": 8860, "TYPE": "Accotement asphalté", "NOM": null, "V_VELOBOUC": "Non", "LONGUEUR": 25.187792132399878 }, "geometry": { "type": "MultiLineString", "coordinates": [ [ [ -8079505.652276408858597, 5844206.004541980102658 ], [ -8079514.844057342037559, 5844233.096110169775784 ], [ -8079516.915879891254008, 5844240.778395594097674 ] ] ] } },
{ "type": "Feature", "properties": { "OBJECTID": 8861, "TYPE": "Accotement asphalté", "NOM": null, "V_VELOBOUC": "Non", "LONGUEUR": 76.116378594855462 }, "geometry": { "type": "MultiLineString", "coordinates": [ [ [ -8079516.915879891254008, 5844240.778395594097674 ], [ -8079514.770944968797266, 5844256.213686738163233 ], [ -8079521.280080137774348, 5844279.517140615731478 ], [ -8079523.38339499104768, 5844291.357170914299786 ], [ -8079524.527540751732886, 5844306.644214345142245 ], [ -8079524.397224069572985, 5844317.881845477037132 ], [ -8079523.41858338098973, 5844327.95685622561723 ], [ -8079521.882904405705631, 5844336.526821575127542 ], [ -8079518.687936331145465, 5844349.457862433977425 ] ] ] } },
{ "type": "Feature", "properties": { "OBJECTID": 8862, "TYPE": "Accotement asphalté", "NOM": null, "V_VELOBOUC": "Non", "LONGUEUR": 81.630109583510645 }, "geometry": { "type": "MultiLineString", "coordinates": [ [ [ -8079532.543528245761991, 5844353.596492434851825 ], [ -8079536.626860272139311, 5844338.370373273268342 ], [ -8079537.736416420899332, 5844321.956843563355505 ], [ -8079538.111195651814342, 5844309.454018978402019 ], [ -8079537.061236751265824, 5844295.954820422455668 ], [ -8079534.694682174362242, 5844282.03676885087043 ], [ -8079531.803170572966337, 5844268.804284082725644 ], [ -8079527.90035495813936, 5844253.60038457904011 ], [ -8079516.915879891254008, 5844240.778395594097674 ] ] ] } },
{ "type": "Feature", "properties": { "OBJECTID": 8863, "TYPE": "Accotement asphalté", "NOM": null, "V_VELOBOUC": "Non", "LONGUEUR": 111.76941457968617 }, "geometry": { "type": "MultiLineString", "coordinates": [ [ [ -8079518.687936331145465, 5844349.457862433977425 ], [ -8079516.261868903413415, 5844355.539051522500813 ], [ -8079511.248028329573572, 5844366.777397928759456 ], [ -8079503.329836546443403, 5844380.748393120244145 ], [ -8079497.664726298302412, 5844388.693828788585961 ], [ -8079486.973744730465114, 5844403.958182983100414 ], [ -8079471.551429500803351, 5844424.258555496111512 ], [ -8079426.323114166967571, 5844481.988324981182814 ] ] ] } },
{ "type": "Feature", "properties": { "OBJECTID": 8864, "TYPE": "Accotement asphalté", "NOM": null, "V_VELOBOUC": "Non", "LONGUEUR": 117.16673361775499 }, "geometry": { "type": "MultiLineString", "coordinates": [ [ [ -8079435.562089689075947, 5844492.292555662803352 ], [ -8079444.135727948509157, 5844481.268604969605803 ], [ -8079461.570150001905859, 5844459.224072899669409 ], [ -8079492.298629830591381, 5844420.38936123624444 ], [ -8079502.863368188031018, 5844406.103349010460079 ], [ -8079511.862366434186697, 5844393.06708746496588 ], [ -8079519.399127474054694, 5844382.26163169555366 ], [ -8079526.681372839957476, 5844368.628983101807535 ], [ -8079532.543528245761991, 5844353.596492434851825 ] ] ] } },
{ "type": "Feature", "properties": { "OBJECTID": 8865, "TYPE": "Accotement asphalté", "NOM": null, "V_VELOBOUC": "Non", "LONGUEUR": 55.57496157472805 }, "geometry": { "type": "MultiLineString", "coordinates": [ [ [ -8079426.323114166967571, 5844481.988324981182814 ], [ -8079375.261008035391569, 5844544.352774660103023 ] ] ] } },
{ "type": "Feature", "properties": { "OBJECTID": 8866, "TYPE": "Accotement asphalté", "NOM": null, "V_VELOBOUC": "Non", "LONGUEUR": 53.957033871231751 }, "geometry": { "type": "MultiLineString", "coordinates": [ [ [ -8079386.592112081125379, 5844553.335481672547758 ], [ -8079435.562089689075947, 5844492.292555662803352 ] ] ] } },
{ "type": "Feature", "properties": { "OBJECTID": 8867, "TYPE": "Accotement asphalté", "NOM": null, "V_VELOBOUC": "Non", "LONGUEUR": 105.49509985464904 }, "geometry": { "type": "MultiLineString", "coordinates": [ [ [ -8079335.717864721082151, 5844608.672930005006492 ], [ -8079327.664202127605677, 5844620.312403066083789 ], [ -8079312.292622468434274, 5844645.133622033521533 ], [ -8079295.034055607393384, 5844678.735610044561327 ], [ -8079264.870824844576418, 5844744.080887479707599 ] ] ] } },
{ "type": "Feature", "properties": { "OBJECTID": 8869, "TYPE": "Accotement asphalté", "NOM": null, "V_VELOBOUC": "Non", "LONGUEUR": 53.250470323624739 }, "geometry": { "type": "MultiLineString", "coordinates": [ [ [ -8079375.261008035391569, 5844544.352774660103023 ], [ -8079351.104402175173163, 5844576.437098933383822 ], [ -8079339.431644516997039, 5844592.093568894080818 ], [ -8079336.07834819983691, 5844597.338977184146643 ], [ -8079335.717864721082151, 5844608.672930005006492 ] ] ] } },
{ "type": "Feature", "properties": { "OBJECTID": 8870, "TYPE": "Accotement asphalté", "NOM": null, "V_VELOBOUC": "Non", "LONGUEUR": 53.005833257627003 }, "geometry": { "type": "MultiLineString", "coordinates": [ [ [ -8079335.717864721082151, 5844608.672930005006492 ], [ -8079346.924751829355955, 5844604.861670937389135 ], [ -8079386.592112081125379, 5844553.335481672547758 ] ] ] } },
{ "type": "Feature", "properties": { "OBJECTID": 8876, "TYPE": "Accotement asphalté", "NOM": null, "V_VELOBOUC": "Non", "LONGUEUR": 114.1483655018141 }, "geometry": { "type": "MultiLineString", "coordinates": [ [ [ -8079168.546867487952113, 5845021.016445700079203 ], [ -8079167.197439116425812, 5845030.74394821934402 ], [ -8079165.499485396780074, 5845045.06615804694593 ], [ -8079164.087288199923933, 5845062.375803238712251 ], [ -8079162.823145296424627, 5845076.40526046231389 ], [ -8079162.166660358197987, 5845110.383887141011655 ], [ -8079162.572957284748554, 5845140.693849119357765 ], [ -8079164.621797846630216, 5845166.520712451077998 ], [ -8079167.337785952724516, 5845186.204825159162283 ] ] ] } },
{ "type": "Feature", "properties": { "OBJECTID": 8877, "TYPE": "Accotement asphalté", "NOM": null, "V_VELOBOUC": "Non", "LONGUEUR": 163.51080411741609 }, "geometry": { "type": "MultiLineString", "coordinates": [ [ [ -8079264.870824844576418, 5844744.080887479707599 ], [ -8079256.56536980997771, 5844762.073627353645861 ], [ -8079212.169671827927232, 5844858.873387213796377 ], [ -8079204.031454989686608, 5844877.595061429776251 ], [ -8079196.089656822383404, 5844898.444735711440444 ], [ -8079189.536118102259934, 5844918.503777134232223 ], [ -8079184.74307881295681, 5844935.39408719073981 ], [ -8079180.763461738824844, 5844952.163094547577202 ], [ -8079178.367270331829786, 5844964.35157285630703 ] ] ] } },
{ "type": "Feature", "properties": { "OBJECTID": 8878, "TYPE": "Accotement asphalté", "NOM": null, "V_VELOBOUC": "Non", "LONGUEUR": 40.405669197315959 }, "geometry": { "type": "MultiLineString", "coordinates": [ [ [ -8079178.367270331829786, 5844964.35157285630703 ], [ -8079171.575018583796918, 5844977.938591008074582 ], [ -8079167.197436965070665, 5845006.025855568237603 ], [ -8079168.546867487952113, 5845021.016445700079203 ] ] ] } },
{ "type": "Feature", "properties": { "OBJECTID": 8879, "TYPE": "Accotement asphalté", "NOM": null, "V_VELOBOUC": "Non", "LONGUEUR": 40.051475920292091 }, "geometry": { "type": "MultiLineString", "coordinates": [ [ [ -8079168.546867487952113, 5845021.016445700079203 ], [ -8079174.222699649631977, 5845007.174468698911369 ], [ -8079178.782631069421768, 5844979.041077575646341 ], [ -8079178.367270331829786, 5844964.35157285630703 ] ] ] } },
{ "type": "Feature", "properties": { "OBJECTID": 8880, "TYPE": "Accotement asphalté", "NOM": null, "V_VELOBOUC": "Non", "LONGUEUR": 31.463001283024873 }, "geometry": { "type": "MultiLineString", "coordinates": [ [ [ -8079167.337785952724516, 5845186.204825159162283 ], [ -8079167.536156879737973, 5845187.642413578927517 ], [ -8079166.06150475051254, 5845201.235769759863615 ], [ -8079168.164444881491363, 5845211.490607655607164 ], [ -8079176.580154874362051, 5845229.730921709910035 ] ] ] } },
{ "type": "Feature", "properties": { "OBJECTID": 8881, "TYPE": "Accotement asphalté", "NOM": null, "V_VELOBOUC": "Non", "LONGUEUR": 31.0625925985292 }, "geometry": { "type": "MultiLineString", "coordinates": [ [ [ -8079176.580154874362051, 5845229.730921709910035 ], [ -8079175.451900930143893, 5845210.031106632202864 ], [ -8079173.374209036119282, 5845199.891961496323347 ], [ -8079167.536156879737973, 5845187.642413578927517 ], [ -8079167.337785952724516, 5845186.204825159162283 ] ] ] } },
{ "type": "Feature", "properties": { "OBJECTID": 8882, "TYPE": "Bande cyclable (marquage)", "NOM": "Route Verte 5 (est-ouest)", "V_VELOBOUC": "Oui", "LONGUEUR": 81.477338557074489 }, "geometry": { "type": "MultiLineString", "coordinates": [ [ [ -8089561.122886536642909, 5827345.21284675784409 ], [ -8089550.075370186939836, 5827362.25371032487601 ], [ -8089531.240141037851572, 5827393.715655321255326 ], [ -8089503.30850213766098, 5827447.973836146295071 ] ] ] } },
{ "type": "Feature", "properties": { "OBJECTID": 8883, "TYPE": "Bande cyclable (marquage)", "NOM": "Route Verte 5 (est-ouest)", "V_VELOBOUC": "Oui", "LONGUEUR": 36.996818066034493 }, "geometry": { "type": "MultiLineString", "coordinates": [ [ [ -8089488.689974662847817, 5827496.687971254810691 ], [ -8089506.788436823524535, 5827462.20827582012862 ], [ -8089503.30850213766098, 5827447.973836146295071 ] ] ] } },
{ "type": "Feature", "properties": { "OBJECTID": 8884, "TYPE": "Bande cyclable (marquage)", "NOM": "Route Verte 5 (est-ouest)", "V_VELOBOUC": "Oui", "LONGUEUR": 37.147644086399517 }, "geometry": { "type": "MultiLineString", "coordinates": [ [ [ -8089503.30850213766098, 5827447.973836146295071 ], [ -8089487.147938692942262, 5827454.024558729492128 ], [ -8089470.043335733935237, 5827486.282600545324385 ] ] ] } },
{ "type": "Feature", "properties": { "OBJECTID": 8885, "TYPE": "Bande cyclable (marquage)", "NOM": "Route Verte 5 (est-ouest)", "V_VELOBOUC": "Oui", "LONGUEUR": 113.82053595030045 }, "geometry": { "type": "MultiLineString", "coordinates": [ [ [ -8089456.26055861543864, 5827539.365017376840115 ], [ -8089430.666945405304432, 5827589.080433633178473 ], [ -8089381.645726679824293, 5827686.381960044614971 ] ] ] } },
{ "type": "Feature", "properties": { "OBJECTID": 8887, "TYPE": "Bande cyclable (marquage)", "NOM": "Route Verte 5 (est-ouest)", "V_VELOBOUC": "Oui", "LONGUEUR": 39.352031997252759 }, "geometry": { "type": "MultiLineString", "coordinates": [ [ [ -8089470.043335733935237, 5827486.282600545324385 ], [ -8089453.397380390204489, 5827521.889777942560613 ], [ -8089456.26055861543864, 5827539.365017376840115 ] ] ] } },
{ "type": "Feature", "properties": { "OBJECTID": 8888, "TYPE": "Bande cyclable (marquage)", "NOM": "Route Verte 5 (est-ouest)", "V_VELOBOUC": "Oui", "LONGUEUR": 38.760909990844645 }, "geometry": { "type": "MultiLineString", "coordinates": [ [ [ -8089456.26055861543864, 5827539.365017376840115 ], [ -8089473.191120363771915, 5827530.056038501672447 ], [ -8089488.689974662847817, 5827496.687971254810691 ] ] ] } },
{ "type": "Feature", "properties": { "OBJECTID": 9227, "TYPE": "Bande cyclable (marquage)", "NOM": "Route Verte 5 (est-ouest)", "V_VELOBOUC": "Oui", "LONGUEUR": 43.980780855361864 }, "geometry": { "type": "MultiLineString", "coordinates": [ [ [ -8082156.184300291351974, 5831535.969194441102445 ], [ -8082190.989566574804485, 5831569.122648797929287 ], [ -8082204.569798381067812, 5831576.776421127840877 ] ] ] } },
{ "type": "Feature", "properties": { "OBJECTID": 9228, "TYPE": "Bande cyclable (marquage)", "NOM": "Route Verte 5 (est-ouest)", "V_VELOBOUC": "Oui", "LONGUEUR": 43.123369316786047 }, "geometry": { "type": "MultiLineString", "coordinates": [ [ [ -8082113.234073862433434, 5831490.962971149012446 ], [ -8082121.848955160006881, 5831503.263112060725689 ], [ -8082156.184300291351974, 5831535.969194441102445 ] ] ] } },
{ "type": "Feature", "properties": { "OBJECTID": 9229, "TYPE": "Bande cyclable (marquage)", "NOM": "Route Verte 5 (est-ouest)", "V_VELOBOUC": "Oui", "LONGUEUR": 41.583557174831739 }, "geometry": { "type": "MultiLineString", "coordinates": [ [ [ -8082248.29674084763974, 5831618.149546135216951 ], [ -8082204.569798381067812, 5831576.776421127840877 ] ] ] } },
{ "type": "Feature", "properties": { "OBJECTID": 9230, "TYPE": "Bande cyclable (marquage)", "NOM": "Route Verte 5 (est-ouest)", "V_VELOBOUC": "Oui", "LONGUEUR": 42.729452069332694 }, "geometry": { "type": "MultiLineString", "coordinates": [ [ [ -8082204.569798381067812, 5831576.776421127840877 ], [ -8082196.02993175573647, 5831564.422040849924088 ], [ -8082162.16465022508055, 5831532.050609984435141 ] ] ] } },
{ "type": "Feature", "properties": { "OBJECTID": 9231, "TYPE": "Bande cyclable (marquage)", "NOM": "Route Verte 5 (est-ouest)", "V_VELOBOUC": "Oui", "LONGUEUR": 18.420414623064946 }, "geometry": { "type": "MultiLineString", "coordinates": [ [ [ -8082113.234073862433434, 5831490.962971149012446 ], [ -8082093.736408679746091, 5831472.773176148533821 ] ] ] } },
{ "type": "Feature", "properties": { "OBJECTID": 9232, "TYPE": "Bande cyclable (marquage)", "NOM": "Route Verte 5 (est-ouest)", "V_VELOBOUC": "Oui", "LONGUEUR": 44.443267231186653 }, "geometry": { "type": "MultiLineString", "coordinates": [ [ [ -8082162.16465022508055, 5831532.050609984435141 ], [ -8082126.687579427845776, 5831498.138214929960668 ], [ -8082113.234073862433434, 5831490.962971149012446 ] ] ] } },
{ "type": "Feature", "properties": { "OBJECTID": 9233, "TYPE": "Chaussée désignée", "NOM": "Route Verte 5 (est-ouest)", "V_VELOBOUC": "Oui", "LONGUEUR": 57.947468194772419 }, "geometry": { "type": "MultiLineString", "coordinates": [ [ [ -8075706.867994954809546, 5835044.409010224975646 ], [ -8075644.689275216311216, 5835016.313581513240933 ], [ -8075630.577994770370424, 5835009.648078561760485 ] ] ] } },
{ "type": "Feature", "properties": { "OBJECTID": 9234, "TYPE": "Chaussée désignée", "NOM": "Route Verte 5 (est-ouest)", "V_VELOBOUC": "Oui", "LONGUEUR": 8.9905885381603365 }, "geometry": { "type": "MultiLineString", "coordinates": [ [ [ -8075718.721557483077049, 5835049.764977893792093 ], [ -8075706.867994954809546, 5835044.409010224975646 ] ] ] } },
{ "type": "Feature", "properties": { "OBJECTID": 9235, "TYPE": "Bande cyclable (marquage)", "NOM": null, "V_VELOBOUC": "Non", "LONGUEUR": 80.371990412337553 }, "geometry": { "type": "MultiLineString", "coordinates": [ [ [ -8079981.028729554265738, 5837375.979564117267728 ], [ -8079999.944180758669972, 5837359.586337834596634 ], [ -8080066.756488672457635, 5837297.233071816153824 ] ] ] } },
{ "type": "Feature", "properties": { "OBJECTID": 9236, "TYPE": "Bande cyclable (marquage)", "NOM": null, "V_VELOBOUC": "Non", "LONGUEUR": 89.776525941632414 }, "geometry": { "type": "MultiLineString", "coordinates": [ [ [ -8080063.98157219029963, 5837275.148090444505215 ], [ -8079988.398581239394844, 5837345.686574999243021 ], [ -8079969.56421934813261, 5837364.558490234427154 ] ] ] } },
{ "type": "Feature", "properties": { "OBJECTID": 9237, "TYPE": "Bande cyclable (marquage)", "NOM": null, "V_VELOBOUC": "Non", "LONGUEUR": 65.687580341517048 }, "geometry": { "type": "MultiLineString", "coordinates": [ [ [ -8080066.756488672457635, 5837297.233071816153824 ], [ -8080076.039152783341706, 5837288.569853735156357 ], [ -8080106.361118763685226, 5837264.349269061349332 ], [ -8080144.86357937194407, 5837243.888753460720181 ] ] ] } },
{ "type": "Feature", "properties": { "OBJECTID": 9238, "TYPE": "Bande cyclable (marquage)", "NOM": null, "V_VELOBOUC": "Non", "LONGUEUR": 62.658431300136272 }, "geometry": { "type": "MultiLineString", "coordinates": [ [ [ -8080138.043480238877237, 5837223.616769907064736 ], [ -8080104.424018085002899, 5837241.482410329394042 ], [ -8080074.102125951088965, 5837265.702926851809025 ], [ -8080063.98157219029963, 5837275.148090444505215 ] ] ] } },
{ "type": "Feature", "properties": { "OBJECTID": 9239, "TYPE": "Bande cyclable (marquage)", "NOM": null, "V_VELOBOUC": "Non", "LONGUEUR": 228.13209503946788 }, "geometry": { "type": "MultiLineString", "coordinates": [ [ [ -8084161.953165467828512, 5838294.327059931121767 ], [ -8084040.629411075264215, 5838176.116628753021359 ], [ -8083924.839280401356518, 5838064.077867213636637 ] ] ] } },
{ "type": "Feature", "properties": { "OBJECTID": 9240, "TYPE": "Bande cyclable (marquage)", "NOM": null, "V_VELOBOUC": "Non", "LONGUEUR": 39.678072543496768 }, "geometry": { "type": "MultiLineString", "coordinates": [ [ [ -8083877.71635424066335, 5838034.398444072343409 ], [ -8083907.16447189822793, 5838060.645524791441858 ], [ -8083924.839280401356518, 5838064.077867213636637 ] ] ] } },
{ "type": "Feature", "properties": { "OBJECTID": 9241, "TYPE": "Bande cyclable (marquage)", "NOM": null, "V_VELOBOUC": "Non", "LONGUEUR": 39.576725350639087 }, "geometry": { "type": "MultiLineString", "coordinates": [ [ [ -8083924.839280401356518, 5838064.077867213636637 ], [ -8083919.039823542349041, 5838045.918292183429003 ], [ -8083892.477308784611523, 5838018.321217199787498 ] ] ] } },
{ "type": "Feature", "properties": { "OBJECTID": 9242, "TYPE": "Bande cyclable (marquage)", "NOM": null, "V_VELOBOUC": "Non", "LONGUEUR": 193.47407582880027 }, "geometry": { "type": "MultiLineString", "coordinates": [ [ [ -8083892.477308784611523, 5838018.321217199787498 ], [ -8083877.818698035553098, 5838002.485174231231213 ], [ -8083779.916696288622916, 5837906.180541730485857 ], [ -8083692.926751140505075, 5837821.514418969862163 ] ] ] } },
{ "type": "Feature", "properties": { "OBJECTID": 9244, "TYPE": "Bande cyclable (marquage)", "NOM": null, "V_VELOBOUC": "Non", "LONGUEUR": 269.94984647795002 }, "geometry": { "type": "MultiLineString", "coordinates": [ [ [ -8076843.595743667334318, 5839955.768231398425996 ], [ -8076785.77848207205534, 5840101.364632412791252 ], [ -8076750.943965882994235, 5840162.323138475418091 ], [ -8076700.442397408187389, 5840220.378342270851135 ], [ -8076636.374267741106451, 5840280.166380912996829 ] ] ] } },
{ "type": "Feature", "properties": { "OBJECTID": 9245, "TYPE": "Bande cyclable (marquage)", "NOM": null, "V_VELOBOUC": "Non", "LONGUEUR": 53.004212354514806 }, "geometry": { "type": "MultiLineString", "coordinates": [ [ [ -8076871.976497748866677, 5839884.298246951773763 ], [ -8076843.595743667334318, 5839955.768231398425996 ] ] ] } },
{ "type": "Feature", "properties": { "OBJECTID": 9246, "TYPE": "Bande cyclable (marquage)", "NOM": "Route Verte 5 (est-ouest)", "V_VELOBOUC": "Oui", "LONGUEUR": 86.94699007655511 }, "geometry": { "type": "MultiLineString", "coordinates": [ [ [ -8082601.641202837228775, 5831792.07336213067174 ], [ -8082590.328092060983181, 5831795.586186481639743 ], [ -8082579.325829079374671, 5831800.309566244482994 ], [ -8082555.634295352734625, 5831809.85815867036581 ], [ -8082499.855739761143923, 5831837.812841132283211 ], [ -8082487.587507856078446, 5831844.551972266286612 ] ] ] } },
{ "type": "Feature", "properties": { "OBJECTID": 9247, "TYPE": "Bande cyclable (marquage)", "NOM": "Route Verte 5 (est-ouest)", "V_VELOBOUC": "Oui", "LONGUEUR": 79.449479329536217 }, "geometry": { "type": "MultiLineString", "coordinates": [ [ [ -8082713.882690214551985, 5831769.093258724547923 ], [ -8082709.891300010494888, 5831768.99655531719327 ], [ -8082673.516337118111551, 5831774.071840330958366 ], [ -8082623.809964413754642, 5831785.303578360006213 ], [ -8082605.90206734277308, 5831790.750316806137562 ], [ -8082601.641202837228775, 5831792.07336213067174 ] ] ] } },
{ "type": "Feature", "properties": { "OBJECTID": 9627, "TYPE": "Vélorue", "NOM": null, "V_VELOBOUC": "Non", "LONGUEUR": 72.321803734770242 }, "geometry": { "type": "MultiLineString", "coordinates": [ [ [ -8075048.195005184970796, 5835893.985316551290452 ], [ -8075107.705847927369177, 5835973.566338662058115 ], [ -8075110.696347386576235, 5835978.101376416161656 ] ] ] } },
{ "type": "Feature", "properties": { "OBJECTID": 9629, "TYPE": "Vélorue", "NOM": null, "V_VELOBOUC": "Non", "LONGUEUR": 21.085566735625108 }, "geometry": { "type": "MultiLineString", "coordinates": [ [ [ -8075839.406156143173575, 5836849.877509641461074 ], [ -8075858.670526455156505, 5836873.594234290532768 ] ] ] } },
{ "type": "Feature", "properties": { "OBJECTID": 9633, "TYPE": "Vélorue", "NOM": null, "V_VELOBOUC": "Non", "LONGUEUR": 138.6331373514013 }, "geometry": { "type": "MultiLineString", "coordinates": [ [ [ -8075710.5086117554456, 5836695.804816954769194 ], [ -8075839.406156143173575, 5836849.877509641461074 ] ] ] } },
{ "type": "Feature", "properties": { "OBJECTID": 9634, "TYPE": "Vélorue", "NOM": null, "V_VELOBOUC": "Non", "LONGUEUR": 20.895063520557315 }, "geometry": { "type": "MultiLineString", "coordinates": [ [ [ -8075691.081317635253072, 5836672.58273384347558 ], [ -8075710.5086117554456, 5836695.804816954769194 ] ] ] } },
{ "type": "Feature", "properties": { "OBJECTID": 9635, "TYPE": "Vélorue", "NOM": null, "V_VELOBOUC": "Non", "LONGUEUR": 96.259277350822131 }, "geometry": { "type": "MultiLineString", "coordinates": [ [ [ -8075602.03311733994633, 5836566.029018402099609 ], [ -8075691.731725605204701, 5836672.837456371635199 ] ] ] } },
{ "type": "Feature", "properties": { "OBJECTID": 9637, "TYPE": "Vélorue", "NOM": null, "V_VELOBOUC": "Non", "LONGUEUR": 79.454955811394314 }, "geometry": { "type": "MultiLineString", "coordinates": [ [ [ -8075529.856294726021588, 5836476.326994152739644 ], [ -8075602.03311733994633, 5836566.029018402099609 ] ] ] } },
{ "type": "Feature", "properties": { "OBJECTID": 9639, "TYPE": "Vélorue", "NOM": null, "V_VELOBOUC": "Non", "LONGUEUR": 251.95957605692675 }, "geometry": { "type": "MultiLineString", "coordinates": [ [ [ -8075295.081433407031, 5836196.760037845000625 ], [ -8075529.856294726021588, 5836476.326994152739644 ] ] ] } },
{ "type": "Feature", "properties": { "OBJECTID": 9641, "TYPE": "Vélorue", "NOM": null, "V_VELOBOUC": "Non", "LONGUEUR": 63.656069604619205 }, "geometry": { "type": "MultiLineString", "coordinates": [ [ [ -8075235.276504951529205, 5836126.549033539369702 ], [ -8075295.081433407031, 5836196.760037845000625 ] ] ] } },
{ "type": "Feature", "properties": { "OBJECTID": 9643, "TYPE": "Vélorue", "NOM": null, "V_VELOBOUC": "Non", "LONGUEUR": 30.530531103143293 }, "geometry": { "type": "MultiLineString", "coordinates": [ [ [ -8075206.250618746504188, 5836093.171601777896285 ], [ -8075235.276504951529205, 5836126.549033539369702 ] ] ] } },
{ "type": "Feature", "properties": { "OBJECTID": 9646, "TYPE": "Vélorue", "NOM": null, "V_VELOBOUC": "Non", "LONGUEUR": 30.108655940837505 }, "geometry": { "type": "MultiLineString", "coordinates": [ [ [ -8075178.282606479711831, 5836059.69258130621165 ], [ -8075179.076828942634165, 5836060.686173293739557 ], [ -8075206.250618746504188, 5836093.171601777896285 ] ] ] } },
{ "type": "Feature", "properties": { "OBJECTID": 9648, "TYPE": "Vélorue", "NOM": null, "V_VELOBOUC": "Non", "LONGUEUR": 73.122923788598101 }, "geometry": { "type": "MultiLineString", "coordinates": [ [ [ -8075110.696347386576235, 5835978.101376416161656 ], [ -8075178.282606479711831, 5836059.69258130621165 ] ] ] } },
{ "type": "Feature", "properties": { "OBJECTID": 9649, "TYPE": "Piste cyclable", "NOM": null, "V_VELOBOUC": "Non", "LONGUEUR": 116.24604648918636 }, "geometry": { "type": "MultiLineString", "coordinates": [ [ [ -8081168.188778479583561, 5832006.106610340997577 ], [ -8081154.029576282948256, 5832018.954938219860196 ], [ -8081266.279857422225177, 5832117.168509736657143 ] ] ] } },
{ "type": "Feature", "properties": { "OBJECTID": 9650, "TYPE": "Piste cyclable", "NOM": null, "V_VELOBOUC": "Non", "LONGUEUR": 87.406939438532277 }, "geometry": { "type": "MultiLineString", "coordinates": [ [ [ -8081266.279857422225177, 5832117.168509736657143 ], [ -8081358.191151674836874, 5832204.145669450052083 ] ] ] } },
{ "type": "Feature", "properties": { "OBJECTID": 9651, "TYPE": "Chaussée désignée", "NOM": null, "V_VELOBOUC": "Non", "LONGUEUR": 248.02552698784103 }, "geometry": { "type": "MultiLineString", "coordinates": [ [ [ -8073559.571706640534103, 5837646.68060097284615 ], [ -8073530.8580322843045, 5837287.941704504191875 ] ] ] } },
{ "type": "Feature", "properties": { "OBJECTID": 9652, "TYPE": "Chaussée désignée", "NOM": null, "V_VELOBOUC": "Non", "LONGUEUR": 16.730756835710913 }, "geometry": { "type": "MultiLineString", "coordinates": [ [ [ -8073532.416093724779785, 5837240.164025763049722 ], [ -8073533.213330404832959, 5837235.696005799807608 ], [ -8073530.638591914437711, 5837225.878690811805427 ], [ -8073524.529071418568492, 5837218.508421753533185 ] ] ] } },
{ "type": "Feature", "properties": { "OBJECTID": 9653, "TYPE": "Chaussée désignée", "NOM": null, "V_VELOBOUC": "Non", "LONGUEUR": 12.445946266230981 }, "geometry": { "type": "MultiLineString", "coordinates": [ [ [ -8073529.352980945259333, 5837257.959502208046615 ], [ -8073531.223321337252855, 5837246.848992899991572 ], [ -8073532.416093724779785, 5837240.164025763049722 ] ] ] } },
{ "type": "Feature", "properties": { "OBJECTID": 9654, "TYPE": "Chaussée désignée", "NOM": null, "V_VELOBOUC": "Non", "LONGUEUR": 20.756761268759291 }, "geometry": { "type": "MultiLineString", "coordinates": [ [ [ -8073530.8580322843045, 5837287.941704504191875 ], [ -8073528.746590125374496, 5837261.56172576919198 ], [ -8073529.352980945259333, 5837257.959502208046615 ] ] ] } },
{ "type": "Feature", "properties": { "OBJECTID": 9655, "TYPE": "Chaussée désignée", "NOM": null, "V_VELOBOUC": "Non", "LONGUEUR": 79.129146372305513 }, "geometry": { "type": "MultiLineString", "coordinates": [ [ [ -8073618.315119182690978, 5837736.415880017913878 ], [ -8073598.371934567578137, 5837725.925990423187613 ], [ -8073578.491021672263741, 5837708.594467063434422 ], [ -8073570.607855653390288, 5837696.018503274768591 ], [ -8073564.666362625546753, 5837681.162766572088003 ], [ -8073561.037354036234319, 5837664.991729449480772 ], [ -8073559.571706640534103, 5837646.68060097284615 ] ] ] } },
{ "type": "Feature", "properties": { "OBJECTID": 9657, "TYPE": "Bande cyclable (marquage)", "NOM": null, "V_VELOBOUC": "Non", "LONGUEUR": 177.01177531120635 }, "geometry": { "type": "MultiLineString", "coordinates": [ [ [ -8077284.053675564005971, 5833828.143819926306605 ], [ -8077468.101793626323342, 5833649.746369917877018 ] ] ] } },
{ "type": "Feature", "properties": { "OBJECTID": 9658, "TYPE": "Bande cyclable (marquage)", "NOM": null, "V_VELOBOUC": "Non", "LONGUEUR": 152.69743835086467 }, "geometry": { "type": "MultiLineString", "coordinates": [ [ [ -8078248.50994738470763, 5832896.746338813565671 ], [ -8078266.636924576945603, 5832892.908975439146161 ], [ -8078413.324441652745008, 5832753.265683654695749 ] ] ] } },
{ "type": "Feature", "properties": { "OBJECTID": 9659, "TYPE": "Piste cyclable", "NOM": null, "V_VELOBOUC": "Non", "LONGUEUR": 259.66870112329588 }, "geometry": { "type": "MultiLineString", "coordinates": [ [ [ -8078030.25793082267046, 5833073.046938140876591 ], [ -8077941.993298783898354, 5833156.940525944344699 ], [ -8077891.300159177742898, 5833212.83038242906332 ], [ -8077885.615708803758025, 5833219.073095889762044 ], [ -8077828.517394624650478, 5833281.778723641298711 ], [ -8077769.337581566534936, 5833343.554937776178122 ] ] ] } },
{ "type": "Feature", "properties": { "OBJECTID": 9660, "TYPE": "Piste cyclable", "NOM": null, "V_VELOBOUC": "Non", "LONGUEUR": 194.56043789097384 }, "geometry": { "type": "MultiLineString", "coordinates": [ [ [ -8078056.533797478303313, 5833098.957208110950887 ], [ -8078089.211408722214401, 5833064.123227375559509 ], [ -8078188.719063591212034, 5832968.592132416553795 ], [ -8078235.564817077480257, 5832923.715453024022281 ], [ -8078244.119139197282493, 5832915.520632099360228 ], [ -8078248.464992844499648, 5832896.699395493604243 ] ] ] } },
{ "type": "Feature", "properties": { "OBJECTID": 9661, "TYPE": "Piste cyclable", "NOM": null, "V_VELOBOUC": "Non", "LONGUEUR": 198.78816048807636 }, "geometry": { "type": "MultiLineString", "coordinates": [ [ [ -8078248.464992844499648, 5832896.699395493604243 ], [ -8078240.121389650739729, 5832891.416034194640815 ], [ -8078223.581804791465402, 5832907.338386552408338 ], [ -8078205.410133482888341, 5832920.535993951372802 ], [ -8078173.524715591222048, 5832946.461916383355856 ], [ -8078132.503211569041014, 5832979.355321990326047 ], [ -8078125.795321906916797, 5832984.734034060500562 ], [ -8078106.646187045611441, 5832999.704483713023365 ], [ -8078055.728375890292227, 5833048.837528957054019 ], [ -8078030.25793082267046, 5833073.046938140876591 ] ] ] } },
{ "type": "Feature", "properties": { "OBJECTID": 9665, "TYPE": "Piste cyclable", "NOM": null, "V_VELOBOUC": "Non", "LONGUEUR": 262.9500133802843 }, "geometry": { "type": "MultiLineString", "coordinates": [ [ [ -8077780.913898590952158, 5833361.038652353920043 ], [ -8077823.756425736472011, 5833322.248348358087242 ], [ -8077907.639068516902626, 5833241.253592468798161 ], [ -8077941.075309329666197, 5833208.968070338480175 ], [ -8077987.21043702121824, 5833163.308878622949123 ], [ -8078004.064316915348172, 5833150.742993913590908 ], [ -8078017.003155983053148, 5833141.096059284172952 ], [ -8078056.533797478303313, 5833098.957208110950887 ] ] ] } },
{ "type": "Feature", "properties": { "OBJECTID": 9670, "TYPE": "Bande cyclable (marquage)", "NOM": null, "V_VELOBOUC": "Non", "LONGUEUR": 81.727576531906593 }, "geometry": { "type": "MultiLineString", "coordinates": [ [ [ -8077690.105966351926327, 5833434.707890915684402 ], [ -8077706.213123626075685, 5833429.646370966918766 ], [ -8077780.913898590952158, 5833361.038652353920043 ] ] ] } },
{ "type": "Feature", "properties": { "OBJECTID": 9671, "TYPE": "Bande cyclable (marquage)", "NOM": null, "V_VELOBOUC": "Non", "LONGUEUR": 84.599443300705971 }, "geometry": { "type": "MultiLineString", "coordinates": [ [ [ -8077769.337581566534936, 5833343.554937776178122 ], [ -8077694.402447900734842, 5833419.067567067220807 ], [ -8077690.003382569178939, 5833434.600715583190322 ] ] ] } },
{ "type": "Feature", "properties": { "OBJECTID": 9672, "TYPE": "Bande cyclable (marquage)", "NOM": null, "V_VELOBOUC": "Non", "LONGUEUR": 100.70778692513986 }, "geometry": { "type": "MultiLineString", "coordinates": [ [ [ -8077585.321554100140929, 5833536.121607855893672 ], [ -8077663.659618039615452, 5833460.184351606294513 ], [ -8077690.105966351926327, 5833434.707890915684402 ] ] ] } },
{ "type": "Feature", "properties": { "OBJECTID": 9673, "TYPE": "Bande cyclable (marquage)", "NOM": null, "V_VELOBOUC": "Non", "LONGUEUR": 112.74203386515831 }, "geometry": { "type": "MultiLineString", "coordinates": [ [ [ -8077468.101793626323342, 5833649.746369917877018 ], [ -8077585.321554100140929, 5833536.121607855893672 ] ] ] } },
{ "type": "Feature", "properties": { "OBJECTID": 9674, "TYPE": "Bande cyclable (marquage)", "NOM": null, "V_VELOBOUC": "Non", "LONGUEUR": 146.87205941743991 }, "geometry": { "type": "MultiLineString", "coordinates": [ [ [ -8077129.777452412992716, 5833974.527874694205821 ], [ -8077284.053675564005971, 5833828.143819926306605 ] ] ] } },
{ "type": "Feature", "properties": { "OBJECTID": 9675, "TYPE": "Bande cyclable (marquage)", "NOM": null, "V_VELOBOUC": "Non", "LONGUEUR": 80.699079871653282 }, "geometry": { "type": "MultiLineString", "coordinates": [ [ [ -8078568.959430616348982, 5832591.45478571485728 ], [ -8078551.051776219159365, 5832594.40644901804626 ], [ -8078479.56835428532213, 5832662.407995582558215 ] ] ] } },
{ "type": "Feature", "properties": { "OBJECTID": 9676, "TYPE": "Bande cyclable (marquage)", "NOM": null, "V_VELOBOUC": "Non", "LONGUEUR": 73.641321662127979 }, "geometry": { "type": "MultiLineString", "coordinates": [ [ [ -8078479.56835428532213, 5832662.407995582558215 ], [ -8078402.735772291198373, 5832736.332853365689516 ] ] ] } },
{ "type": "Feature", "properties": { "OBJECTID": 9678, "TYPE": "Bande cyclable (marquage)", "NOM": null, "V_VELOBOUC": "Non", "LONGUEUR": 79.600919281235761 }, "geometry": { "type": "MultiLineString", "coordinates": [ [ [ -8078493.564694575965405, 5832675.313392287120223 ], [ -8078565.120355832390487, 5832608.15637006983161 ], [ -8078568.959430616348982, 5832591.45478571485728 ] ] ] } },
{ "type": "Feature", "properties": { "OBJECTID": 9679, "TYPE": "Bande cyclable (marquage)", "NOM": null, "V_VELOBOUC": "Non", "LONGUEUR": 77.265573549155775 }, "geometry": { "type": "MultiLineString", "coordinates": [ [ [ -8078413.324441652745008, 5832753.265683654695749 ], [ -8078493.564694575965405, 5832675.313392287120223 ] ] ] } },
{ "type": "Feature", "properties": { "OBJECTID": 9680, "TYPE": "Bande cyclable (marquage)", "NOM": null, "V_VELOBOUC": "Non", "LONGUEUR": 155.6602913683368 }, "geometry": { "type": "MultiLineString", "coordinates": [ [ [ -8078402.735772291198373, 5832736.332853365689516 ], [ -8078252.103968184441328, 5832879.613192901015282 ], [ -8078248.50994738470763, 5832896.746338813565671 ] ] ] } },
{ "type": "Feature", "properties": { "OBJECTID": 10050, "TYPE": "Piste cyclable", "NOM": null, "V_VELOBOUC": "Non", "LONGUEUR": 72.393257086593991 }, "geometry": { "type": "MultiLineString", "coordinates": [ [ [ -8083432.600206100381911, 5837637.727325566112995 ], [ -8083435.034133730456233, 5837637.626563259400427 ], [ -8083437.462468077428639, 5837637.69019141048193 ], [ -8083439.548311419785023, 5837637.876192638650537 ], [ -8083441.254809777252376, 5837638.120012077502906 ], [ -8083442.943451905623078, 5837638.444207139313221 ], [ -8083445.450219077989459, 5837639.082650774158537 ], [ -8083448.440598055720329, 5837640.100629836320877 ], [ -8083450.1462875129655, 5837640.660467240959406 ], [ -8083452.343346931040287, 5837641.16004113573581 ], [ -8083454.76746222935617, 5837641.466071583330631 ], [ -8083457.287538356147707, 5837641.737877857871354 ], [ -8083460.064318181015551, 5837642.037341065704823 ], [ -8083462.961701134219766, 5837642.551115272566676 ], [ -8083465.087553147226572, 5837643.184048300608993 ], [ -8083467.712967651896179, 5837644.345657676458359 ], [ -8083469.691258831880987, 5837645.509043280035257 ], [ -8083471.580664947628975, 5837646.912290105596185 ], [ -8083473.328625600785017, 5837648.53405717946589 ], [ -8083481.69984183087945, 5837657.203084080480039 ], [ -8083492.892962083220482, 5837668.794344452209771 ], [ -8083495.23858274705708, 5837671.171001501381397 ], [ -8083496.729623388499022, 5837672.385953191667795 ], [ -8083498.646847472526133, 5837673.65948489960283 ], [ -8083500.588874737732112, 5837674.683510698378086 ], [ -8083502.200662242248654, 5837675.548159204423428 ], [ -8083503.458681249059737, 5837676.336609453894198 ], [ -8083504.92513460572809, 5837677.398802431300282 ], [ -8083506.696662412956357, 5837678.925272589549422 ], [ -8083518.435930822975934, 5837690.375029583461583 ] ] ] } },
{ "type": "Feature", "properties": { "OBJECTID": 10051, "TYPE": "Piste cyclable", "NOM": null, "V_VELOBOUC": "Non", "LONGUEUR": 18.078810227466398 }, "geometry": { "type": "MultiLineString", "coordinates": [ [ [ -8083432.59760510455817, 5837637.704367895610631 ], [ -8083434.014330963604152, 5837637.542347139678895 ], [ -8083437.131388556212187, 5837636.538892148062587 ], [ -8083439.053304958157241, 5837635.430207245983183 ], [ -8083440.701656589284539, 5837634.067546224221587 ], [ -8083442.430370260030031, 5837631.990323713049293 ], [ -8083443.146357830613852, 5837630.787100128829479 ], [ -8083443.874122221022844, 5837629.130699848756194 ], [ -8083444.431842436082661, 5837627.056161066517234 ], [ -8083444.655077399685979, 5837625.359129124321043 ], [ -8083445.491923867724836, 5837618.032681656070054 ] ] ] } },
{ "type": "Feature", "properties": { "OBJECTID": 10449, "TYPE": "Bande cyclable (marquage)", "NOM": null, "V_VELOBOUC": "Non", "LONGUEUR": 71.94294833931346 }, "geometry": { "type": "MultiLineString", "coordinates": [ [ [ -8082684.430460545234382, 5837926.376884807832539 ], [ -8082757.260768885724247, 5837851.807861817069352 ] ] ] } },
{ "type": "Feature", "properties": { "OBJECTID": 10450, "TYPE": "Bande cyclable (marquage)", "NOM": null, "V_VELOBOUC": "Non", "LONGUEUR": 20.354529404348803 }, "geometry": { "type": "MultiLineString", "coordinates": [ [ [ -8082757.260768885724247, 5837851.807861817069352 ], [ -8082777.458313341252506, 5837830.317114688456059 ] ] ] } },
{ "type": "Feature", "properties": { "OBJECTID": 11249, "TYPE": "Chaussée désignée", "NOM": null, "V_VELOBOUC": "Non", "LONGUEUR": 107.52855372003654 }, "geometry": { "type": "MultiLineString", "coordinates": [ [ [ -8080409.027535567060113, 5839448.366082144901156 ], [ -8080402.198678711429238, 5839458.469620662741363 ], [ -8080385.302363755181432, 5839476.244836543686688 ], [ -8080369.130197662860155, 5839488.286405365914106 ], [ -8080347.444627264514565, 5839501.541462152265012 ], [ -8080280.57484785001725, 5839531.856618680991232 ] ] ] } },
{ "type": "Feature", "properties": { "OBJECTID": 11250, "TYPE": "Chaussée désignée", "NOM": null, "V_VELOBOUC": "Non", "LONGUEUR": 76.676311083882524 }, "geometry": { "type": "MultiLineString", "coordinates": [ [ [ -8080280.57484785001725, 5839531.856618680991232 ], [ -8080235.314765428192914, 5839559.144277462735772 ], [ -8080217.257862239144742, 5839572.192296250723302 ], [ -8080196.632756598293781, 5839588.082995264790952 ], [ -8080189.20770216640085, 5839594.602456291206181 ] ] ] } },
{ "type": "Feature", "properties": { "OBJECTID": 11251, "TYPE": "Chaussée désignée", "NOM": null, "V_VELOBOUC": "Non", "LONGUEUR": 93.904127231156437 }, "geometry": { "type": "MultiLineString", "coordinates": [ [ [ -8080189.20770216640085, 5839594.602456291206181 ], [ -8080174.48054400831461, 5839610.254251616075635 ], [ -8080161.60478073079139, 5839624.698604506440461 ], [ -8080148.399750350043178, 5839641.136150965467095 ], [ -8080137.358508652076125, 5839655.832177701406181 ], [ -8080104.213694956153631, 5839700.739161498844624 ] ] ] } },
{ "type": "Feature", "properties": { "OBJECTID": 11652, "TYPE": "Piste cyclable", "NOM": "Route Verte 5 (est-ouest)", "V_VELOBOUC": "Oui", "LONGUEUR": 363.99463318485499 }, "geometry": { "type": "MultiLineString", "coordinates": [ [ [ -8074955.713849112391472, 5835230.817955620586872 ], [ -8074916.599772316403687, 5835228.958717584609985 ], [ -8074912.089965110644698, 5835231.207458605989814 ], [ -8074908.083204482682049, 5835234.30929300095886 ], [ -8074904.716108994558454, 5835238.721432249993086 ], [ -8074902.319764900952578, 5835243.017153153195977 ], [ -8074899.525846323929727, 5835251.62671915255487 ], [ -8074896.953704841434956, 5835254.305290604010224 ], [ -8074883.366888901218772, 5835255.575975350104272 ], [ -8074870.867054882459342, 5835255.444069923833013 ], [ -8074864.316731265746057, 5835252.593950214795768 ], [ -8074858.164709064178169, 5835253.000466452911496 ], [ -8074770.382643512450159, 5835330.350084975361824 ], [ -8074740.991848328150809, 5835359.098495617508888 ], [ -8074731.402938327752054, 5835361.438391000963748 ], [ -8074724.079774735495448, 5835361.400651392526925 ], [ -8074717.233012778684497, 5835366.021585013717413 ], [ -8074714.581597012467682, 5835368.384926207363605 ], [ -8074712.583834020420909, 5835370.140961870551109 ], [ -8074705.961770324967802, 5835376.182358923368156 ], [ -8074690.495573087595403, 5835391.163131517358124 ], [ -8074658.117602922953665, 5835420.13366580568254 ], [ -8074653.427802235819399, 5835425.796203151345253 ], [ -8074652.992944825440645, 5835430.085438361391425 ], [ -8074655.642799121327698, 5835435.050857006572187 ], [ -8074665.56951483245939, 5835445.996330644935369 ], [ -8074666.736439120955765, 5835448.021411620080471 ], [ -8074667.278296953067183, 5835450.811853133141994 ], [ -8074666.883571613579988, 5835454.916757284663618 ], [ -8074666.556129821576178, 5835460.258000475354493 ], [ -8074665.840883027762175, 5835462.352949369698763 ], [ -8074663.526060718111694, 5835464.695167501457036 ], [ -8074657.294450111687183, 5835471.396405555307865 ], [ -8074655.712017046287656, 5835474.25869317073375 ], [ -8074655.477823946624994, 5835477.111334970220923 ], [ -8074656.849407917819917, 5835481.636800915002823 ], [ -8074658.980451338924468, 5835488.301350533030927 ], [ -8074659.066924761049449, 5835490.137115494348109 ], [ -8074658.330978649668396, 5835491.78046730812639 ], [ -8074654.466850301250815, 5835495.290974902920425 ], [ -8074634.379431231878698, 5835513.350053988397121 ], [ -8074619.237850557081401, 5835517.081341956742108 ], [ -8074617.459492713212967, 5835518.557481564581394 ], [ -8074616.815950308926404, 5835520.507326942868531 ], [ -8074617.40964228194207, 5835522.883853839710355 ], [ -8074627.073180113919079, 5835532.839554646983743 ] ] ] } },
{ "type": "Feature", "properties": { "OBJECTID": 11653, "TYPE": "Chaussée désignée", "NOM": "Route Verte 5 (est-ouest)", "V_VELOBOUC": "Oui", "LONGUEUR": 57.045979882045707 }, "geometry": { "type": "MultiLineString", "coordinates": [ [ [ -8074627.073180113919079, 5835532.839554646983743 ], [ -8074584.837552242912352, 5835577.412674030289054 ], [ -8074583.785235728137195, 5835591.541119575500488 ], [ -8074588.075763220898807, 5835597.177004605531693 ] ] ] } },
{ "type": "Feature", "properties": { "OBJECTID": 12058, "TYPE": "Piste cyclable", "NOM": null, "V_VELOBOUC": "Non", "LONGUEUR": 21.269707011645696 }, "geometry": { "type": "MultiLineString", "coordinates": [ [ [ -8081786.438243420794606, 5832599.909051207825541 ], [ -8081811.961322075687349, 5832617.11043846886605 ] ] ] } },
{ "type": "Feature", "properties": { "OBJECTID": 12059, "TYPE": "Piste cyclable", "NOM": null, "V_VELOBOUC": "Non", "LONGUEUR": 25.370375011837133 }, "geometry": { "type": "MultiLineString", "coordinates": [ [ [ -8081840.021242271177471, 5832571.532057248055935 ], [ -8081809.104345260187984, 5832551.739537359215319 ] ] ] } },
{ "type": "Feature", "properties": { "OBJECTID": 12063, "TYPE": "Bande cyclable (marquage)", "NOM": null, "V_VELOBOUC": "Non", "LONGUEUR": 242.01657549051521 }, "geometry": { "type": "MultiLineString", "coordinates": [ [ [ -8077075.273158837109804, 5841063.681251832284033 ], [ -8076747.011191949248314, 5840941.312252569943666 ] ] ] } },
{ "type": "Feature", "properties": { "OBJECTID": 12064, "TYPE": "Bande cyclable (marquage)", "NOM": null, "V_VELOBOUC": "Non", "LONGUEUR": 198.84804890464409 }, "geometry": { "type": "MultiLineString", "coordinates": [ [ [ -8076747.011191949248314, 5840941.312252569943666 ], [ -8076611.015602639876306, 5840890.611941738985479 ], [ -8076582.610818156972528, 5840879.036215941421688 ], [ -8076556.993819583207369, 5840864.843660140410066 ], [ -8076530.106540585868061, 5840846.429947230033576 ], [ -8076512.483896137215197, 5840831.296215071342885 ], [ -8076501.528009731322527, 5840820.563652065582573 ], [ -8076493.682880300097167, 5840811.918349025771022 ] ] ] } },
{ "type": "Feature", "properties": { "OBJECTID": 12065, "TYPE": "Bande cyclable (marquage)", "NOM": null, "V_VELOBOUC": "Non", "LONGUEUR": 43.191681723025383 }, "geometry": { "type": "MultiLineString", "coordinates": [ [ [ -8076493.682880300097167, 5840811.918349025771022 ], [ -8076451.611859089694917, 5840765.555926592089236 ] ] ] } },
{ "type": "Feature", "properties": { "OBJECTID": 12077, "TYPE": "Chaussée désignée", "NOM": null, "V_VELOBOUC": "Non", "LONGUEUR": 10.926955529060521 }, "geometry": { "type": "MultiLineString", "coordinates": [ [ [ -8073421.982700987718999, 5838663.546423945575953 ], [ -8073422.062209188006818, 5838663.230288948863745 ], [ -8073407.152126341126859, 5838659.048579476773739 ] ] ] } },
{ "type": "Feature", "properties": { "OBJECTID": 12078, "TYPE": "Chaussée désignée", "NOM": null, "V_VELOBOUC": "Non", "LONGUEUR": 102.08778283443434 }, "geometry": { "type": "MultiLineString", "coordinates": [ [ [ -8073385.858430718071759, 5838807.199633561074734 ], [ -8073421.982700987718999, 5838663.546423945575953 ] ] ] } },
{ "type": "Feature", "properties": { "OBJECTID": 12079, "TYPE": "Chaussée désignée", "NOM": null, "V_VELOBOUC": "Non", "LONGUEUR": 53.923878296875593 }, "geometry": { "type": "MultiLineString", "coordinates": [ [ [ -8073366.776706693693995, 5838883.079691773280501 ], [ -8073385.858430718071759, 5838807.199633561074734 ] ] ] } },
{ "type": "Feature", "properties": { "OBJECTID": 12080, "TYPE": "Chaussée désignée", "NOM": null, "V_VELOBOUC": "Non", "LONGUEUR": 48.43951215165157 }, "geometry": { "type": "MultiLineString", "coordinates": [ [ [ -8073414.218826482072473, 5838934.816452872008085 ], [ -8073366.776706693693995, 5838883.079691773280501 ] ] ] } },
{ "type": "Feature", "properties": { "OBJECTID": 12081, "TYPE": "Chaussée désignée", "NOM": null, "V_VELOBOUC": "Non", "LONGUEUR": 73.237936240759979 }, "geometry": { "type": "MultiLineString", "coordinates": [ [ [ -8073337.065575949847698, 5839007.661462015472353 ], [ -8073414.218826482072473, 5838934.816452872008085 ] ] ] } },
{ "type": "Feature", "properties": { "OBJECTID": 12095, "TYPE": "Chaussée désignée", "NOM": null, "V_VELOBOUC": "Non", "LONGUEUR": 70.543066458511717 }, "geometry": { "type": "MultiLineString", "coordinates": [ [ [ -8074327.278169807977974, 5840714.529223305173218 ], [ -8074397.608755041845143, 5840788.739979462698102 ] ] ] } },
{ "type": "Feature", "properties": { "OBJECTID": 12096, "TYPE": "Chaussée désignée", "NOM": null, "V_VELOBOUC": "Non", "LONGUEUR": 128.041646350067 }, "geometry": { "type": "MultiLineString", "coordinates": [ [ [ -8074493.629805483855307, 5840890.056655908934772 ], [ -8074621.291732382029295, 5841024.755806983448565 ] ] ] } },
{ "type": "Feature", "properties": { "OBJECTID": 12097, "TYPE": "Chaussée désignée", "NOM": null, "V_VELOBOUC": "Non", "LONGUEUR": 30.79537974146853 }, "geometry": { "type": "MultiLineString", "coordinates": [ [ [ -8074621.291732382029295, 5841024.755806983448565 ], [ -8074651.996367434971035, 5841057.152419803664088 ] ] ] } },
{ "type": "Feature", "properties": { "OBJECTID": 12098, "TYPE": "Chaussée désignée", "NOM": null, "V_VELOBOUC": "Non", "LONGUEUR": 96.309235375147821 }, "geometry": { "type": "MultiLineString", "coordinates": [ [ [ -8074397.608755041845143, 5840788.739979462698102 ], [ -8074493.629805483855307, 5840890.056655908934772 ] ] ] } },
{ "type": "Feature", "properties": { "OBJECTID": 12099, "TYPE": "Chaussée désignée", "NOM": null, "V_VELOBOUC": "Non", "LONGUEUR": 56.929858704923021 }, "geometry": { "type": "MultiLineString", "coordinates": [ [ [ -8074270.520638122223318, 5840654.6395163256675 ], [ -8074327.278169807977974, 5840714.529223305173218 ] ] ] } },
{ "type": "Feature", "properties": { "OBJECTID": 12100, "TYPE": "Bande cyclable (marquage)", "NOM": null, "V_VELOBOUC": "Non", "LONGUEUR": 65.296165611700545 }, "geometry": { "type": "MultiLineString", "coordinates": [ [ [ -8077924.446099896915257, 5838000.270852132700384 ], [ -8078008.238075152039528, 5838043.996884680353105 ] ] ] } },
{ "type": "Feature", "properties": { "OBJECTID": 12101, "TYPE": "Bande cyclable (marquage)", "NOM": null, "V_VELOBOUC": "Non", "LONGUEUR": 109.21009278128673 }, "geometry": { "type": "MultiLineString", "coordinates": [ [ [ -8077576.506008271127939, 5837823.629266595467925 ], [ -8077595.423837241716683, 5837828.563923512585461 ], [ -8077718.22280222736299, 5837892.650871473364532 ] ] ] } },
{ "type": "Feature", "properties": { "OBJECTID": 12102, "TYPE": "Bande cyclable (marquage)", "NOM": null, "V_VELOBOUC": "Non", "LONGUEUR": 66.006000534743052 }, "geometry": { "type": "MultiLineString", "coordinates": [ [ [ -8077718.22280222736299, 5837892.650871473364532 ], [ -8077802.923598945140839, 5837936.8536944296211 ] ] ] } },
{ "type": "Feature", "properties": { "OBJECTID": 12103, "TYPE": "Bande cyclable (marquage)", "NOM": null, "V_VELOBOUC": "Non", "LONGUEUR": 94.699411242124413 }, "geometry": { "type": "MultiLineString", "coordinates": [ [ [ -8077802.923598945140839, 5837936.8536944296211 ], [ -8077924.446099896915257, 5838000.270852132700384 ] ] ] } },
{ "type": "Feature", "properties": { "OBJECTID": 12104, "TYPE": "Bande cyclable (marquage)", "NOM": null, "V_VELOBOUC": "Non", "LONGUEUR": 35.759682745114645 }, "geometry": { "type": "MultiLineString", "coordinates": [ [ [ -8078017.976065719500184, 5838049.533455695025623 ], [ -8078063.865454578772187, 5838073.479898792691529 ] ] ] } },
{ "type": "Feature", "properties": { "OBJECTID": 12105, "TYPE": "Bande cyclable (marquage)", "NOM": null, "V_VELOBOUC": "Non", "LONGUEUR": 125.02227618661338 }, "geometry": { "type": "MultiLineString", "coordinates": [ [ [ -8077731.731880321167409, 5837865.891422735527158 ], [ -8077599.592655207961798, 5837796.930103488266468 ], [ -8077575.052500510588288, 5837776.500090284273028 ] ] ] } },
{ "type": "Feature", "properties": { "OBJECTID": 12106, "TYPE": "Bande cyclable (marquage)", "NOM": null, "V_VELOBOUC": "Non", "LONGUEUR": 66.006000534743052 }, "geometry": { "type": "MultiLineString", "coordinates": [ [ [ -8077816.432491046376526, 5837910.093980457633734 ], [ -8077731.731880321167409, 5837865.891422735527158 ] ] ] } },
{ "type": "Feature", "properties": { "OBJECTID": 12107, "TYPE": "Bande cyclable (marquage)", "NOM": null, "V_VELOBOUC": "Non", "LONGUEUR": 94.699411242124413 }, "geometry": { "type": "MultiLineString", "coordinates": [ [ [ -8077937.954725136980414, 5837973.510757627896965 ], [ -8077816.432491046376526, 5837910.093980457633734 ] ] ] } },
{ "type": "Feature", "properties": { "OBJECTID": 12108, "TYPE": "Bande cyclable (marquage)", "NOM": null, "V_VELOBOUC": "Non", "LONGUEUR": 65.296165611700545 }, "geometry": { "type": "MultiLineString", "coordinates": [ [ [ -8078021.746516375802457, 5838017.23652779404074 ], [ -8077937.954725136980414, 5837973.510757627896965 ] ] ] } },
{ "type": "Feature", "properties": { "OBJECTID": 12109, "TYPE": "Bande cyclable (marquage)", "NOM": null, "V_VELOBOUC": "Non", "LONGUEUR": 43.420302965066064 }, "geometry": { "type": "MultiLineString", "coordinates": [ [ [ -8078077.667330095544457, 5838045.9219004297629 ], [ -8078021.746516375802457, 5838017.23652779404074 ] ] ] } },
{ "type": "Feature", "properties": { "OBJECTID": 12110, "TYPE": "Chaussée désignée", "NOM": null, "V_VELOBOUC": "Non", "LONGUEUR": 276.70940351476713 }, "geometry": { "type": "MultiLineString", "coordinates": [ [ [ -8077555.973839497193694, 5837848.957712600007653 ], [ -8077450.280297125689685, 5837845.780719230882823 ], [ -8077425.724220618605614, 5838130.477093860507011 ], [ -8077424.682952325791121, 5838140.118830544874072 ] ] ] } },
{ "type": "Feature", "properties": { "OBJECTID": 12111, "TYPE": "Chaussée désignée", "NOM": null, "V_VELOBOUC": "Non", "LONGUEUR": 156.27829727664107 }, "geometry": { "type": "MultiLineString", "coordinates": [ [ [ -8077383.756067316047847, 5838432.75716822501272 ], [ -8077382.220861151814461, 5838468.864382072351873 ], [ -8077382.804114920087159, 5838497.210026028566062 ], [ -8077385.847927452065051, 5838531.114575921557844 ], [ -8077394.728403048589826, 5838576.378305620513856 ], [ -8077402.088840387761593, 5838614.251251829788089 ], [ -8077406.571070280857384, 5838657.560467788949609 ] ] ] } },
{ "type": "Feature", "properties": { "OBJECTID": 12112, "TYPE": "Chaussée désignée", "NOM": null, "V_VELOBOUC": "Non", "LONGUEUR": 25.170782974909621 }, "geometry": { "type": "MultiLineString", "coordinates": [ [ [ -8077554.164582153782248, 5837812.477493393234909 ], [ -8077555.973839497193694, 5837848.957712600007653 ] ] ] } },
{ "type": "Feature", "properties": { "OBJECTID": 12113, "TYPE": "Accotement asphalté", "NOM": null, "V_VELOBOUC": "Non", "LONGUEUR": 105.1928013673286 }, "geometry": { "type": "MultiLineString", "coordinates": [ [ [ -8084483.046278181485832, 5838607.37769953161478 ], [ -8084592.374182405881584, 5838713.565750138834119 ] ] ] } },
{ "type": "Feature", "properties": { "OBJECTID": 12114, "TYPE": "Accotement asphalté", "NOM": null, "V_VELOBOUC": "Non", "LONGUEUR": 178.55506134786896 }, "geometry": { "type": "MultiLineString", "coordinates": [ [ [ -8084592.374182405881584, 5838713.565750138834119 ], [ -8084777.954227156937122, 5838893.80998794361949 ] ] ] } },
{ "type": "Feature", "properties": { "OBJECTID": 12115, "TYPE": "Accotement asphalté", "NOM": null, "V_VELOBOUC": "Non", "LONGUEUR": 400.0001293427369 }, "geometry": { "type": "MultiLineString", "coordinates": [ [ [ -8084777.954227156937122, 5838893.80998794361949 ], [ -8085193.719200167804956, 5839297.593563162721694 ] ] ] } },
{ "type": "Feature", "properties": { "OBJECTID": 12116, "TYPE": "Accotement asphalté", "NOM": null, "V_VELOBOUC": "Non", "LONGUEUR": 399.99981955260643 }, "geometry": { "type": "MultiLineString", "coordinates": [ [ [ -8085193.719200167804956, 5839297.593563162721694 ], [ -8085447.934048685245216, 5839544.463867431506515 ], [ -8085609.514970179647207, 5839701.382978891022503 ] ] ] } },
{ "type": "Feature", "properties": { "OBJECTID": 12117, "TYPE": "Accotement asphalté", "NOM": null, "V_VELOBOUC": "Non", "LONGUEUR": 162.73362205842906 }, "geometry": { "type": "MultiLineString", "coordinates": [ [ [ -8086025.338127933442593, 5840105.182839449495077 ], [ -8086194.520010468550026, 5840269.462090508081019 ] ] ] } },
{ "type": "Feature", "properties": { "OBJECTID": 12454, "TYPE": "Bande cyclable (marquage)", "NOM": null, "V_VELOBOUC": "Non", "LONGUEUR": 100.23389422146984 }, "geometry": { "type": "MultiLineString", "coordinates": [ [ [ -8076451.611859089694917, 5840765.555926592089236 ], [ -8076359.629066418856382, 5840849.325560672208667 ], [ -8076350.327769048511982, 5840858.739282318390906 ], [ -8076347.065019597299397, 5840865.613419577479362 ] ] ] } },
{ "type": "Feature", "properties": { "OBJECTID": 12455, "TYPE": "Bande cyclable (marquage)", "NOM": null, "V_VELOBOUC": "Non", "LONGUEUR": 116.0696355473784 }, "geometry": { "type": "MultiLineString", "coordinates": [ [ [ -8076344.912990072742105, 5840915.949080999009311 ], [ -8076343.727261223830283, 5841084.433396174572408 ] ] ] } },
{ "type": "Feature", "properties": { "OBJECTID": 12456, "TYPE": "Bande cyclable (marquage)", "NOM": null, "V_VELOBOUC": "Non", "LONGUEUR": 112.07781205976943 }, "geometry": { "type": "MultiLineString", "coordinates": [ [ [ -8076343.727261223830283, 5841084.433396174572408 ], [ -8076342.582242295145988, 5841247.12628991343081 ] ] ] } },
{ "type": "Feature", "properties": { "OBJECTID": 12457, "TYPE": "Bande cyclable (marquage)", "NOM": null, "V_VELOBOUC": "Non", "LONGUEUR": 177.48198192219576 }, "geometry": { "type": "MultiLineString", "coordinates": [ [ [ -8076342.582242295145988, 5841247.12628991343081 ], [ -8076340.768888125196099, 5841504.766395762562752 ] ] ] } },
{ "type": "Feature", "properties": { "OBJECTID": 12458, "TYPE": "Bande cyclable (marquage)", "NOM": null, "V_VELOBOUC": "Non", "LONGUEUR": 201.29204635533918 }, "geometry": { "type": "MultiLineString", "coordinates": [ [ [ -8076340.768888125196099, 5841504.766395762562752 ], [ -8076338.712057840079069, 5841796.979195587337017 ] ] ] } },
{ "type": "Feature", "properties": { "OBJECTID": 12459, "TYPE": "Chaussée désignée", "NOM": null, "V_VELOBOUC": "Non", "LONGUEUR": 23.698355288478695 }, "geometry": { "type": "MultiLineString", "coordinates": [ [ [ -8076338.712057840079069, 5841796.979195587337017 ], [ -8076324.763265484012663, 5841810.459388899616897 ], [ -8076309.840267723426223, 5841810.16374147310853 ] ] ] } },
{ "type": "Feature", "properties": { "OBJECTID": 12460, "TYPE": "Chaussée désignée", "NOM": null, "V_VELOBOUC": "Non", "LONGUEUR": 46.399957210121904 }, "geometry": { "type": "MultiLineString", "coordinates": [ [ [ -8076309.840267723426223, 5841810.16374147310853 ], [ -8076296.245459671132267, 5841809.894398831762373 ], [ -8076289.726652177982032, 5841810.68022620305419 ], [ -8076280.682537178508937, 5841814.508787897415459 ], [ -8076247.383947800844908, 5841831.070346654392779 ] ] ] } },
{ "type": "Feature", "properties": { "OBJECTID": 12461, "TYPE": "Chaussée désignée", "NOM": null, "V_VELOBOUC": "Non", "LONGUEUR": 54.505318456028903 }, "geometry": { "type": "MultiLineString", "coordinates": [ [ [ -8076247.383947800844908, 5841831.070346654392779 ], [ -8076176.716460776515305, 5841866.217356497421861 ] ] ] } },
{ "type": "Feature", "properties": { "OBJECTID": 12462, "TYPE": "Chaussée désignée", "NOM": null, "V_VELOBOUC": "Non", "LONGUEUR": 128.12332122040175 }, "geometry": { "type": "MultiLineString", "coordinates": [ [ [ -8076176.716460776515305, 5841866.217356497421861 ], [ -8076010.599245923571289, 5841948.834253079257905 ] ] ] } },
{ "type": "Feature", "properties": { "OBJECTID": 12463, "TYPE": "Chaussée désignée", "NOM": null, "V_VELOBOUC": "Non", "LONGUEUR": 20.195789565606734 }, "geometry": { "type": "MultiLineString", "coordinates": [ [ [ -8076010.599245923571289, 5841948.834253079257905 ], [ -8075991.296179996803403, 5841958.434177602641284 ], [ -8075984.234644229523838, 5841961.466190402396023 ] ] ] } },
{ "type": "Feature", "properties": { "OBJECTID": 12464, "TYPE": "Chaussée désignée", "NOM": null, "V_VELOBOUC": "Non", "LONGUEUR": 46.978618379987083 }, "geometry": { "type": "MultiLineString", "coordinates": [ [ [ -8075984.234644229523838, 5841961.466190402396023 ], [ -8075976.285137100145221, 5841964.879485750570893 ], [ -8075955.244018876925111, 5841971.251963858492672 ], [ -8075940.36674567963928, 5841974.529527368023992 ], [ -8075920.635566805489361, 5841975.443726097233593 ], [ -8075918.263550536707044, 5841975.3406662940979 ] ] ] } },
{ "type": "Feature", "properties": { "OBJECTID": 12465, "TYPE": "Chaussée désignée", "NOM": null, "V_VELOBOUC": "Non", "LONGUEUR": 40.863802777547129 }, "geometry": { "type": "MultiLineString", "coordinates": [ [ [ -8075918.263550536707044, 5841975.3406662940979 ], [ -8075896.141827396117151, 5841974.379507015459239 ], [ -8075879.190946223214269, 5841974.943034766241908 ], [ -8075867.195499926805496, 5841977.39099324401468 ], [ -8075860.505961661227047, 5841981.398680157959461 ] ] ] } },
{ "type": "Feature", "properties": { "OBJECTID": 12466, "TYPE": "Chaussée désignée", "NOM": null, "V_VELOBOUC": "Non", "LONGUEUR": 88.371770943016102 }, "geometry": { "type": "MultiLineString", "coordinates": [ [ [ -8075860.505961661227047, 5841981.398680157959461 ], [ -8075854.467657120898366, 5841985.016201546415687 ], [ -8075759.731460822746158, 5842060.293962640687823 ] ] ] } },
{ "type": "Feature", "properties": { "OBJECTID": 12467, "TYPE": "Chaussée désignée", "NOM": null, "V_VELOBOUC": "Non", "LONGUEUR": 72.235115637790742 }, "geometry": { "type": "MultiLineString", "coordinates": [ [ [ -8075759.731460822746158, 5842060.293962640687823 ], [ -8075677.786256389692426, 5842125.406572539359331 ] ] ] } },
{ "type": "Feature", "properties": { "OBJECTID": 12468, "TYPE": "Chaussée désignée", "NOM": null, "V_VELOBOUC": "Non", "LONGUEUR": 114.8776923122615 }, "geometry": { "type": "MultiLineString", "coordinates": [ [ [ -8075677.786256389692426, 5842125.406572539359331 ], [ -8075547.463837860152125, 5842228.95651123393327 ] ] ] } },
{ "type": "Feature", "properties": { "OBJECTID": 12469, "TYPE": "Chaussée désignée", "NOM": null, "V_VELOBOUC": "Non", "LONGUEUR": 60.354182177817016 }, "geometry": { "type": "MultiLineString", "coordinates": [ [ [ -8075547.463837860152125, 5842228.95651123393327 ], [ -8075478.994132365100086, 5842283.359054406173527 ] ] ] } },
{ "type": "Feature", "properties": { "OBJECTID": 12470, "TYPE": "Bande cyclable (marquage)", "NOM": null, "V_VELOBOUC": "Non", "LONGUEUR": 34.802007663959095 }, "geometry": { "type": "MultiLineString", "coordinates": [ [ [ -8076347.065019597299397, 5840865.613419577479362 ], [ -8076346.557305994443595, 5840866.683057133108377 ], [ -8076345.156000365503132, 5840881.415468388237059 ], [ -8076344.912990072742105, 5840915.949080999009311 ] ] ] } },
{ "type": "Feature", "properties": { "OBJECTID": 12471, "TYPE": "Cyclo pédestre", "NOM": null, "V_VELOBOUC": "Non", "LONGUEUR": 155.48645352916805 }, "geometry": { "type": "MultiLineString", "coordinates": [ [ [ -8080428.20982819236815, 5830862.182181334123015 ], [ -8080592.758756222203374, 5831015.734085905365646 ] ] ] } },
{ "type": "Feature", "properties": { "OBJECTID": 12472, "TYPE": "Cyclo pédestre", "NOM": null, "V_VELOBOUC": "Non", "LONGUEUR": 107.63069358340304 }, "geometry": { "type": "MultiLineString", "coordinates": [ [ [ -8081383.230583326891065, 5832188.563203616067767 ], [ -8081358.191151674836874, 5832204.145669450052083 ], [ -8081294.537910546176136, 5832271.734200663864613 ], [ -8081291.614986332133412, 5832276.497246518731117 ], [ -8081292.123148155398667, 5832282.258970936760306 ], [ -8081300.640870710834861, 5832290.031047959811985 ], [ -8081308.593635900877416, 5832297.02919018920511 ] ] ] } },
{ "type": "Feature", "properties": { "OBJECTID": 12473, "TYPE": "Cyclo pédestre", "NOM": null, "V_VELOBOUC": "Non", "LONGUEUR": 167.49302976083169 }, "geometry": { "type": "MultiLineString", "coordinates": [ [ [ -8081358.191151674836874, 5832204.145669450052083 ], [ -8081367.619258682243526, 5832208.450032107532024 ], [ -8081536.728100416250527, 5832367.439604134298861 ] ] ] } },
{ "type": "Feature", "properties": { "OBJECTID": 12474, "TYPE": "Cyclo pédestre", "NOM": null, "V_VELOBOUC": "Non", "LONGUEUR": 80.298794892233602 }, "geometry": { "type": "MultiLineString", "coordinates": [ [ [ -8081536.728100416250527, 5832367.439604134298861 ], [ -8081621.234648467972875, 5832447.274149508215487 ] ] ] } },
{ "type": "Feature", "properties": { "OBJECTID": 12475, "TYPE": "Cyclo pédestre", "NOM": null, "V_VELOBOUC": "Non", "LONGUEUR": 158.69357000413814 }, "geometry": { "type": "MultiLineString", "coordinates": [ [ [ -8081621.234648467972875, 5832447.274149508215487 ], [ -8081718.6364501202479, 5832538.527081918902695 ], [ -8081725.299854685552418, 5832544.130099247209728 ], [ -8081732.106666127219796, 5832549.556860752403736 ], [ -8081739.052253325469792, 5832554.80367371533066 ], [ -8081746.131890713237226, 5832559.866967849433422 ], [ -8081779.419016578234732, 5832580.309672745876014 ], [ -8081780.931448902003467, 5832581.397219511680305 ], [ -8081782.315964197739959, 5832582.644502012059093 ], [ -8081783.555882940068841, 5832584.036494115367532 ], [ -8081784.63626756425947, 5832585.556426327675581 ], [ -8081785.544102411717176, 5832587.185987846925855 ], [ -8081786.268450544215739, 5832588.905547121539712 ], [ -8081786.800585502758622, 5832590.694388367235661 ], [ -8081787.134096443653107, 5832592.530961113981903 ], [ -8081787.264965368434787, 5832594.393139850348234 ], [ -8081787.191615547053516, 5832596.258490541018546 ], [ -8081786.914930511265993, 5832598.104540920816362 ], [ -8081786.438243420794606, 5832599.909051207825541 ] ] ] } },
{ "type": "Feature", "properties": { "OBJECTID": 12476, "TYPE": "Cyclo pédestre", "NOM": null, "V_VELOBOUC": "Non", "LONGUEUR": 149.7168893392373 }, "geometry": { "type": "MultiLineString", "coordinates": [ [ [ -8081809.104345260187984, 5832551.739537359215319 ], [ -8081807.598981663584709, 5832552.834222449921072 ], [ -8081805.978677366860211, 5832553.748966524377465 ], [ -8081804.264704790897667, 5832554.47176012955606 ], [ -8081802.479566125199199, 5832554.993113902397454 ], [ -8081800.646697881631553, 5832555.30618311278522 ], [ -8081798.790163213387132, 5832555.406857552006841 ], [ -8081796.934335984289646, 5832555.293815490789711 ], [ -8081795.103580774739385, 5832554.968541032634676 ], [ -8081793.321932992897928, 5832554.435304631479084 ], [ -8081791.61278332117945, 5832553.701107016764581 ], [ -8081736.281625580042601, 5832519.433559347875416 ], [ -8081731.07217079680413, 5832515.778552346862853 ], [ -8081725.976681050844491, 5832511.965285239741206 ], [ -8081720.999931760132313, 5832507.99733208399266 ], [ -8081716.146587039344013, 5832503.878411911427975 ], [ -8081711.421195324510336, 5832499.612385230138898 ], [ -8081637.612798323854804, 5832430.407119094394147 ] ] ] } },
{ "type": "Feature", "properties": { "OBJECTID": 12477, "TYPE": "Cyclo pédestre", "NOM": null, "V_VELOBOUC": "Non", "LONGUEUR": 81.515475356968253 }, "geometry": { "type": "MultiLineString", "coordinates": [ [ [ -8081637.612798323854804, 5832430.407119094394147 ], [ -8081551.823787732981145, 5832349.365422885864973 ] ] ] } },
{ "type": "Feature", "properties": { "OBJECTID": 12478, "TYPE": "Cyclo pédestre", "NOM": null, "V_VELOBOUC": "Non", "LONGUEUR": 160.95174586697294 }, "geometry": { "type": "MultiLineString", "coordinates": [ [ [ -8081551.823787732981145, 5832349.365422885864973 ], [ -8081404.299215281382203, 5832210.594754640944302 ], [ -8081383.230583326891065, 5832188.563203616067767 ] ] ] } },
{ "type": "Feature", "properties": { "OBJECTID": 12481, "TYPE": "Piste cyclable", "NOM": null, "V_VELOBOUC": "Non", "LONGUEUR": 293.48988465148722 }, "geometry": { "type": "MultiLineString", "coordinates": [ [ [ -8084034.643804118037224, 5835160.080803800374269 ], [ -8084323.194031534716487, 5835424.41064974758774 ], [ -8084338.397656028158963, 5835435.875329000875354 ], [ -8084342.751418941654265, 5835436.614729913882911 ], [ -8084350.855681889690459, 5835430.371120448224247 ] ] ] } },
{ "type": "Feature", "properties": { "OBJECTID": 12482, "TYPE": "Piste cyclable", "NOM": null, "V_VELOBOUC": "Non", "LONGUEUR": 290.81294233874797 }, "geometry": { "type": "MultiLineString", "coordinates": [ [ [ -8084050.201191976666451, 5835143.49743315577507 ], [ -8084319.526799059472978, 5835390.956801477819681 ], [ -8084351.346157615073025, 5835417.133294173516333 ], [ -8084353.476517157629132, 5835420.419831992127001 ], [ -8084350.855681889690459, 5835430.371120448224247 ] ] ] } },
{ "type": "Feature", "properties": { "OBJECTID": 12483, "TYPE": "Bande cyclable (marquage)", "NOM": null, "V_VELOBOUC": "Non", "LONGUEUR": 145.58731872369228 }, "geometry": { "type": "MultiLineString", "coordinates": [ [ [ -8077801.692040733993053, 5836140.092936637811363 ], [ -8077791.813811562024057, 5836168.298195885494351 ], [ -8077778.281440436840057, 5836225.568236395716667 ], [ -8077758.919098419137299, 5836346.489593641832471 ] ] ] } },
{ "type": "Feature", "properties": { "OBJECTID": 12484, "TYPE": "Bande cyclable (marquage)", "NOM": null, "V_VELOBOUC": "Non", "LONGUEUR": 52.406510107806312 }, "geometry": { "type": "MultiLineString", "coordinates": [ [ [ -8077758.919098419137299, 5836346.489593641832471 ], [ -8077749.861834906972945, 5836403.053260192275047 ], [ -8077748.917330818250775, 5836421.775256682187319 ] ] ] } },
{ "type": "Feature", "properties": { "OBJECTID": 12888, "TYPE": "Cyclo pédestre", "NOM": "Route Verte 5 (est-ouest)", "V_VELOBOUC": "Oui", "LONGUEUR": 861.478640844349 }, "geometry": { "type": "MultiLineString", "coordinates": [ [ [ -8076743.786060179583728, 5833587.446142743341625 ], [ -8076840.233902227133512, 5833496.635006006807089 ], [ -8077420.59233894944191, 5832942.175524375401437 ], [ -8077639.088884205557406, 5832734.813663912005723 ], [ -8077646.698901573196054, 5832726.891826270148158 ] ] ] } },
{ "type": "Feature", "properties": { "OBJECTID": 12889, "TYPE": "Cyclo pédestre", "NOM": "Route Verte 5 (est-ouest)", "V_VELOBOUC": "Oui", "LONGUEUR": 796.97683390156067 }, "geometry": { "type": "MultiLineString", "coordinates": [ [ [ -8077548.505355064757168, 5832762.623584094457328 ], [ -8077365.208030216395855, 5832936.678122346289456 ], [ -8076937.974902521818876, 5833344.485311079770327 ], [ -8076734.780662493780255, 5833538.146459305658937 ], [ -8076737.36375349573791, 5833567.93313442915678 ] ] ] } },
{ "type": "Feature", "properties": { "OBJECTID": 12890, "TYPE": "Piste cyclable", "NOM": "Route Verte 5 (est-ouest)", "V_VELOBOUC": "Oui", "LONGUEUR": 190.01136578616422 }, "geometry": { "type": "MultiLineString", "coordinates": [ [ [ -8077743.572836928069592, 5832568.779779710806906 ], [ -8077725.972210913896561, 5832588.845348524861038 ], [ -8077682.155256368219852, 5832634.725485698319972 ], [ -8077569.444063230417669, 5832742.740241771563888 ], [ -8077548.505355064757168, 5832762.623584094457328 ] ] ] } },
{ "type": "Feature", "properties": { "OBJECTID": 12891, "TYPE": "Piste cyclable", "NOM": null, "V_VELOBOUC": "Non", "LONGUEUR": 619.78238955194172 }, "geometry": { "type": "MultiLineString", "coordinates": [ [ [ -8080277.283804591745138, 5834909.951531708240509 ], [ -8080292.214093800634146, 5834889.243466256186366 ], [ -8080314.324623244814575, 5834856.335848659276962 ], [ -8080396.846537188626826, 5834720.33846771903336 ], [ -8080441.468535337597132, 5834646.084225949831307 ], [ -8080478.329916214570403, 5834581.259757763706148 ], [ -8080521.646660194732249, 5834507.698535917326808 ], [ -8080576.268311099149287, 5834422.16425614990294 ], [ -8080628.065038569271564, 5834349.222743138670921 ], [ -8080664.290531372651458, 5834299.591106542386115 ], [ -8080728.185900276526809, 5834212.358205296099186 ], [ -8080768.000483352690935, 5834158.689014443196356 ] ] ] } },
{ "type": "Feature", "properties": { "OBJECTID": 12892, "TYPE": "Cyclo pédestre", "NOM": null, "V_VELOBOUC": "Non", "LONGUEUR": 23.882219020709215 }, "geometry": { "type": "MultiLineString", "coordinates": [ [ [ -8080252.851218213327229, 5834934.43489070981741 ], [ -8080277.283804591745138, 5834909.951531708240509 ] ] ] } },
{ "type": "Feature", "properties": { "OBJECTID": 12893, "TYPE": "Piste cyclable", "NOM": null, "V_VELOBOUC": "Non", "LONGUEUR": 739.7083129131189 }, "geometry": { "type": "MultiLineString", "coordinates": [ [ [ -8080828.71782283950597, 5834024.623840876854956 ], [ -8080731.718186043202877, 5834155.423532854765654 ], [ -8080589.285159724764526, 5834348.948889215476811 ], [ -8080548.447826767340302, 5834407.009462940506637 ], [ -8080498.59580928273499, 5834483.773433455266058 ], [ -8080460.157886985689402, 5834549.34675585757941 ], [ -8080377.614270769059658, 5834690.792251870036125 ], [ -8080297.273526578210294, 5834823.43654743116349 ], [ -8080276.801076784729958, 5834856.977193450555205 ], [ -8080255.816257458180189, 5834885.138220920227468 ], [ -8080234.290691435337067, 5834910.414204915985465 ], [ -8080231.5886324737221, 5834913.080615794286132 ] ] ] } },
{ "type": "Feature", "properties": { "OBJECTID": 12894, "TYPE": "Piste cyclable", "NOM": null, "V_VELOBOUC": "Non", "LONGUEUR": 468.84704138352498 }, "geometry": { "type": "MultiLineString", "coordinates": [ [ [ -8081282.255250605754554, 5833404.900247410871089 ], [ -8081268.442048099823296, 5833420.330693997442722 ], [ -8081229.887739052996039, 5833478.959371955133975 ], [ -8081184.82057605497539, 5833539.655203836038709 ], [ -8081065.127952168695629, 5833703.308399801142514 ], [ -8080881.47851733956486, 5833953.101845485158265 ] ] ] } },
{ "type": "Feature", "properties": { "OBJECTID": 12895, "TYPE": "Cyclo pédestre", "NOM": null, "V_VELOBOUC": "Non", "LONGUEUR": 61.343622091990291 }, "geometry": { "type": "MultiLineString", "coordinates": [ [ [ -8080881.47851733956486, 5833953.101845485158265 ], [ -8080849.260059725493193, 5833996.923118142411113 ], [ -8080828.71782283950597, 5834024.623840876854956 ] ] ] } },
{ "type": "Feature", "properties": { "OBJECTID": 12897, "TYPE": "Piste cyclable", "NOM": null, "V_VELOBOUC": "Non", "LONGUEUR": 489.1376274213244 }, "geometry": { "type": "MultiLineString", "coordinates": [ [ [ -8080826.450075913220644, 5834079.899304176680744 ], [ -8080879.872656865976751, 5834007.885021885856986 ], [ -8081158.874993976205587, 5833629.217692191712558 ], [ -8081205.035577856004238, 5833573.33103902824223 ], [ -8081251.206771453842521, 5833512.779668109491467 ] ] ] } },
{ "type": "Feature", "properties": { "OBJECTID": 12898, "TYPE": "Cyclo pédestre", "NOM": null, "V_VELOBOUC": "Non", "LONGUEUR": 67.710973177857227 }, "geometry": { "type": "MultiLineString", "coordinates": [ [ [ -8080768.000483352690935, 5834158.689014443196356 ], [ -8080826.450075913220644, 5834079.899304176680744 ] ] ] } },
{ "type": "Feature", "properties": { "OBJECTID": 12901, "TYPE": "Cyclo pédestre", "NOM": null, "V_VELOBOUC": "Non", "LONGUEUR": 48.075833017126442 }, "geometry": { "type": "MultiLineString", "coordinates": [ [ [ -8078101.720484994351864, 5838766.027095723897219 ], [ -8078086.825416130013764, 5838834.178673124872148 ] ] ] } },
{ "type": "Feature", "properties": { "OBJECTID": 12902, "TYPE": "Cyclo pédestre", "NOM": null, "V_VELOBOUC": "Non", "LONGUEUR": 319.4262612631843 }, "geometry": { "type": "MultiLineString", "coordinates": [ [ [ -8077601.743465028703213, 5838897.384839674457908 ], [ -8077600.210190270096064, 5838903.939108520746231 ], [ -8077590.910039881244302, 5838939.464915825985372 ], [ -8077584.904015845619142, 5838955.36849248316139 ], [ -8077571.784876597113907, 5838977.178152869455516 ], [ -8077557.970914097502828, 5838992.988962848670781 ], [ -8077538.027639085426927, 5839009.18771702144295 ], [ -8077518.301003725267947, 5839020.012766428291798 ], [ -8077499.693267852067947, 5839026.857281835749745 ], [ -8077484.34207765199244, 5839030.207656922750175 ], [ -8077461.514767571352422, 5839031.31850980874151 ], [ -8077347.559930848889053, 5839021.513322273269296 ], [ -8077242.776527785696089, 5839013.045077034272254 ], [ -8077238.938187055289745, 5839013.920942588709295 ], [ -8077234.06861962005496, 5839039.043609569780529 ] ] ] } },
{ "type": "Feature", "properties": { "OBJECTID": 12903, "TYPE": "Cyclo pédestre", "NOM": null, "V_VELOBOUC": "Non", "LONGUEUR": 152.3103778365759 }, "geometry": { "type": "MultiLineString", "coordinates": [ [ [ -8078066.379070745781064, 5838827.128415386192501 ], [ -8077905.892144455574453, 5838795.179752653464675 ], [ -8077882.387374840676785, 5838792.117223667912185 ], [ -8077856.745630125515163, 5838790.667740266770124 ], [ -8077849.439328577369452, 5838791.308366621844471 ] ] ] } },
{ "type": "Feature", "properties": { "OBJECTID": 12904, "TYPE": "Cyclo pédestre", "NOM": null, "V_VELOBOUC": "Non", "LONGUEUR": 754.00102702523486 }, "geometry": { "type": "MultiLineString", "coordinates": [ [ [ -8077234.06861962005496, 5839039.043609569780529 ], [ -8077386.561628776602447, 5839051.009605907835066 ], [ -8077448.213107735849917, 5839055.583659993484616 ], [ -8077460.300208731554449, 5839056.342024860903621 ], [ -8077478.988604437559843, 5839055.642605127766728 ], [ -8077500.468988990411162, 5839051.90446431748569 ], [ -8077522.75661676377058, 5839044.642727131955326 ], [ -8077541.389776807278395, 5839035.647912824526429 ], [ -8077559.598233045078814, 5839023.729548783972859 ], [ -8077574.75742812268436, 5839010.699579407460988 ], [ -8077588.571388902142644, 5838994.888711527921259 ], [ -8077599.161287932656705, 5838979.807612297125161 ], [ -8077607.605997000820935, 5838964.854592127725482 ], [ -8077613.599294913001359, 5838950.026018003001809 ], [ -8077617.932373910211027, 5838933.180926259607077 ], [ -8077621.787884960882366, 5838917.866330821067095 ], [ -8077627.134361788630486, 5838905.948716701008379 ], [ -8077636.351706192828715, 5838890.390605095773935 ], [ -8077644.716509496793151, 5838882.195217306725681 ], [ -8077650.332911216653883, 5838873.352963522076607 ], [ -8077660.709562305361032, 5838863.338375883176923 ], [ -8077678.317875174805522, 5838850.33755000308156 ], [ -8077688.930032754316926, 5838846.316272608935833 ], [ -8077698.32284573558718, 5838841.819698607549071 ], [ -8077707.857966522686183, 5838838.24642426520586 ], [ -8077739.350213157013059, 5838829.40404290240258 ], [ -8077748.083590362221003, 5838828.893174870871007 ], [ -8077755.141980580985546, 5838827.594505798071623 ], [ -8077760.833567226305604, 5838825.357997169718146 ], [ -8077771.274510925635695, 5838822.870724274776876 ], [ -8077796.738075833767653, 5838818.87181397434324 ], [ -8077807.153665851801634, 5838818.534539961256087 ], [ -8077813.432208465412259, 5838818.45544630009681 ], [ -8077825.095944959670305, 5838816.136021724902093 ], [ -8077851.290736430324614, 5838815.06417301017791 ], [ -8077865.663044359534979, 5838816.770666126161814 ], [ -8077873.911811684258282, 5838818.404415018856525 ], [ -8077882.645314618945122, 5838817.893560454249382 ], [ -8077888.619438206776977, 5838817.65710586681962 ], [ -8077921.317355569452047, 5838823.420678876340389 ], [ -8077929.857906122691929, 5838826.286703891120851 ], [ -8077934.427109689451754, 5838828.3376175314188 ], [ -8077942.537317926995456, 5838828.740936664864421 ], [ -8077951.713687684386969, 5838829.617684002034366 ], [ -8077984.094769983552396, 5838836.298751195892692 ], [ -8077994.773246829397976, 5838839.650838603265584 ], [ -8077998.28338875528425, 5838840.614011197350919 ], [ -8078006.395417598076165, 5838840.863738775253296 ], [ -8078016.020242561586201, 5838842.667201892472804 ], [ -8078036.332600959576666, 5838847.055027989670634 ], [ -8078040.287721496075392, 5838849.252179141156375 ], [ -8078112.086930591613054, 5838863.157893222756684 ], [ -8078150.716175211593509, 5838872.370008782483637 ], [ -8078179.985351447947323, 5838883.314601302146912 ], [ -8078207.072166088968515, 5838880.114205558784306 ] ] ] } },
{ "type": "Feature", "properties": { "OBJECTID": 12905, "TYPE": "Piste cyclable", "NOM": null, "V_VELOBOUC": "Non", "LONGUEUR": 196.86484945549543 }, "geometry": { "type": "MultiLineString", "coordinates": [ [ [ -8077849.439328577369452, 5838791.308366621844471 ], [ -8077800.418995625339448, 5838795.606308681890368 ], [ -8077737.741474722512066, 5838806.766897542402148 ], [ -8077695.308630730956793, 5838818.2826724993065 ], [ -8077677.395722852088511, 5838824.674849671311677 ], [ -8077654.451150988228619, 5838835.769021484069526 ], [ -8077640.183339453302324, 5838844.662175061181188 ], [ -8077629.275283047929406, 5838854.28637180570513 ], [ -8077605.047732907347381, 5838883.260057860054076 ], [ -8077601.743465028703213, 5838897.384839674457908 ] ] ] } },
{ "type": "Feature", "properties": { "OBJECTID": 12906, "TYPE": "Piste cyclable", "NOM": null, "V_VELOBOUC": "Non", "LONGUEUR": 268.20312068095444 }, "geometry": { "type": "MultiLineString", "coordinates": [ [ [ -8076849.507977568544447, 5838965.352501954883337 ], [ -8076857.050123109482229, 5838984.917371734045446 ], [ -8076860.748108423314989, 5838992.622655947692692 ], [ -8076868.065634577535093, 5839000.140925076790154 ], [ -8076878.378089427947998, 5839002.049978501163423 ], [ -8076887.001658516004682, 5839006.40110373776406 ], [ -8076902.925341734662652, 5839018.875647210516036 ], [ -8076913.186485458165407, 5839025.10427928250283 ], [ -8076930.772371917031705, 5839028.597975642420352 ], [ -8076937.955549169331789, 5839028.107823153026402 ], [ -8076944.171489757485688, 5839026.857321992516518 ], [ -8076946.981858068145812, 5839027.121265969239175 ], [ -8076952.466524937190115, 5839029.433324615471065 ], [ -8076963.953304233029485, 5839029.167471524327993 ], [ -8076979.426771205849946, 5839026.818029761314392 ], [ -8076998.312633750028908, 5839022.37797071505338 ], [ -8077010.969558469951153, 5839020.282767877914011 ], [ -8077031.024166572839022, 5839018.967096842825413 ], [ -8077047.81194550730288, 5839018.826011104509234 ], [ -8077071.589778609573841, 5839021.410217135213315 ], [ -8077118.651677192188799, 5839028.020458086393774 ], [ -8077172.889233226887882, 5839039.612228827551007 ], [ -8077184.638583986088634, 5839041.422835279256105 ], [ -8077191.127303245477378, 5839041.385154095478356 ], [ -8077198.965110487304628, 5839038.944078075699508 ], [ -8077204.286120597273111, 5839036.662961890920997 ] ] ] } },
{ "type": "Feature", "properties": { "OBJECTID": 12907, "TYPE": "Cyclo pédestre", "NOM": null, "V_VELOBOUC": "Non", "LONGUEUR": 20.652401489657326 }, "geometry": { "type": "MultiLineString", "coordinates": [ [ [ -8077204.286120597273111, 5839036.662961890920997 ], [ -8077234.06861962005496, 5839039.043609569780529 ] ] ] } },
{ "type": "Feature", "properties": { "OBJECTID": 12914, "TYPE": "Cyclo pédestre", "NOM": null, "V_VELOBOUC": "Non", "LONGUEUR": 638.36812090506544 }, "geometry": { "type": "MultiLineString", "coordinates": [ [ [ -8082777.458313341252506, 5837830.317114688456059 ], [ -8082870.725476932711899, 5837917.987274980172515 ], [ -8082873.610333274118602, 5837919.930021992884576 ], [ -8082875.672226582653821, 5837920.637931622564793 ], [ -8082877.847005663439631, 5837920.918497521430254 ], [ -8082880.760846061632037, 5837920.972593544051051 ], [ -8082884.142853446304798, 5837919.101960873231292 ], [ -8082886.686225939542055, 5837916.807145902886987 ], [ -8082906.797644155099988, 5837895.429110827855766 ], [ -8082909.189579234458506, 5837893.609165565110743 ], [ -8082911.140683090314269, 5837892.653125330805779 ], [ -8082913.742309723049402, 5837891.939009362831712 ], [ -8082918.052899808622897, 5837891.95213829446584 ], [ -8082924.06361095700413, 5837894.117681562900543 ], [ -8082935.740483536385, 5837899.060839919373393 ], [ -8082939.70117415394634, 5837901.196185576729476 ], [ -8082942.614166833460331, 5837903.213997255079448 ], [ -8082945.425744028761983, 5837905.610629206523299 ], [ -8082948.886076805181801, 5837909.375886425375938 ], [ -8082951.474594668485224, 5837913.07704040966928 ], [ -8082953.429266561754048, 5837916.716520482674241 ], [ -8082954.997247111052275, 5837920.493752936832607 ], [ -8082957.003491524606943, 5837925.17622590251267 ], [ -8082958.831630373373628, 5837928.082651926204562 ], [ -8082961.395644295960665, 5837930.95343769248575 ], [ -8082962.904761233367026, 5837932.243783534504473 ], [ -8082965.185748905874789, 5837933.797663521952927 ], [ -8082969.296245340257883, 5837935.681999184191227 ], [ -8082980.576175967231393, 5837939.485938300378621 ], [ -8082986.730867381207645, 5837941.609645080752671 ], [ -8082989.483385100960732, 5837942.829792787320912 ], [ -8082992.211495439521968, 5837944.32746462430805 ], [ -8082996.848382103256881, 5837947.099519239738584 ], [ -8082999.596718722954392, 5837950.043631879612803 ], [ -8083024.6476771812886, 5837972.616250639781356 ], [ -8083026.982780759222806, 5837974.064175002276897 ], [ -8083029.481190789490938, 5837974.967225615866482 ], [ -8083030.968362092971802, 5837975.247193424962461 ], [ -8083032.353975332342088, 5837975.350164794363081 ], [ -8083033.986530237831175, 5837975.28097222559154 ], [ -8083035.819223989732563, 5837974.952885624021292 ], [ -8083038.089160371571779, 5837974.14534074626863 ], [ -8083040.740327151492238, 5837972.502228957600892 ], [ -8083042.575772292912006, 5837970.709886224940419 ], [ -8083044.207166290841997, 5837968.249496167525649 ], [ -8083046.27999833971262, 5837963.625732257030904 ], [ -8083131.17180188279599, 5837772.283069282770157 ], [ -8083142.927025283686817, 5837745.786868463270366 ], [ -8083143.657937838695943, 5837744.462901555001736 ], [ -8083144.26206120941788, 5837743.666175917722285 ], [ -8083144.874687803909183, 5837743.017821061424911 ], [ -8083145.908237934112549, 5837742.173974353820086 ], [ -8083147.028707500547171, 5837741.512866704724729 ], [ -8083148.077022145502269, 5837741.078964970074594 ], [ -8083149.955255980603397, 5837740.66760581266135 ], [ -8083151.130000999197364, 5837740.624914988875389 ], [ -8083152.608617444522679, 5837740.799982901662588 ], [ -8083154.045725347474217, 5837741.229992555454373 ], [ -8083154.891796822659671, 5837741.619286384433508 ], [ -8083156.04715720936656, 5837742.349932234734297 ], [ -8083157.106272788718343, 5837743.25327499769628 ], [ -8083163.449258592911065, 5837748.922041651792824 ], [ -8083164.403722270391881, 5837749.695595405064523 ], [ -8083165.608617681078613, 5837750.553414078429341 ], [ -8083167.31132394913584, 5837751.571383846923709 ], [ -8083168.331901228055358, 5837752.08555543795228 ], [ -8083169.79208910651505, 5837752.709266170859337 ], [ -8083171.341463539749384, 5837753.238527892157435 ], [ -8083173.521750477142632, 5837753.770894901826978 ], [ -8083175.178234277293086, 5837754.019322094507515 ], [ -8083176.930698501877487, 5837754.147835578769445 ], [ -8083178.643505053594708, 5837754.123019893653691 ], [ -8083180.42561667971313, 5837753.980312334373593 ], [ -8083238.566761342808604, 5837748.796943638473749 ], [ -8083245.651029586791992, 5837748.146404096856713 ], [ -8083252.45380191411823, 5837747.340175380930305 ], [ -8083259.22106247395277, 5837746.320000067353249 ], [ -8083265.289908581413329, 5837745.217525546438992 ], [ -8083271.705234291963279, 5837743.856130090542138 ], [ -8083279.038094294257462, 5837742.048278039321303 ], [ -8083286.407526792958379, 5837739.954076564870775 ], [ -8083292.203440989367664, 5837738.106235892511904 ], [ -8083299.299271635711193, 5837735.595689277164638 ], [ -8083308.453356394544244, 5837731.937222342938185 ], [ -8083315.699776469729841, 5837728.689811252057552 ], [ -8083321.128522904589772, 5837726.043487750925124 ], [ -8083325.480335283093154, 5837723.784397107549012 ], [ -8083334.045772264711559, 5837718.961579631082714 ], [ -8083339.197558779269457, 5837715.807126082479954 ], [ -8083343.551170969381928, 5837712.983902054838836 ], [ -8083349.789916815236211, 5837708.672068860381842 ], [ -8083354.280360605567694, 5837705.362926239147782 ], [ -8083357.946579850278795, 5837702.525704658590257 ], [ -8083362.203557744622231, 5837699.069655647501349 ], [ -8083368.049084480851889, 5837694.021426965482533 ], [ -8083374.296057345345616, 5837688.204442867077887 ], [ -8083380.722648236900568, 5837681.712717522867024 ], [ -8083386.328009264543653, 5837675.576601094566286 ], [ -8083391.047008316963911, 5837670.078632929362357 ], [ -8083405.426298500970006, 5837653.205533274449408 ], [ -8083409.332712166011333, 5837648.662138031795621 ], [ -8083412.230302589014173, 5837645.971889238804579 ], [ -8083414.994515511207283, 5837643.888765029609203 ], [ -8083418.207422027364373, 5837641.936999063938856 ], [ -8083421.938303605653346, 5837640.195078248158097 ], [ -8083424.778985870070755, 5837639.196544331498444 ], [ -8083427.103366937488317, 5837638.571009187959135 ], [ -8083429.591654249466956, 5837638.073890563100576 ], [ -8083431.752225790172815, 5837637.801073771901429 ], [ -8083432.59760510455817, 5837637.704367895610631 ] ] ] } },
{ "type": "Feature", "properties": { "OBJECTID": 13290, "TYPE": "Piste cyclable", "NOM": null, "V_VELOBOUC": "Non", "LONGUEUR": 189.98509610352852 }, "geometry": { "type": "MultiLineString", "coordinates": [ [ [ -8083951.174585510976613, 5833547.848877049982548 ], [ -8083922.979625079780817, 5833495.789737209677696 ], [ -8083928.569302185438573, 5833488.483554234728217 ], [ -8083918.573511227034032, 5833449.821685893461108 ], [ -8083906.06282118242234, 5833430.973063978366554 ], [ -8083900.255259328521788, 5833428.605610139667988 ], [ -8083893.017609701491892, 5833425.838394374586642 ], [ -8083887.700936664827168, 5833422.325091325677931 ], [ -8083861.349297765642405, 5833401.115245793014765 ], [ -8083859.958586570806801, 5833397.166055927984416 ], [ -8083854.868367952294648, 5833381.863834364339709 ], [ -8083854.134441272355616, 5833379.054081524722278 ], [ -8083852.827197697013617, 5833376.199599470943213 ], [ -8083828.774063841439784, 5833340.931030365638435 ], [ -8083827.259820999577641, 5833339.494145704433322 ], [ -8083825.462551804259419, 5833339.435708431527019 ], [ -8083816.76418347004801, 5833340.758494892157614 ], [ -8083808.756060655228794, 5833338.481556409038603 ] ] ] } },
{ "type": "Feature", "properties": { "OBJECTID": 13299, "TYPE": "Accotement asphalté", "NOM": null, "V_VELOBOUC": "Non", "LONGUEUR": 78.291100652689295 }, "geometry": { "type": "MultiLineString", "coordinates": [ [ [ -8086012.684332164935768, 5842042.628846120089293 ], [ -8086029.022462689317763, 5842048.775964791886508 ], [ -8086055.492555083706975, 5842057.516336299479008 ], [ -8086120.362998649477959, 5842077.91889061126858 ] ] ] } },
{ "type": "Feature", "properties": { "OBJECTID": 13697, "TYPE": "Bande cyclable (marquage)", "NOM": null, "V_VELOBOUC": "Non", "LONGUEUR": 20.120160442902165 }, "geometry": { "type": "MultiLineString", "coordinates": [ [ [ -8076116.969886215403676, 5838680.824641067534685 ], [ -8076143.361216062679887, 5838693.13762289378792 ] ] ] } },
{ "type": "Feature", "properties": { "OBJECTID": 13698, "TYPE": "Bande cyclable (marquage)", "NOM": null, "V_VELOBOUC": "Non", "LONGUEUR": 27.368803981961193 }, "geometry": { "type": "MultiLineString", "coordinates": [ [ [ -8076143.361216062679887, 5838693.13762289378792 ], [ -8076147.953904518857598, 5838700.283066906034946 ], [ -8076168.578181835822761, 5838708.883596321567893 ], [ -8076177.237761898897588, 5838707.41987394914031 ] ] ] } },
{ "type": "Feature", "properties": { "OBJECTID": 13699, "TYPE": "Bande cyclable (marquage)", "NOM": null, "V_VELOBOUC": "Non", "LONGUEUR": 27.09107670074189 }, "geometry": { "type": "MultiLineString", "coordinates": [ [ [ -8076177.237761898897588, 5838707.41987394914031 ], [ -8076172.295367245562375, 5838700.604725733399391 ], [ -8076151.778698639012873, 5838691.889837453141809 ], [ -8076143.361216062679887, 5838693.13762289378792 ] ] ] } },
{ "type": "Feature", "properties": { "OBJECTID": 13700, "TYPE": "Bande cyclable (marquage)", "NOM": null, "V_VELOBOUC": "Non", "LONGUEUR": 45.906012087416173 }, "geometry": { "type": "MultiLineString", "coordinates": [ [ [ -8076177.237761898897588, 5838707.41987394914031 ], [ -8076239.341872002929449, 5838731.01251813210547 ] ] ] } },
{ "type": "Feature", "properties": { "OBJECTID": 13701, "TYPE": "Bande cyclable (marquage)", "NOM": null, "V_VELOBOUC": "Non", "LONGUEUR": 159.27456581800814 }, "geometry": { "type": "MultiLineString", "coordinates": [ [ [ -8077458.214149966835976, 5837422.415058600716293 ], [ -8077361.994720719754696, 5837243.084736861288548 ], [ -8077342.471586697734892, 5837223.850649091415107 ] ] ] } },
{ "type": "Feature", "properties": { "OBJECTID": 13702, "TYPE": "Bande cyclable (marquage)", "NOM": null, "V_VELOBOUC": "Non", "LONGUEUR": 158.1018691277248 }, "geometry": { "type": "MultiLineString", "coordinates": [ [ [ -8077342.471586697734892, 5837223.850649091415107 ], [ -8077345.925436898134649, 5837247.456002530641854 ], [ -8077443.426223486661911, 5837428.241618311963975 ] ] ] } },
{ "type": "Feature", "properties": { "OBJECTID": 13703, "TYPE": "Bande cyclable (marquage)", "NOM": null, "V_VELOBOUC": "Non", "LONGUEUR": 21.382912251170325 }, "geometry": { "type": "MultiLineString", "coordinates": [ [ [ -8077457.636550381779671, 5837454.589946270920336 ], [ -8077472.354339473880827, 5837481.87912171985954 ] ] ] } },
{ "type": "Feature", "properties": { "OBJECTID": 13704, "TYPE": "Bande cyclable (marquage)", "NOM": null, "V_VELOBOUC": "Non", "LONGUEUR": 20.645744953409892 }, "geometry": { "type": "MultiLineString", "coordinates": [ [ [ -8077443.426223486661911, 5837428.241618311963975 ], [ -8077457.636550381779671, 5837454.589946270920336 ] ] ] } },
{ "type": "Feature", "properties": { "OBJECTID": 13705, "TYPE": "Bande cyclable (marquage)", "NOM": null, "V_VELOBOUC": "Non", "LONGUEUR": 22.181375357267637 }, "geometry": { "type": "MultiLineString", "coordinates": [ [ [ -8077487.08938576746732, 5837476.230775283649564 ], [ -8077471.882746824063361, 5837447.88973549939692 ] ] ] } },
{ "type": "Feature", "properties": { "OBJECTID": 13706, "TYPE": "Bande cyclable (marquage)", "NOM": null, "V_VELOBOUC": "Non", "LONGUEUR": 19.938028085357388 }, "geometry": { "type": "MultiLineString", "coordinates": [ [ [ -8077471.882746824063361, 5837447.88973549939692 ], [ -8077458.214149966835976, 5837422.415058600716293 ] ] ] } },
{ "type": "Feature", "properties": { "OBJECTID": 13707, "TYPE": "Bande cyclable (marquage)", "NOM": null, "V_VELOBOUC": "Non", "LONGUEUR": 93.943795075955109 }, "geometry": { "type": "MultiLineString", "coordinates": [ [ [ -8081472.659890806302428, 5837246.452820900827646 ], [ -8081526.758117420598865, 5837232.78489497769624 ], [ -8081602.135818712413311, 5837213.988965508528054 ], [ -8081604.524940722621977, 5837213.612385250627995 ] ] ] } },
{ "type": "Feature", "properties": { "OBJECTID": 13708, "TYPE": "Bande cyclable (marquage)", "NOM": null, "V_VELOBOUC": "Non", "LONGUEUR": 75.659490515070217 }, "geometry": { "type": "MultiLineString", "coordinates": [ [ [ -8081708.257508064620197, 5837173.817387854680419 ], [ -8081600.194855772890151, 5837191.122525815851986 ] ] ] } },
{ "type": "Feature", "properties": { "OBJECTID": 13709, "TYPE": "Bande cyclable (marquage)", "NOM": null, "V_VELOBOUC": "Non", "LONGUEUR": 95.979983116662311 }, "geometry": { "type": "MultiLineString", "coordinates": [ [ [ -8081600.194855772890151, 5837191.122525815851986 ], [ -8081580.989426542073488, 5837195.911599428392947 ], [ -8081524.817345978692174, 5837209.918392323888838 ], [ -8081465.518147682771087, 5837224.900307517498732 ] ] ] } },
{ "type": "Feature", "properties": { "OBJECTID": 13710, "TYPE": "Bande cyclable (marquage)", "NOM": null, "V_VELOBOUC": "Non", "LONGUEUR": 73.823582253132358 }, "geometry": { "type": "MultiLineString", "coordinates": [ [ [ -8081604.524940722621977, 5837213.612385250627995 ], [ -8081710.006556961685419, 5837196.986045266501606 ] ] ] } },
{ "type": "Feature", "properties": { "OBJECTID": 13712, "TYPE": "Bande cyclable (marquage)", "NOM": null, "V_VELOBOUC": "Non", "LONGUEUR": 145.60989479196834 }, "geometry": { "type": "MultiLineString", "coordinates": [ [ [ -8081710.006556961685419, 5837196.986045266501606 ], [ -8081791.720943886786699, 5837190.64490870013833 ], [ -8081807.114273821935058, 5837189.898998306132853 ], [ -8081920.318728598766029, 5837187.277872039936483 ] ] ] } },
{ "type": "Feature", "properties": { "OBJECTID": 13713, "TYPE": "Bande cyclable (marquage)", "NOM": null, "V_VELOBOUC": "Non", "LONGUEUR": 92.927756934139069 }, "geometry": { "type": "MultiLineString", "coordinates": [ [ [ -8081920.318728598766029, 5837187.277872039936483 ], [ -8082030.804962822236121, 5837184.683603738434613 ], [ -8082039.252458012662828, 5837184.722461653873324 ], [ -8082051.119607129134238, 5837174.808762026019394 ] ] ] } },
{ "type": "Feature", "properties": { "OBJECTID": 13714, "TYPE": "Bande cyclable (marquage)", "NOM": null, "V_VELOBOUC": "Non", "LONGUEUR": 90.879145070261956 }, "geometry": { "type": "MultiLineString", "coordinates": [ [ [ -8082051.119607129134238, 5837174.808762026019394 ], [ -8082035.636776845902205, 5837166.304151872172952 ], [ -8081921.84826322644949, 5837167.186737746931612 ] ] ] } },
{ "type": "Feature", "properties": { "OBJECTID": 13715, "TYPE": "Bande cyclable (marquage)", "NOM": null, "V_VELOBOUC": "Non", "LONGUEUR": 147.98806420644507 }, "geometry": { "type": "MultiLineString", "coordinates": [ [ [ -8081921.84826322644949, 5837167.186737746931612 ], [ -8081865.057606991380453, 5837167.477255083620548 ], [ -8081799.240452595986426, 5837166.726961594074965 ], [ -8081770.91290630120784, 5837167.363747533410788 ], [ -8081744.298609876073897, 5837168.787836347706616 ], [ -8081725.525512314401567, 5837170.387307851575315 ], [ -8081708.257508064620197, 5837173.817387854680419 ] ] ] } },
{ "type": "Feature", "properties": { "OBJECTID": 13716, "TYPE": "Bande cyclable (marquage)", "NOM": "Route Verte 5 (est-ouest)", "V_VELOBOUC": "Oui", "LONGUEUR": 52.208211879094222 }, "geometry": { "type": "MultiLineString", "coordinates": [ [ [ -8088467.979359458200634, 5829133.44095694180578 ], [ -8088445.126843003556132, 5829143.795153194107115 ], [ -8088408.149437537416816, 5829164.236488713882864 ], [ -8088403.765419847331941, 5829171.127907183021307 ] ] ] } },
{ "type": "Feature", "properties": { "OBJECTID": 13717, "TYPE": "Bande cyclable (marquage)", "NOM": "Route Verte 5 (est-ouest)", "V_VELOBOUC": "Oui", "LONGUEUR": 224.94224191887034 }, "geometry": { "type": "MultiLineString", "coordinates": [ [ [ -8088346.791987174190581, 5829184.907279179431498 ], [ -8088323.542040020227432, 5829188.187903920188546 ], [ -8088024.764151882380247, 5829229.317403444088995 ] ] ] } },
{ "type": "Feature", "properties": { "OBJECTID": 13718, "TYPE": "Bande cyclable (marquage)", "NOM": "Route Verte 5 (est-ouest)", "V_VELOBOUC": "Oui", "LONGUEUR": 40.631469075383755 }, "geometry": { "type": "MultiLineString", "coordinates": [ [ [ -8088403.765419847331941, 5829171.127907183021307 ], [ -8088390.517037583515048, 5829175.53209846932441 ], [ -8088373.104128844104707, 5829180.186388812027872 ], [ -8088358.53902196791023, 5829183.134808694943786 ], [ -8088346.791987174190581, 5829184.907279179431498 ] ] ] } },
{ "type": "Feature", "properties": { "OBJECTID": 13719, "TYPE": "Bande cyclable (marquage)", "NOM": "Route Verte 5 (est-ouest)", "V_VELOBOUC": "Oui", "LONGUEUR": 54.153784686755145 }, "geometry": { "type": "MultiLineString", "coordinates": [ [ [ -8088403.765419847331941, 5829171.127907183021307 ], [ -8088412.835634564049542, 5829173.222463156096637 ], [ -8088451.313362678512931, 5829152.515534522011876 ], [ -8088467.979359458200634, 5829133.44095694180578 ] ] ] } },
{ "type": "Feature", "properties": { "OBJECTID": 13720, "TYPE": "Bande cyclable (marquage)", "NOM": null, "V_VELOBOUC": "Non", "LONGUEUR": 84.392504302885214 }, "geometry": { "type": "MultiLineString", "coordinates": [ [ [ -8071830.430725134909153, 5839656.781057417392731 ], [ -8071918.493326717056334, 5839571.940740098245442 ] ] ] } },
{ "type": "Feature", "properties": { "OBJECTID": 13721, "TYPE": "Bande cyclable (marquage)", "NOM": null, "V_VELOBOUC": "Non", "LONGUEUR": 86.959586081128805 }, "geometry": { "type": "MultiLineString", "coordinates": [ [ [ -8071739.401665899902582, 5839743.902247694320977 ], [ -8071830.430725134909153, 5839656.781057417392731 ] ] ] } },
{ "type": "Feature", "properties": { "OBJECTID": 13722, "TYPE": "Bande cyclable (marquage)", "NOM": null, "V_VELOBOUC": "Non", "LONGUEUR": 79.04118652725063 }, "geometry": { "type": "MultiLineString", "coordinates": [ [ [ -8071657.191251416690648, 5839823.645144028589129 ], [ -8071739.401665899902582, 5839743.902247694320977 ] ] ] } },
{ "type": "Feature", "properties": { "OBJECTID": 13723, "TYPE": "Bande cyclable (marquage)", "NOM": null, "V_VELOBOUC": "Non", "LONGUEUR": 89.535675681227403 }, "geometry": { "type": "MultiLineString", "coordinates": [ [ [ -8071559.460930107161403, 5839904.62964638415724 ], [ -8071576.248939437791705, 5839902.122144360095263 ], [ -8071657.191251416690648, 5839823.645144028589129 ] ] ] } },
{ "type": "Feature", "properties": { "OBJECTID": 13724, "TYPE": "Chaussée désignée", "NOM": null, "V_VELOBOUC": "Non", "LONGUEUR": 84.290613548343856 }, "geometry": { "type": "MultiLineString", "coordinates": [ [ [ -8071905.354492609389126, 5839559.026476701721549 ], [ -8071817.995317911729217, 5839644.383495866321027 ] ] ] } },
{ "type": "Feature", "properties": { "OBJECTID": 13725, "TYPE": "Chaussée désignée", "NOM": null, "V_VELOBOUC": "Non", "LONGUEUR": 87.235758016971602 }, "geometry": { "type": "MultiLineString", "coordinates": [ [ [ -8071817.995317911729217, 5839644.383495866321027 ], [ -8071727.116633856669068, 5839732.240934733301401 ] ] ] } },
{ "type": "Feature", "properties": { "OBJECTID": 13726, "TYPE": "Chaussée désignée", "NOM": null, "V_VELOBOUC": "Non", "LONGUEUR": 78.913502956310495 }, "geometry": { "type": "MultiLineString", "coordinates": [ [ [ -8071727.116633856669068, 5839732.240934733301401 ], [ -8071644.916292232461274, 5839811.727253234013915 ] ] ] } },
{ "type": "Feature", "properties": { "OBJECTID": 13727, "TYPE": "Chaussée désignée", "NOM": null, "V_VELOBOUC": "Non", "LONGUEUR": 88.338783470582186 }, "geometry": { "type": "MultiLineString", "coordinates": [ [ [ -8071644.916292232461274, 5839811.727253234013915 ], [ -8071563.77328791283071, 5839889.883443467319012 ], [ -8071559.460930107161403, 5839904.62964638415724 ] ] ] } },
{ "type": "Feature", "properties": { "OBJECTID": 13728, "TYPE": "Bande cyclable (marquage)", "NOM": null, "V_VELOBOUC": "Non", "LONGUEUR": 70.542845183690247 }, "geometry": { "type": "MultiLineString", "coordinates": [ [ [ -8071918.493326717056334, 5839571.940740098245442 ], [ -8071926.955863974988461, 5839563.494258289225399 ], [ -8071992.178448556922376, 5839501.106197854503989 ] ] ] } },
{ "type": "Feature", "properties": { "OBJECTID": 13729, "TYPE": "Bande cyclable (marquage)", "NOM": null, "V_VELOBOUC": "Non", "LONGUEUR": 70.61865886931902 }, "geometry": { "type": "MultiLineString", "coordinates": [ [ [ -8071992.061804533004761, 5839501.160872975364327 ], [ -8072065.760345190763474, 5839430.179122644476593 ] ] ] } },
{ "type": "Feature", "properties": { "OBJECTID": 13730, "TYPE": "Bande cyclable (marquage)", "NOM": null, "V_VELOBOUC": "Non", "LONGUEUR": 69.655032824740132 }, "geometry": { "type": "MultiLineString", "coordinates": [ [ [ -8072065.760345190763474, 5839430.179122644476593 ], [ -8072138.324630166403949, 5839360.032962324097753 ] ] ] } },
{ "type": "Feature", "properties": { "OBJECTID": 13731, "TYPE": "Bande cyclable (marquage)", "NOM": null, "V_VELOBOUC": "Non", "LONGUEUR": 68.075372310058825 }, "geometry": { "type": "MultiLineString", "coordinates": [ [ [ -8072138.324630166403949, 5839360.032962324097753 ], [ -8072209.152182457968593, 5839291.383985346183181 ] ] ] } },
{ "type": "Feature", "properties": { "OBJECTID": 13732, "TYPE": "Bande cyclable (marquage)", "NOM": null, "V_VELOBOUC": "Non", "LONGUEUR": 72.614358319722143 }, "geometry": { "type": "MultiLineString", "coordinates": [ [ [ -8072209.152182457968593, 5839291.383985346183181 ], [ -8072284.762457122094929, 5839218.221571329981089 ] ] ] } },
{ "type": "Feature", "properties": { "OBJECTID": 13733, "TYPE": "Bande cyclable (marquage)", "NOM": null, "V_VELOBOUC": "Non", "LONGUEUR": 70.348022733340741 }, "geometry": { "type": "MultiLineString", "coordinates": [ [ [ -8072284.762457122094929, 5839218.221571329981089 ], [ -8072358.217003625817597, 5839147.556692676618695 ] ] ] } },
{ "type": "Feature", "properties": { "OBJECTID": 13734, "TYPE": "Bande cyclable (marquage)", "NOM": null, "V_VELOBOUC": "Non", "LONGUEUR": 68.47790664710773 }, "geometry": { "type": "MultiLineString", "coordinates": [ [ [ -8072358.217003625817597, 5839147.556692676618695 ], [ -8072429.808526732027531, 5839078.865408044308424 ] ] ] } },
{ "type": "Feature", "properties": { "OBJECTID": 13735, "TYPE": "Bande cyclable (marquage)", "NOM": null, "V_VELOBOUC": "Non", "LONGUEUR": 70.41072579365202 }, "geometry": { "type": "MultiLineString", "coordinates": [ [ [ -8072429.808526732027531, 5839078.865408044308424 ], [ -8072489.46630456391722, 5839021.699411555193365 ], [ -8072493.467498697340488, 5839002.696408660151064 ] ] ] } },
{ "type": "Feature", "properties": { "OBJECTID": 13736, "TYPE": "Chaussée désignée", "NOM": null, "V_VELOBOUC": "Non", "LONGUEUR": 68.841422422827122 }, "geometry": { "type": "MultiLineString", "coordinates": [ [ [ -8072418.063296349719167, 5839065.593297007493675 ], [ -8072346.197982994839549, 5839134.760296158492565 ] ] ] } },
{ "type": "Feature", "properties": { "OBJECTID": 13737, "TYPE": "Chaussée désignée", "NOM": null, "V_VELOBOUC": "Non", "LONGUEUR": 70.52289180869748 }, "geometry": { "type": "MultiLineString", "coordinates": [ [ [ -8071978.982187214307487, 5839488.170454504899681 ], [ -8071905.354492609389126, 5839559.026476701721549 ] ] ] } },
{ "type": "Feature", "properties": { "OBJECTID": 13738, "TYPE": "Chaussée désignée", "NOM": null, "V_VELOBOUC": "Non", "LONGUEUR": 71.555303163226483 }, "geometry": { "type": "MultiLineString", "coordinates": [ [ [ -8072053.686533331871033, 5839416.277069671079516 ], [ -8071978.982187214307487, 5839488.170454504899681 ] ] ] } },
{ "type": "Feature", "properties": { "OBJECTID": 13739, "TYPE": "Chaussée désignée", "NOM": null, "V_VELOBOUC": "Non", "LONGUEUR": 69.900262890322878 }, "geometry": { "type": "MultiLineString", "coordinates": [ [ [ -8072126.661838615313172, 5839346.046487334184349 ], [ -8072053.686533331871033, 5839416.277069671079516 ] ] ] } },
{ "type": "Feature", "properties": { "OBJECTID": 13740, "TYPE": "Chaussée désignée", "NOM": null, "V_VELOBOUC": "Non", "LONGUEUR": 67.047925727502005 }, "geometry": { "type": "MultiLineString", "coordinates": [ [ [ -8072196.658223640173674, 5839278.68164483923465 ], [ -8072126.661838615313172, 5839346.046487334184349 ] ] ] } },
{ "type": "Feature", "properties": { "OBJECTID": 13741, "TYPE": "Chaussée désignée", "NOM": null, "V_VELOBOUC": "Non", "LONGUEUR": 72.141532519472605 }, "geometry": { "type": "MultiLineString", "coordinates": [ [ [ -8072271.971024523489177, 5839206.19905954785645 ], [ -8072196.658223640173674, 5839278.68164483923465 ] ] ] } },
{ "type": "Feature", "properties": { "OBJECTID": 13742, "TYPE": "Chaussée désignée", "NOM": null, "V_VELOBOUC": "Non", "LONGUEUR": 71.102562535273648 }, "geometry": { "type": "MultiLineString", "coordinates": [ [ [ -8072346.197982994839549, 5839134.760296158492565 ], [ -8072271.971024523489177, 5839206.19905954785645 ] ] ] } },
{ "type": "Feature", "properties": { "OBJECTID": 13743, "TYPE": "Chaussée désignée", "NOM": null, "V_VELOBOUC": "Non", "LONGUEUR": 68.591018698435803 }, "geometry": { "type": "MultiLineString", "coordinates": [ [ [ -8072493.467498697340488, 5839002.696408660151064 ], [ -8072476.760705444030464, 5839009.098918662406504 ], [ -8072418.063296349719167, 5839065.593297007493675 ] ] ] } }
]
}
