{
"type": "FeatureCollection",
"name": "dmti",
"crs": { "type": "name", "properties": { "name": "urn:ogc:def:crs:EPSG::3857" } },
"features": [
{ "type": "Feature", "properties": { "level_0": 0, "level_1": 0, "g_objectid": 121, "g_uid": "398BFDA0-E5D4-413C-8BFF-7330D2F17CCB", "g_pcuid": "0953", "g_pcpuid": "240953", "g_pcname": "Trois-Rivières", "g_pctype": "1", "g_pcclass": "4", "g_cmauid": "442", "g_cmapuid": "24442", "g_cmaname": "Trois-Rivières", "g_cmatype": "B", "g_pruid": "24", "g_prname": "Quebec / Québec", "g_accuracy": -1, "g_acq_tech": 5, "g_shape_le": 1.514858654967614, "g_shape_ar": 0.015877621861083002, "g_dat_acqu": "2024-11-25 00:00:00.0000000", "g_dat_char": "2024-11-28 00:00:00.0000000", "g_oid": 121 }, "geometry": { "type": "MultiPolygon", "coordinates": [ [ [ [ -8092329.397972164675593, 5820977.790418859571218 ], [ -8093301.918506159447134, 5822032.380104603245854 ], [ -8093897.671825202181935, 5822710.931608809158206 ], [ -8094458.25763388723135, 5823331.908513228408992 ], [ -8095948.73477890342474, 5825012.153855889104307 ], [ -8096059.02167010307312, 5825133.465507329441607 ], [ -8094937.093080198392272, 5827382.745205913670361 ], [ -8094943.687424194999039, 5827442.436949945054948 ], [ -8094867.63650843501091, 5827466.405236993916333 ], [ -8094840.503495745360851, 5827476.071480161510408 ], [ -8094821.884754317812622, 5827481.079970593564212 ], [ -8094811.877577370963991, 5827484.333686501719058 ], [ -8094774.741061283275485, 5827497.254475523717701 ], [ -8094767.833241600543261, 5827500.629027852788568 ], [ -8094761.946666928008199, 5827503.507048671133816 ], [ -8094750.701951202005148, 5827512.608972926624119 ], [ -8094737.958095900714397, 5827520.31345883384347 ], [ -8094726.812899798154831, 5827532.310346965678036 ], [ -8094721.444406037218869, 5827544.104577450081706 ], [ -8094707.46011764742434, 5827557.652165327221155 ], [ -8094700.648032727651298, 5827569.498467744328082 ], [ -8094692.057507622987032, 5827579.302894023247063 ], [ -8094558.68440118804574, 5827521.486161380074918 ], [ -8094545.087393306195736, 5827515.599450730718672 ], [ -8094396.092822724021971, 5827452.573919735848904 ], [ -8094369.573069116100669, 5827441.357216172851622 ], [ -8093845.952344502322376, 5827219.855576005764306 ], [ -8093772.003029412589967, 5827188.581032547168434 ], [ -8093748.039616581983864, 5827178.428417004644871 ], [ -8093741.083929523825645, 5827175.497338776476681 ], [ -8093630.916484137065709, 5827126.021806673146784 ], [ -8093580.196207185275853, 5827098.276811229065061 ], [ -8093412.730282181873918, 5826999.888961767777801 ], [ -8093283.55336395278573, 5826925.124924342148006 ], [ -8093258.810714694671333, 5826910.800533655099571 ], [ -8093080.908364791423082, 5826807.830664776265621 ], [ -8092946.296383747830987, 5826728.296029198914766 ], [ -8092925.286499647423625, 5826718.272495464421809 ], [ -8092883.283763344399631, 5826698.226428710855544 ], [ -8092826.729677157476544, 5826673.312684068456292 ], [ -8092793.364220136776567, 5826658.617224236950278 ], [ -8092777.713145009241998, 5826651.726198676042259 ], [ -8092770.018630490638316, 5826648.340855665504932 ], [ -8092645.703591017983854, 5826591.710695306770504 ], [ -8092623.290302108041942, 5826581.501579380594194 ], [ -8092619.554976592771709, 5826579.599261950701475 ], [ -8092512.213265161029994, 5826524.962863523513079 ], [ -8092474.858785510994494, 5826505.009056707844138 ], [ -8092454.791332226246595, 5826494.291966690681875 ], [ -8092447.92659318447113, 5826490.629128009080887 ], [ -8092430.058924362063408, 5826481.073826796375215 ], [ -8092345.441973780281842, 5826435.866987593472004 ], [ -8092304.529723204672337, 5826417.61929873470217 ], [ -8092287.637769713066518, 5826411.990581043995917 ], [ -8092261.598359704017639, 5826405.652438530698419 ], [ -8092225.971669875085354, 5826400.520843527279794 ], [ -8092190.095179104246199, 5826398.153506509959698 ], [ -8092051.335322508588433, 5826396.795219797641039 ], [ -8092029.461376527324319, 5826395.052257314324379 ], [ -8092006.29323014523834, 5826393.197017505764961 ], [ -8091953.38764027133584, 5826386.249496613629162 ], [ -8091898.23228348325938, 5826377.377960635349154 ], [ -8091896.623160244897008, 5826391.834060030989349 ], [ -8091892.694027496501803, 5826403.572801949456334 ], [ -8091887.325533733703196, 5826415.364235081709921 ], [ -8091880.50587909296155, 5826427.204493541270494 ], [ -8091873.541731747798622, 5826434.699745221063495 ], [ -8091862.289891575463116, 5826443.798311796970665 ], [ -8091849.599803581833839, 5826452.945536360144615 ], [ -8091835.564976145513356, 5826465.03875398170203 ], [ -8091818.793247705325484, 5826481.577228871174157 ], [ -8091785.298214793205261, 5826516.110035537742078 ], [ -8091754.689362331293523, 5826550.540040875785053 ], [ -8091750.457997164689004, 5826553.58866829611361 ], [ -8091742.097458131611347, 5826562.581843406893313 ], [ -8091730.850404699333012, 5826571.67780329938978 ], [ -8091728.281596130691469, 5826573.071395711041987 ], [ -8091722.336356078274548, 5826576.327193162404001 ], [ -8091716.661622402258217, 5826579.427217340096831 ], [ -8091705.410561465658247, 5826588.521744786761701 ], [ -8091681.370560831390321, 5826603.868861638940871 ], [ -8091671.464239348657429, 5826610.017542405985296 ], [ -8091666.444286909885705, 5826631.946245022118092 ], [ -8091644.599395309574902, 5826668.969479157589376 ], [ -8091593.642119163647294, 5826741.820939105935395 ], [ -8091550.896659214049578, 5826801.332754356786609 ], [ -8091527.506096486933529, 5826835.507892470806837 ], [ -8091464.15673463139683, 5826926.198151067830622 ], [ -8091436.01550131291151, 5826906.878317921422422 ], [ -8091355.974895000457764, 5826850.208801959641278 ], [ -8091253.727274790406227, 5826778.367956846952438 ], [ -8091163.180223617702723, 5826710.464482769370079 ], [ -8091059.388602072373033, 5826635.772489123977721 ], [ -8091043.052578116767108, 5826623.290968671441078 ], [ -8091025.223537152633071, 5826609.408940584398806 ], [ -8091005.798286008648574, 5826591.234189082868397 ], [ -8090989.259660583920777, 5826572.957182662561536 ], [ -8090972.675171527080238, 5826553.229437637142837 ], [ -8090958.925210662186146, 5826531.955276537686586 ], [ -8090942.034926963038743, 5826503.540085361339152 ], [ -8090934.264937824569643, 5826487.858239403925836 ], [ -8090851.574371032416821, 5826521.203358480706811 ], [ -8090775.997676299884915, 5826551.396233887411654 ], [ -8090747.424412045627832, 5826561.09401492215693 ], [ -8090718.795042764395475, 5826569.346343486569822 ], [ -8090690.119698529131711, 5826576.147899550385773 ], [ -8090661.33848946262151, 5826580.052248330786824 ], [ -8090631.068159573711455, 5826582.557044357061386 ], [ -8090618.122815988957882, 5826584.458556972444057 ], [ -8090586.407893062569201, 5826587.018125050701201 ], [ -8090554.790931282564998, 5826592.47233206871897 ], [ -8090533.182927560992539, 5826594.67508648801595 ], [ -8090523.173858192749321, 5826597.926220277324319 ], [ -8090491.658642427995801, 5826606.276043310761452 ], [ -8090460.194299675524235, 5826616.07360007148236 ], [ -8090430.22275129519403, 5826627.2716955980286 ], [ -8090347.777643982321024, 5826667.854238689877093 ], [ -8090330.70167937502265, 5826675.699264881201088 ], [ -8090316.515123465098441, 5826683.447159361094236 ], [ -8090299.437934344634414, 5826691.29590455442667 ], [ -8090265.284557966515422, 5826706.989388543181121 ], [ -8090199.915081302635372, 5826739.721892092376947 ], [ -8090167.25550118368119, 5826756.811983335763216 ], [ -8090138.826729625463486, 5826770.858075878582895 ], [ -8090110.450055587105453, 5826786.348078261129558 ], [ -8090085.009433119557798, 5826803.187918895855546 ], [ -8090058.227076826617122, 5826822.974861304275692 ], [ -8090034.330121738836169, 5826842.663579975254834 ], [ -8090017.451526583172381, 5826856.302720818668604 ], [ -8090010.484930210746825, 5826863.79640384670347 ], [ -8090006.302211667411029, 5826868.296128615736961 ], [ -8089988.081882692873478, 5826884.882077192887664 ], [ -8089979.717558790929615, 5826893.877523115836084 ], [ -8089914.103067932650447, 5826961.427833220921457 ], [ -8089846.998343048617244, 5827027.578229907900095 ], [ -8089749.169772658497095, 5827125.256740735843778 ], [ -8089768.542592328041792, 5827141.988162996247411 ], [ -8089800.068606078624725, 5827175.700648668222129 ], [ -8089815.009796814993024, 5827189.688928159885108 ], [ -8089827.011930348351598, 5827202.321718944236636 ], [ -8089837.624017408117652, 5827216.458898964338005 ], [ -8089846.886689596809447, 5827233.540730766952038 ], [ -8089851.620884899049997, 5827244.980297255329788 ], [ -8089865.318191645666957, 5827264.810600491240621 ], [ -8089879.015498392283916, 5827284.640948308631778 ], [ -8089894.055986113846302, 5827301.520243735052645 ], [ -8089912.036978184245527, 5827319.7507503638044 ], [ -8090009.45912110619247, 5827419.344015735201538 ], [ -8090097.866945624351501, 5827509.09344700910151 ], [ -8090199.725392891094089, 5827611.433990562334657 ], [ -8090235.636949302628636, 5827646.441821572370827 ], [ -8090221.595776654779911, 5827658.537802834995091 ], [ -8090209.050181362777948, 5827672.026922238990664 ], [ -8090199.241709706373513, 5827681.074726075865328 ], [ -8090192.021304895170033, 5827681.324608565308154 ], [ -8090183.255785548128188, 5827678.729439827613533 ], [ -8090164.331917397677898, 5827675.037915101274848 ], [ -8090145.459033562801778, 5827672.794613343663514 ], [ -8090109.20750742778182, 5827669.704999402165413 ], [ -8090027.986023956909776, 5827662.376575406640768 ], [ -8089971.463997785933316, 5827658.544408354908228 ], [ -8089900.454407802782953, 5827653.764271258376539 ], [ -8089894.62683246191591, 5827652.51470163743943 ], [ -8089888.752391611225903, 5827649.818364283069968 ], [ -8089882.772308569401503, 5827644.224465791136026 ], [ -8089848.458409489132464, 5827613.508273012936115 ], [ -8089777.980258752591908, 5827540.532651187852025 ], [ -8089713.481968430802226, 5827473.154963762499392 ], [ -8089682.102228490635753, 5827443.787664532661438 ], [ -8089662.779502593912184, 5827428.503367988392711 ], [ -8089621.293177409097552, 5827399.48742719553411 ], [ -8089595.894856342114508, 5827375.710070246830583 ], [ -8089586.9319675443694, 5827367.318920644931495 ], [ -8089571.989663611166179, 5827353.33390384260565 ], [ -8089561.583406297490001, 5827344.993684520944953 ], [ -8089549.284494993276894, 5827365.728332693688571 ], [ -8089541.020469957962632, 5827377.620131260715425 ], [ -8089505.626215217635036, 5827441.219953707419336 ], [ -8089492.086314237676561, 5827467.798004085198045 ], [ -8089483.872828247956932, 5827481.138130190782249 ], [ -8089452.808011144399643, 5827544.585968374274671 ], [ -8089382.516320558264852, 5827686.276504569686949 ], [ -8089363.547145372256637, 5827723.197507262229919 ], [ -8089350.006242508068681, 5827749.776568179018795 ], [ -8089343.138163887895644, 5827760.170864745043218 ], [ -8089318.790921456180513, 5827808.882733279839158 ], [ -8089304.854723083786666, 5827836.968301525339484 ], [ -8089301.217915320768952, 5827844.306537347845733 ], [ -8089286.431681315414608, 5827876.728282215073705 ], [ -8089281.007082528434694, 5827887.07197732757777 ], [ -8089249.589048681780696, 5827940.382131646387279 ], [ -8089237.292029817588627, 5827961.119145773351192 ], [ -8089218.022514638490975, 5827989.349075402133167 ], [ -8089200.150949628092349, 5828016.077326600439847 ], [ -8089177.892506123520434, 5828041.512532412074506 ], [ -8089154.238338846713305, 5828068.441694222390652 ], [ -8089147.218977035954595, 5828074.487635856494308 ], [ -8089096.727906915359199, 5828119.756685025058687 ], [ -8089011.028040331788361, 5828192.35991623532027 ], [ -8088973.093140854500234, 5828225.241327995434403 ], [ -8088960.484650048427284, 5828236.180289345793426 ], [ -8088925.378267516382039, 5828266.407230162993073 ], [ -8088862.03547350782901, 5828316.475158865563571 ], [ -8088838.231247550807893, 5828339.060488377697766 ], [ -8088775.089496542699635, 5828394.921543361619115 ], [ -8088770.906221394427121, 5828399.417537595145404 ], [ -8088763.886191666126251, 5828405.463383803144097 ], [ -8088749.891661879606545, 5828419.006010566838086 ], [ -8088731.764284682460129, 5828438.49301865324378 ], [ -8088712.34493347350508, 5828462.375715376809239 ], [ -8088706.864452303387225, 5828471.270294266752899 ], [ -8088691.779882059432566, 5828495.002105189487338 ], [ -8088679.628023806959391, 5828520.083570327609777 ], [ -8088667.476165551692247, 5828545.165106760337949 ], [ -8088662.247266430407763, 5828561.305309093557298 ], [ -8088642.979643687605858, 5828631.601599331945181 ], [ -8088636.407897550612688, 5828650.689478883519769 ], [ -8088628.590820270590484, 5828675.620570144616067 ], [ -8088599.111637992784381, 5828785.44401959143579 ], [ -8088564.752209241501987, 5828921.547853475436568 ], [ -8088537.318299973383546, 5829013.488533245399594 ], [ -8088530.836833943612874, 5829036.457537955604494 ], [ -8088524.469581705518067, 5829053.50873317848891 ], [ -8088516.656400604173541, 5829071.884015523828566 ], [ -8088509.626797401346266, 5829084.485985329374671 ], [ -8088505.99243866559118, 5829104.922107607126236 ], [ -8088503.603745033033192, 5829119.514808906242251 ], [ -8088501.161840684711933, 5829132.653916634619236 ], [ -8088501.660885960794985, 5829147.145469564944506 ], [ -8088501.115086497738957, 5829173.27811829186976 ], [ -8088500.216849529184401, 5829189.267677734605968 ], [ -8088501.962673097848892, 5829197.911774979904294 ], [ -8088514.86293228995055, 5829194.564933702349663 ], [ -8088532.195599649101496, 5829193.962921356782317 ], [ -8088538.020391999743879, 5829195.212548191659153 ], [ -8088552.96447704359889, 5829209.203385486267507 ], [ -8088578.317825029604137, 5829231.534145216457546 ], [ -8088591.763772365637124, 5829244.126030194573104 ], [ -8088600.731781864538789, 5829252.521865560673177 ], [ -8088614.128525979816914, 5829263.661269161850214 ], [ -8088623.143067025579512, 5829273.504318237304688 ], [ -8088632.060537473298609, 5829280.451534830033779 ], [ -8088642.670843420550227, 5829294.58946701977402 ], [ -8088695.022396188229322, 5829345.002110835164785 ], [ -8088708.418249750509858, 5829356.145498611032963 ], [ -8088714.344231525436044, 5829360.291983980685472 ], [ -8088730.78355997055769, 5829375.680502232164145 ], [ -8088744.331253320910037, 5829391.16943867597729 ], [ -8088759.377418333664536, 5829408.057276858016849 ], [ -8088766.847401442937553, 5829415.054070080630481 ], [ -8088774.369148115627468, 5829423.495510290376842 ], [ -8088788.067679376341403, 5829443.333933717571199 ], [ -8088801.767323824577034, 5829463.168373187072575 ], [ -8088815.512720595113933, 5829484.454276689328253 ], [ -8088829.212587686255574, 5829504.288808608427644 ], [ -8088835.188217954710126, 5829509.887915253639221 ], [ -8088841.316801195964217, 5829519.828570128418505 ], [ -8088850.583926168270409, 5829536.918407499790192 ], [ -8088859.700435866601765, 5829549.658659230917692 ], [ -8088867.418550119735301, 5829563.900961380451918 ], [ -8088882.763941925950348, 5829589.483082797378302 ], [ -8088899.352104531601071, 5829609.216329030692577 ], [ -8088920.273600948043168, 5829628.806360486894846 ], [ -8088939.699186047539115, 5829646.98930430971086 ], [ -8088960.671555477194488, 5829668.027807512320578 ], [ -8088983.038646801374853, 5829687.563018380664289 ], [ -8089002.31651093903929, 5829701.401546466164291 ], [ -8089017.157514135353267, 5829712.493978356942534 ], [ -8089027.52102476824075, 5829719.386428142897785 ], [ -8089030.610363274812698, 5829725.083165786229074 ], [ -8089033.750240828841925, 5829732.228466670960188 ], [ -8089034.148987251333892, 5829743.823880986310542 ], [ -8089014.672529143281281, 5829766.262029936537147 ], [ -8089004.86472540255636, 5829775.30811429489404 ], [ -8088993.605092867277563, 5829784.402391474694014 ], [ -8088968.256308983080089, 5829804.143808925524354 ], [ -8088949.928668012842536, 5829817.837968723848462 ], [ -8088941.410166623070836, 5829822.482301323674619 ], [ -8088917.505085212178528, 5829842.172719436697662 ], [ -8088892.101309497840703, 5829860.464234979823232 ], [ -8088882.238736571744084, 5829868.060383499599993 ], [ -8088866.848149051889777, 5829883.105408332310617 ], [ -8088854.249231724068522, 5829895.149020773358643 ], [ -8088858.53647927287966, 5829935.625090279616416 ], [ -8088861.773650063201785, 5829945.666783753782511 ], [ -8088864.066608933731914, 5829970.252317908219993 ], [ -8088870.200424193404615, 5830022.275199539028108 ], [ -8088880.266043874435127, 5830104.625903307460248 ], [ -8088888.391921423375607, 5830172.536006888374686 ], [ -8088894.523398973047733, 5830224.555246855132282 ], [ -8088896.416720878332853, 5830237.549508689902723 ], [ -8088898.613722341135144, 5830259.235823825001717 ], [ -8088902.148561454378068, 5830277.976706958375871 ], [ -8088910.073952606879175, 5830298.016566277481616 ], [ -8088910.423161843791604, 5830308.160202196799219 ], [ -8088918.395307180471718, 5830329.647659631446004 ], [ -8088925.020820633508265, 5830354.081968433223665 ], [ -8088928.059620090760291, 5830358.33061456028372 ], [ -8088934.437225039117038, 5830375.518772409297526 ], [ -8088939.070787522941828, 5830384.066530415788293 ], [ -8088946.99250512663275, 5830404.105341482907534 ], [ -8088959.250450858846307, 5830423.993029358796775 ], [ -8088971.407207168638706, 5830440.983409479260445 ], [ -8088980.6731076259166, 5830458.070035619661212 ], [ -8088992.930051473900676, 5830477.961713056080043 ], [ -8089006.531066861003637, 5830494.901269955560565 ], [ -8089020.132193565368652, 5830511.84085937961936 ], [ -8089024.615252097137272, 5830516.03865419048816 ], [ -8089047.133181336335838, 5830539.921013277024031 ], [ -8089068.307150359265506, 5830566.75562549661845 ], [ -8089116.133454510010779, 5830611.526414710097015 ], [ -8089159.627871990203857, 5830656.449570857919753 ], [ -8089218.907170632854104, 5830716.544466904364526 ], [ -8089221.629600102081895, 5830723.315537354908884 ], [ -8089228.378789504058659, 5830726.110158669762313 ], [ -8089276.408029086887836, 5830771.377023009583354 ], [ -8089327.427198872901499, 5830824.746514482423663 ], [ -8089424.314006363041699, 5830926.842839037068188 ], [ -8089437.152149277739227, 5830939.742400507442653 ], [ -8089444.028465543873608, 5830946.648219435475767 ], [ -8089427.006156927905977, 5830963.808996614068747 ], [ -8089319.483217369765043, 5831071.191614336334169 ], [ -8089166.273088995367289, 5831225.667779921554029 ], [ -8089145.446102824993432, 5831247.214045368134975 ], [ -8088643.026509191840887, 5831753.528719745576382 ], [ -8088623.818331054411829, 5831772.826772202737629 ], [ -8088054.481808521784842, 5832346.427253813482821 ], [ -8088038.464714909903705, 5832328.014359968714416 ], [ -8088033.295483035966754, 5832322.579172883182764 ], [ -8086176.192604465410113, 5830370.633859504945576 ], [ -8086171.760196299292147, 5830367.887054074555635 ], [ -8086167.278918879106641, 5830363.687557014636695 ], [ -8086131.468551884405315, 5830331.545789916999638 ], [ -8086104.526118167676032, 5830304.902866085991263 ], [ -8086016.084229891188443, 5830213.632513785734773 ], [ -8085932.171709050424397, 5830128.009178715758026 ], [ -8085908.018830452114344, 5830098.368424396961927 ], [ -8085861.360267760232091, 5830044.836855973117054 ], [ -8085288.360777382738888, 5829484.789938615635037 ], [ -8085278.188624949194491, 5829474.346878334879875 ], [ -8084583.048498720861971, 5828760.484420165419579 ], [ -8084681.555561398155987, 5828618.869440753012896 ], [ -8083912.224334134720266, 5827805.689476107247174 ], [ -8083894.551140461117029, 5827822.580079619772732 ], [ -8083806.120829402469099, 5827907.056299382820725 ], [ -8083746.206007791683078, 5827962.621066302992404 ], [ -8083450.292641182430089, 5827687.231246415525675 ], [ -8083420.429740624502301, 5827659.237826496362686 ], [ -8083415.951691467314959, 5827655.038168679922819 ], [ -8083412.912224088795483, 5827650.791629840619862 ], [ -8083408.483823426999152, 5827648.040193405933678 ], [ -8083399.621790083125234, 5827642.540061973035336 ], [ -8083392.400049440562725, 5827642.786882292479277 ], [ -8083385.183429488912225, 5827643.031285976991057 ], [ -8083378.011114696972072, 5827644.726323129609227 ], [ -8083367.902191742323339, 5827645.072548324242234 ], [ -8083357.889560139738023, 5827648.310052596032619 ], [ -8083342.150876571424305, 5827653.198291592299938 ], [ -8083324.919175998307765, 5827656.687775086611509 ], [ -8083309.181716943159699, 5827661.57182985637337 ], [ -8083294.787661508657038, 5827663.51385257858783 ], [ -8083280.492457779124379, 5827668.352155786938965 ], [ -8083266.149052705615759, 5827671.738373513333499 ], [ -8083260.424113933928311, 5827673.385083050467074 ], [ -8083253.202373291365802, 5827673.631904230453074 ], [ -8083245.981857155449688, 5827673.874858773313463 ], [ -8083240.154170497320592, 5827672.623836306855083 ], [ -8083232.936214714311063, 5827672.87178523465991 ], [ -8083227.207491072826087, 5827674.517206114716828 ], [ -8083222.92235860042274, 5827676.113166376017034 ], [ -8083218.641010979190469, 5827677.710093586705625 ], [ -8083212.961713200435042, 5827680.803738104179502 ], [ -8083207.331841274164617, 5827685.34560720063746 ], [ -8083210.415502484887838, 5827691.043287084437907 ], [ -8083212.007482525892556, 5827695.338339658454061 ], [ -8083218.075953244231641, 5827703.837101145647466 ], [ -8083243.460470689460635, 5827727.631775747053325 ], [ -8083371.920046117156744, 5827849.449605600908399 ], [ -8083460.019626966677606, 5827932.030240433290601 ], [ -8083475.099521790631115, 5827950.374347385950387 ], [ -8083575.291738924570382, 5828048.500347158871591 ], [ -8083579.869085059501231, 5828055.596760577522218 ], [ -8083583.002840050496161, 5828062.742803897708654 ], [ -8083581.851128595881164, 5828071.484884792007506 ], [ -8083574.777554190717638, 5828076.077062647789717 ], [ -8083547.732483905740082, 5828088.603656906634569 ], [ -8083516.398051001131535, 5828102.725017443299294 ], [ -8083485.019090293906629, 5828115.39520613476634 ], [ -8083442.180678569711745, 5828131.360613937489688 ], [ -8083397.947878901846707, 5828148.823813769035041 ], [ -8083337.980069214478135, 5828171.172512876801193 ], [ -8083278.008029383607209, 5828193.519657395780087 ], [ -8083232.330748003907502, 5828211.031638577580452 ], [ -8083210.910985544323921, 5828219.013700364157557 ], [ -8083142.321592605672777, 5828243.104454427026212 ], [ -8083082.34832826256752, 5828265.450008819811046 ], [ -8083022.325304104946554, 5828286.346975180320442 ], [ -8082960.906444854103029, 5828308.745164876803756 ], [ -8082923.746774311177433, 5828321.610285131260753 ], [ -8082900.882641459815204, 5828329.641105931252241 ], [ -8082850.923010587692261, 5828348.743961074389517 ], [ -8082799.464908052235842, 5828366.450403683818877 ], [ -8082780.886130317114294, 5828372.885017582215369 ], [ -8082773.664834947325289, 5828373.127508003264666 ], [ -8082762.259262557141483, 5828377.867592923343182 ], [ -8082726.492087529040873, 5828389.237748878076673 ], [ -8082717.876404221169651, 5828390.978043998591602 ], [ -8082702.135605582967401, 5828395.865244369953871 ], [ -8082686.394806947559118, 5828400.752447453327477 ], [ -8082659.248324602842331, 5828410.379433386027813 ], [ -8082647.790543374605477, 5828413.665716812945902 ], [ -8082617.801851790398359, 5828424.838702935725451 ], [ -8082581.990037644281983, 5828434.75718906801194 ], [ -8082549.113718471489847, 5828446.028971243649721 ], [ -8082532.027623783797026, 5828453.862044193781912 ], [ -8082514.888207065872848, 5828460.24548415094614 ], [ -8082494.963799327611923, 5828469.625852668657899 ], [ -8082476.429994665086269, 5828477.507122980430722 ], [ -8082449.38147347420454, 5828490.030097967013717 ], [ -8082422.37814799323678, 5828504.000320740044117 ], [ -8082393.979210059158504, 5828519.472097590565681 ], [ -8082365.531959464773536, 5828533.491671576164663 ], [ -8082334.197081279009581, 5828547.609877201728523 ], [ -8082304.260487217456102, 5828560.231238947249949 ], [ -8082277.158198711462319, 5828571.304189810529351 ], [ -8082251.50350886117667, 5828582.328816456720233 ], [ -8082227.244431470520794, 5828591.851751230657101 ], [ -8082201.536419586278498, 5828601.426579292863607 ], [ -8082147.143156034871936, 5828617.776511657051742 ], [ -8082094.237566160969436, 5828635.527804438024759 ], [ -8082051.396816729567945, 5828651.487225015647709 ], [ -8082008.507754635065794, 5828665.994100413285196 ], [ -8081984.24689612723887, 5828675.5201869411394 ], [ -8081962.824350683949888, 5828683.49896302819252 ], [ -8081918.584426568821073, 5828700.954232580028474 ], [ -8081871.461884241551161, 5828718.505247603170574 ], [ -8081774.558824102394283, 5828760.95540399197489 ], [ -8081768.881864028051496, 5828764.049589513801038 ], [ -8081696.191461054608226, 5828795.520980575121939 ], [ -8081676.215846350416541, 5828803.451042475178838 ], [ -8081647.716943508014083, 5828816.019596924073994 ], [ -8081636.359015864320099, 5828822.206557490862906 ], [ -8081623.504175025038421, 5828826.993128439411521 ], [ -8081570.8452691398561, 5828851.984659032896161 ], [ -8081526.652433170005679, 5828870.886263091117144 ], [ -8081484.004155141301453, 5828892.64060043822974 ], [ -8081464.073290868662298, 5828902.017400402575731 ], [ -8081445.639228471554816, 5828912.794617680832744 ], [ -8081408.765760342590511, 5828934.351508752442896 ], [ -8081370.449480292387307, 5828955.953731110319495 ], [ -8081332.229825560934842, 5828980.456745558418334 ], [ -8081306.718181256204844, 5828995.828004366718233 ], [ -8081281.300601920112967, 5829014.094883905723691 ], [ -8081265.753610517829657, 5829024.773462284356356 ], [ -8081240.339704730547965, 5829043.041529703885317 ], [ -8081216.463789026252925, 5829064.156260051764548 ], [ -8081188.210902262479067, 5829083.971316321752965 ], [ -8081161.44680236838758, 5829105.184276807121933 ], [ -8081122.070872081443667, 5829138.42971602641046 ], [ -8081102.386691806837916, 5829155.053610574454069 ], [ -8081011.863685645163059, 5829231.819683323614299 ], [ -8080988.092298944480717, 5829251.276742517016828 ], [ -8080956.006793427281082, 5829274.601195921190083 ], [ -8080924.421001112088561, 5829299.052080363035202 ], [ -8080881.03834839630872, 5829331.023949427530169 ], [ -8080862.681875679641962, 5829343.713305538520217 ], [ -8080769.612658808007836, 5829408.554239142686129 ], [ -8080639.637913789600134, 5829499.983528924174607 ], [ -8080564.827208472415805, 5829554.730528892949224 ], [ -8080539.36064856685698, 5829571.548904382623732 ], [ -8080461.660423227585852, 5829626.39351961016655 ], [ -8080416.405710639432073, 5829656.93236974440515 ], [ -8080340.150300967507064, 5829711.732394494116306 ], [ -8080262.495827942155302, 5829768.024512950330973 ], [ -8080304.394814488478005, 5829810.138083199039102 ], [ -8080349.137457417324185, 5829850.706262848339975 ], [ -8080402.818610188551247, 5829812.626553450711071 ], [ -8080439.552928955294192, 5829786.72616015933454 ], [ -8080448.313661559484899, 5829789.333229525014758 ], [ -8080455.684347687289119, 5829793.435119050554931 ], [ -8080489.974535713903606, 5829824.199673641473055 ], [ -8080546.664654314517975, 5829875.968848526477814 ], [ -8080591.551901266910136, 5829920.880523370578885 ], [ -8080605.039148134179413, 5829934.934877363964915 ], [ -8080606.726528974249959, 5829942.133206049911678 ], [ -8080601.191055977717042, 5829949.571818228811026 ], [ -8080580.249856010079384, 5829972.042721043340862 ], [ -8080546.744359070435166, 5830007.991224408149719 ], [ -8080534.227818166837096, 5830022.921585580334067 ], [ -8080614.857193266041577, 5830098.54762844927609 ], [ -8080655.293441694229841, 5830053.66180054936558 ], [ -8080684.707279431633651, 5830025.102151737548411 ], [ -8080693.179805870167911, 5830019.013940171338618 ], [ -8080700.501956701278687, 5830021.667006886564195 ], [ -8080727.326391761191189, 5830045.428129073232412 ], [ -8080787.053862666711211, 5830101.448736285790801 ], [ -8080811.040986544452608, 5830126.752973530441523 ], [ -8080811.382514744065702, 5830136.898024045862257 ], [ -8080810.08141253143549, 5830141.292088985443115 ], [ -8080807.387926137074828, 5830147.18925438914448 ], [ -8080756.403933309949934, 5830179.377890786156058 ], [ -8080722.362321703694761, 5830199.384166685864329 ], [ -8080792.589113026857376, 5830266.660038072615862 ], [ -8080818.213746610097587, 5830290.693049530498683 ], [ -8080933.886942692101002, 5830228.638322245329618 ], [ -8081204.992315497249365, 5830483.213328378275037 ], [ -8081242.001927367411554, 5830517.61321051325649 ], [ -8081243.24102461989969, 5830524.825713530182838 ], [ -8081165.608370210975409, 5830608.089590998366475 ], [ -8081238.877857178449631, 5830679.616897159256041 ], [ -8081244.801835196092725, 5830683.766583351418376 ], [ -8081278.208814384415746, 5830644.913554708473384 ], [ -8081323.025707418099046, 5830601.321671116165817 ], [ -8081331.6456208685413, 5830599.578522425144911 ], [ -8081339.016418315470219, 5830603.684012040495872 ], [ -8081349.468093983829021, 5830613.485042206011713 ], [ -8081359.922441323287785, 5830623.291240522637963 ], [ -8081749.067439946345985, 5830985.092719601467252 ], [ -8081950.125579772517085, 5831168.237815706990659 ], [ -8082003.930853765457869, 5831216.286736588925123 ], [ -8081918.232211695984006, 5831308.270195888355374 ], [ -8081953.943281705491245, 5831341.754423425532877 ], [ -8082024.090702231042087, 5831406.129573185928166 ], [ -8082097.432546868920326, 5831473.39853179268539 ], [ -8082161.403405446559191, 5831532.076733921654522 ], [ -8082162.532852995209396, 5831533.134564361535013 ], [ -8082162.628810400143266, 5831533.224825695157051 ], [ -8082189.782528510317206, 5831558.681941376999021 ], [ -8082213.67981756106019, 5831581.092471330426633 ], [ -8082257.028406511992216, 5831622.661037133075297 ], [ -8082463.005309353582561, 5831466.835774392820895 ], [ -8082688.002816990017891, 5831680.942914679646492 ], [ -8082701.422604243271053, 5831694.041835298761725 ], [ -8082708.956150786019862, 5831708.965702165849507 ], [ -8082717.543113664723933, 5831767.154340261593461 ], [ -8082746.441876109689474, 5831766.171271682716906 ], [ -8082775.434258252382278, 5831768.088892196305096 ], [ -8082805.924332822673023, 5831771.407213211990893 ], [ -8082833.620510814711452, 5831777.721326978877187 ], [ -8082836.4670615112409, 5831778.458911439403892 ], [ -8082872.983639352954924, 5831787.897290091961622 ], [ -8082908.042822422459722, 5831796.960438387468457 ], [ -8082965.076472978107631, 5831815.338535603135824 ], [ -8083036.656241393648088, 5831836.123346059583127 ], [ -8083128.711003749631345, 5831863.468674178235233 ], [ -8083165.22546651866287, 5831873.836226591840386 ], [ -8083191.526143371127546, 5831881.651712152175605 ], [ -8083222.161489877849817, 5831889.31423775292933 ], [ -8083261.515601539984345, 5831898.132968666031957 ], [ -8083280.443143239244819, 5831901.843991784378886 ], [ -8083312.329052905552089, 5831903.661383039318025 ], [ -8083345.659332965500653, 5831905.428967650979757 ], [ -8083374.606853350065649, 5831905.89625093806535 ], [ -8083409.282540773041546, 5831904.715711917728186 ], [ -8083443.860489684157073, 5831900.632988850586116 ], [ -8083481.181239530444145, 5831892.108583812601864 ], [ -8083477.338156748563051, 5831906.751190809533 ], [ -8083474.889907185919583, 5831919.894934716634452 ], [ -8083473.643462846055627, 5831925.740903306752443 ], [ -8083469.552694205194712, 5831933.138151353225112 ], [ -8083465.560888580977917, 5831943.433412053622305 ], [ -8083460.125937083736062, 5831953.774623531848192 ], [ -8083453.241271854378283, 5831964.16807231027633 ], [ -8083449.155512580648065, 5831971.562612379901111 ], [ -8083440.826476961374283, 5831982.005728383548558 ], [ -8083432.452913545072079, 5831990.997185719199479 ], [ -8083417.051305399276316, 5832006.032131158746779 ], [ -8083401.550511583685875, 5832018.168909077532589 ], [ -8083383.20528213866055, 5832031.856674261391163 ], [ -8083366.259895293042064, 5832044.043134329840541 ], [ -8083357.836683379486203, 5832051.585391789674759 ], [ -8083347.91566772479564, 5832057.727071104571223 ], [ -8083337.900698412209749, 5832060.967646047472954 ], [ -8083329.37852347549051, 5832065.611709242686629 ], [ -8083316.522792083211243, 5832070.40471513941884 ], [ -8083312.23498793784529, 5832072.001632128842175 ], [ -8083290.759343090467155, 5832078.536470279097557 ], [ -8083267.835209034383297, 5832085.119670570828021 ], [ -8083247.802710064686835, 5832091.60857895668596 ], [ -8083226.277416732162237, 5832096.694161079823971 ], [ -8083219.100649160332978, 5832098.390215462073684 ], [ -8083211.928890966810286, 5832100.083691104315221 ], [ -8083200.31971522886306, 5832099.03030601143837 ], [ -8083182.979478150606155, 5832099.619460166431963 ], [ -8083169.927045216783881, 5832098.611853455193341 ], [ -8083152.537270960398018, 5832097.751898057758808 ], [ -8083136.498136086389422, 5832093.941176341846585 ], [ -8083114.580998144112527, 5832087.434696409851313 ], [ -8083101.524780343286693, 5832086.425801559351385 ], [ -8083066.556545298546553, 5832078.907370562665164 ], [ -8083031.535099537111819, 5832069.93855148088187 ], [ -8082997.9620316689834, 5832060.921061964705586 ], [ -8082955.66507794894278, 5832050.749458336271346 ], [ -8082911.927650015801191, 5832040.628480175510049 ], [ -8082875.462167820893228, 5832031.708379412069917 ], [ -8082850.653840058483183, 5832025.295113180764019 ], [ -8082836.15714804828167, 5832024.336355499923229 ], [ -8082814.336635425686836, 5832020.722155937924981 ], [ -8082793.963276174850762, 5832017.063308285549283 ], [ -8082777.875160729512572, 5832011.802881265059114 ], [ -8082772.093449017032981, 5832011.999855071306229 ], [ -8082754.511537319980562, 5832005.339660735800862 ], [ -8082725.370098382234573, 5831999.074546786956489 ], [ -8082699.216363255865872, 5831995.608490628190339 ], [ -8082691.891429441981018, 5831992.956764343194664 ], [ -8082684.666460528969765, 5831993.199193119071424 ], [ -8082668.773488152772188, 5831993.74272361304611 ], [ -8082660.054722996428609, 5831992.585545301437378 ], [ -8082651.433362389914691, 5831994.330581225454807 ], [ -8082644.261715512722731, 5831996.023392129689455 ], [ -8082638.578632869757712, 5831999.118390320800245 ], [ -8082632.846235693432391, 5832000.764296007342637 ], [ -8082618.595114483498037, 5832007.054556733928621 ], [ -8082598.755754833109677, 5832019.336890473030508 ], [ -8082578.920180045068264, 5832031.620369653217494 ], [ -8082556.142319793812931, 5832042.552446773275733 ], [ -8082539.048766706138849, 5832050.385651612654328 ], [ -8082520.558821927756071, 5832059.721320520155132 ], [ -8082496.434997719712555, 5832073.600967271253467 ], [ -8082473.755655215121806, 5832087.431150208227336 ], [ -8082459.652143651619554, 5832098.068477689288557 ], [ -8082444.149568726308644, 5832110.203286784701049 ], [ -8082437.071207583881915, 5832114.796922946348786 ], [ -8082431.534732708707452, 5832122.243009467609227 ], [ -8082427.345223670825362, 5832126.737680144608021 ], [ -8082419.019638955593109, 5832137.17711129039526 ], [ -8082412.137200120836496, 5832147.571098597720265 ], [ -8082405.206671262159944, 5832156.5121103618294 ], [ -8082398.320336241275072, 5832166.904830919578671 ], [ -8082385.853221187368035, 5832183.292000342160463 ], [ -8082376.230875726789236, 5832198.128522526472807 ], [ -8082363.862167100422084, 5832217.414007653482258 ], [ -8082352.936826997436583, 5832236.654078293591738 ], [ -8082343.359677243977785, 5832252.938535497523844 ], [ -8082330.892228238284588, 5832269.325864798389375 ], [ -8082322.614399580284953, 5832281.218472845852375 ], [ -8082314.235158868134022, 5832290.207817341201007 ], [ -8082297.532671150751412, 5832309.641803349368274 ], [ -8082280.776861399412155, 5832327.625395313836634 ], [ -8082252.953556546010077, 5832360.495145210064948 ], [ -8082202.841863250359893, 5832418.792215701192617 ], [ -8082156.866134319454432, 5832471.144200656563044 ], [ -8082156.115061717107892, 5832472.003386482596397 ], [ -8082134.577634554356337, 5832496.571622992865741 ], [ -8082069.39673310611397, 5832580.053361079655588 ], [ -8082005.46316655818373, 5832657.685240538790822 ], [ -8081955.637564351782203, 5832724.681158058345318 ], [ -8081939.031479315832257, 5832747.014049684628844 ], [ -8081904.415681776590645, 5832793.175975352525711 ], [ -8081849.296615150757134, 5832874.865498370490968 ], [ -8081809.050611726939678, 5832935.443495508283377 ], [ -8081805.363487554714084, 5832938.528989818878472 ], [ -8081800.006348373368382, 5832942.25012318789959 ], [ -8081790.260549600236118, 5832946.308180262334645 ], [ -8081777.81859275046736, 5832948.430306429974735 ], [ -8081762.007662836462259, 5832950.981726958416402 ], [ -8081767.601244606077671, 5832983.576846034266055 ], [ -8081772.715929931029677, 5833006.624382982030511 ], [ -8081780.722584304399788, 5833029.578479372896254 ], [ -8081785.444979747757316, 5833041.027660899795592 ], [ -8081793.207065197639167, 5833056.731317396275699 ], [ -8081802.365764986723661, 5833070.932533404789865 ], [ -8081812.918852713890374, 5833083.638717286288738 ], [ -8081824.920652292668819, 5833096.297040265053511 ], [ -8081866.698300587944686, 5833134.067703668028116 ], [ -8081933.921246774494648, 5833197.104342198930681 ], [ -8081950.405214329250157, 5833213.962390868924558 ], [ -8082025.209017836488783, 5833287.136990622617304 ], [ -8082030.783563974313438, 5833291.73107870016247 ], [ -8082090.523836624808609, 5833240.651505655609071 ], [ -8082141.637294018641114, 5833187.438598312437534 ], [ -8082211.025849577970803, 5833111.03659943304956 ], [ -8082259.989059687592089, 5833059.335484541021287 ], [ -8082215.293393575586379, 5833014.814875149168074 ], [ -8082067.75866680406034, 5832884.939072325825691 ], [ -8082331.111972909420729, 5832531.283380689099431 ], [ -8082390.039168002083898, 5832459.336771345697343 ], [ -8082571.572537053376436, 5832350.903823615051806 ], [ -8082787.367373711429536, 5832451.923445731401443 ], [ -8083165.603062232024968, 5832827.71657286491245 ], [ -8083627.753720620647073, 5833612.928205451928079 ], [ -8083608.558566868305206, 5833684.638366706669331 ], [ -8083465.169711888767779, 5833841.71232011821121 ], [ -8083369.019394151866436, 5833950.234863211400807 ], [ -8083368.066499307751656, 5833951.151428094133735 ], [ -8083452.254424571990967, 5834035.640578392893076 ], [ -8083599.193480749614537, 5833877.715616741217673 ], [ -8083614.638837456703186, 5833874.070347405970097 ], [ -8083636.759801387786865, 5833890.225786261260509 ], [ -8083696.744309001602232, 5833949.247520605102181 ], [ -8083781.406455293297768, 5834028.852615061216056 ], [ -8083863.881396228447556, 5833944.613106138072908 ], [ -8084294.456726336851716, 5834324.774102794937789 ], [ -8084375.799214094877243, 5834226.398479380644858 ], [ -8084469.602805652655661, 5834312.828756448812783 ], [ -8084389.515779111534357, 5834398.010967447422445 ], [ -8084227.268066556192935, 5834572.807346687652171 ], [ -8084217.568910642527044, 5834582.122790928930044 ], [ -8084207.139053591527045, 5834585.657744602300227 ], [ -8084194.364696748554707, 5834581.872067889198661 ], [ -8083921.868609538301826, 5834329.415972524322569 ], [ -8083838.400921386666596, 5834420.138816271908581 ], [ -8084097.67091725114733, 5834659.829054981470108 ], [ -8084106.022216769866645, 5834668.820502251386642 ], [ -8084110.881089900620282, 5834681.952078813686967 ], [ -8084106.935370553284883, 5834695.774421746842563 ], [ -8084040.647953368723392, 5834766.539333079010248 ], [ -8083970.165127220563591, 5834843.891362629830837 ], [ -8083955.069870311766863, 5834848.442565452307463 ], [ -8083940.327607500366867, 5834840.484976063482463 ], [ -8083775.260728849098086, 5834686.546409976668656 ], [ -8083771.712531398050487, 5834676.589932715520263 ], [ -8083772.918789401650429, 5834664.765038344077766 ], [ -8083844.478408986702561, 5834587.217226527631283 ], [ -8083759.920569055713713, 5834503.974943431094289 ], [ -8083674.758932213298976, 5834591.794417212717235 ], [ -8083695.031102041713893, 5834664.327599139884114 ], [ -8083972.166651664301753, 5834914.949634725227952 ], [ -8084087.736654573120177, 5834900.28784216940403 ], [ -8084414.830721873790026, 5834552.598630732856691 ], [ -8084427.757252465933561, 5834545.027791045606136 ], [ -8084443.727814530022442, 5834552.626040879637003 ], [ -8084655.78409740421921, 5834749.875350683927536 ], [ -8084669.207780842669308, 5834757.036333251744509 ], [ -8084683.247395017184317, 5834751.981625753454864 ], [ -8084738.383604853413999, 5834692.465641813352704 ], [ -8084751.658788086846471, 5834688.863247568719089 ], [ -8084762.174917741678655, 5834692.17702455073595 ], [ -8084838.133104370906949, 5834761.231957118958235 ], [ -8084668.941504621878266, 5834948.926614688709378 ], [ -8084714.843762685544789, 5834988.222522086463869 ], [ -8084760.144895511679351, 5835029.962109055370092 ], [ -8084845.341264034621418, 5835133.122826745733619 ], [ -8084874.819333113729954, 5835182.751331953331828 ], [ -8084927.412671814672649, 5835242.720348534174263 ], [ -8084929.843444219790399, 5835256.564694292843342 ], [ -8084930.885728613473475, 5835262.515913672745228 ], [ -8084907.67338839173317, 5835258.804765881970525 ], [ -8084864.094256778247654, 5835255.141349358484149 ], [ -8084838.492221048101783, 5835257.599429284222424 ], [ -8084818.924035674892366, 5835263.032555879093707 ], [ -8084601.887096146121621, 5835352.503542429767549 ], [ -8084589.27047901507467, 5835362.749261008575559 ], [ -8084583.842318003997207, 5835377.281047939322889 ], [ -8084584.216017538681626, 5835390.361595560796559 ], [ -8084592.563086915761232, 5835414.148637015372515 ], [ -8084788.238150121644139, 5835332.704227712005377 ], [ -8084802.914957068860531, 5835328.067150973714888 ], [ -8084815.033976070582867, 5835324.428215709514916 ], [ -8084826.875920863822103, 5835321.570055386051536 ], [ -8084839.967760897241533, 5835319.730029506608844 ], [ -8084854.926985391415656, 5835318.766559791751206 ], [ -8084869.938752678222954, 5835319.32674284465611 ], [ -8084883.144472557120025, 5835320.862973271869123 ], [ -8084895.769772604107857, 5835323.192232583649457 ], [ -8084907.655911234207451, 5835326.329033925198019 ], [ -8084919.705912148579955, 5835329.585967887192965 ], [ -8084933.042543743737042, 5835334.967377464286983 ], [ -8084946.420697511173785, 5835341.564135775901377 ], [ -8084958.621313697658479, 5835349.290782689116895 ], [ -8084969.277705914340913, 5835356.753146224655211 ], [ -8084980.174770869314671, 5835366.510601625777781 ], [ -8084996.128078414127231, 5835381.616610621102154 ], [ -8085010.187618780881166, 5835395.614524737000465 ], [ -8085018.511867661960423, 5835403.901084930635989 ], [ -8085057.395765800029039, 5835442.617705352604389 ], [ -8085065.886214684695005, 5835451.072173656895757 ], [ -8085083.439071989618242, 5835468.551002287305892 ], [ -8085102.439305314794183, 5835487.238458469510078 ], [ -8085125.516837634146214, 5835515.180301831103861 ], [ -8085131.459072052501142, 5835523.103346883319318 ], [ -8085143.979620459489524, 5835540.634242181666195 ], [ -8085155.159436922520399, 5835558.677316749468446 ], [ -8085162.155087678693235, 5835571.168263548985124 ], [ -8085171.814836491830647, 5835589.723224304616451 ], [ -8085181.833368025720119, 5835609.794509222730994 ], [ -8085275.409199905581772, 5835853.589551868848503 ], [ -8085341.926937115378678, 5836029.265295281074941 ], [ -8085304.886155789718032, 5836046.503858933225274 ], [ -8085293.521103697828948, 5836052.699119605123997 ], [ -8085287.839913482777774, 5836055.799251163378358 ], [ -8085279.410022401250899, 5836063.346876250579953 ], [ -8085272.429399775341153, 5836070.845644843764603 ], [ -8085255.527650169096887, 5836084.493420050479472 ], [ -8085251.337695851922035, 5836088.99204617459327 ], [ -8085247.151526404544711, 5836093.492125977762043 ], [ -8085097.345882015302777, 5836268.767062528058887 ], [ -8085077.469898253679276, 5836292.649525943212211 ], [ -8085076.903949962928891, 5836293.32701270096004 ], [ -8085063.832815355621278, 5836309.024367982521653 ], [ -8085001.262244650162756, 5836384.183280192315578 ], [ -8084985.450646813027561, 5836403.171349503099918 ], [ -8084984.836608503945172, 5836403.906901959329844 ], [ -8084965.667169553227723, 5836426.932901698164642 ], [ -8084926.625976979732513, 5836470.493763459846377 ], [ -8084902.954777817241848, 5836490.251284101977944 ], [ -8084870.602550805546343, 5836511.46545734629035 ], [ -8084846.523143071681261, 5836526.809208480641246 ], [ -8084818.103722346946597, 5836542.301679611206055 ], [ -8084792.475192580372095, 5836554.793858973309398 ], [ -8084765.35130809340626, 5836565.88604530878365 ], [ -8084736.247495143674314, 5836573.558287443593144 ], [ -8084721.751137088052928, 5836578.034423647448421 ], [ -8084706.524634501896799, 5836580.96346777677536 ], [ -8084677.809660534374416, 5836587.756460601463914 ], [ -8084647.547011683695018, 5836591.694273259490728 ], [ -8084618.68498467002064, 5836594.129179962910712 ], [ -8084595.556245380081236, 5836594.923129355534911 ], [ -8084595.899554691277444, 5836605.075946934521198 ], [ -8084596.194440023973584, 5836613.774892401881516 ], [ -8084597.937257974408567, 5836622.429012283682823 ], [ -8084599.6277557592839, 5836629.628125322982669 ], [ -8084602.666666540317237, 5836633.882215412333608 ], [ -8084604.35972467251122, 5836641.086337302811444 ], [ -8084611.785847903229296, 5836646.63675679359585 ], [ -8084617.715614537708461, 5836650.790864879265428 ], [ -8084623.595510040409863, 5836653.495116436854005 ], [ -8084636.805905333720148, 5836658.850723939947784 ], [ -8084644.131284427829087, 5836661.504982803016901 ], [ -8084677.72427848353982, 5836670.519115074537694 ], [ -8084689.439541692845523, 5836674.474704945459962 ], [ -8084701.101148913614452, 5836676.978982766158879 ], [ -8084725.877527978271246, 5836681.939803103916347 ], [ -8084743.423038199543953, 5836687.149312576279044 ], [ -8084752.19378955848515, 5836689.753423362970352 ], [ -8084762.509655454196036, 5836695.207753398455679 ], [ -8084771.380149077624083, 5836700.711920915171504 ], [ -8084787.679660238325596, 5836711.771551921963692 ], [ -8084799.539416143670678, 5836720.079670171253383 ], [ -8084844.091591434553266, 5836753.400600932538509 ], [ -8084857.546444322913885, 5836766.009037358686328 ], [ -8084872.446780808269978, 5836778.567334716208279 ], [ -8084900.802081502974033, 5836803.733979070559144 ], [ -8084921.632629894651473, 5836820.446356940083206 ], [ -8084936.483317887410522, 5836831.554521518759429 ], [ -8084942.314900731667876, 5836832.804424765519798 ], [ -8084954.224861733615398, 5836842.562707720324397 ], [ -8084965.99044135119766, 5836847.967942485585809 ], [ -8084982.186981986276805, 5836856.125877750106156 ], [ -8084992.407447075471282, 5836858.681009843945503 ], [ -8085001.179756906814873, 5836861.280978066846728 ], [ -8085014.339724471792579, 5836865.189882792532444 ], [ -8085027.397278097458184, 5836866.193518598563969 ], [ -8085040.408856782130897, 5836865.748390063643456 ], [ -8085049.134078468196094, 5836866.903305131942034 ], [ -8085062.095786022953689, 5836865.008121998980641 ], [ -8085077.948349429294467, 5836863.012624103575945 ], [ -8085099.486667145043612, 5836857.91800213418901 ], [ -8085122.470468451268971, 5836852.773225579410791 ], [ -8085143.957801840268075, 5836846.232428731396794 ], [ -8085158.216381460428238, 5836839.932747311890125 ], [ -8085168.187268250621855, 5836835.237301453948021 ], [ -8085178.159490872174501, 5836830.537826157175004 ], [ -8085198.002746700309217, 5836818.24265977088362 ], [ -8085212.263886665925384, 5836811.947997957468033 ], [ -8085219.395013246685266, 5836808.798733407631516 ], [ -8085235.097740621306002, 5836802.452792152762413 ], [ -8085252.349478705786169, 5836798.958075162954628 ], [ -8085263.815720213577151, 5836795.662375580519438 ], [ -8085278.22257739584893, 5836793.716728023253381 ], [ -8085294.074918159283698, 5836791.720762431621552 ], [ -8085310.027112512849271, 5836792.62488188687712 ], [ -8085321.59320760704577, 5836792.229269140399992 ], [ -8085336.144780119881034, 5836794.636330280452967 ], [ -8085350.651602203026414, 5836795.590445963665843 ], [ -8085365.258277869783342, 5836799.444809852167964 ], [ -8085374.029474509879947, 5836802.048147427849472 ], [ -8085387.190777906216681, 5836805.9525101268664 ], [ -8085393.071118684485555, 5836808.656164173036814 ], [ -8085400.496796640567482, 5836814.209753456525505 ], [ -8085425.714780127629638, 5836832.22027641069144 ], [ -8085452.430901315994561, 5836851.635891679674387 ], [ -8085488.015735022723675, 5836876.54985973238945 ], [ -8085522.204177034087479, 5836902.967825997620821 ], [ -8085541.542265015654266, 5836918.274680530652404 ], [ -8085560.929110938683152, 5836935.035498200915754 ], [ -8085599.554413895122707, 5836964.203145086765289 ], [ -8085617.301301071420312, 5836975.211013107560575 ], [ -8085661.857706498354673, 5837008.531940642744303 ], [ -8085956.170298835262656, 5837235.119104582816362 ], [ -8086009.802359703928232, 5837279.742803208529949 ], [ -8086064.830589628778398, 5837322.865953807719052 ], [ -8086102.014527819119394, 5837352.082463858649135 ], [ -8086125.839570516720414, 5837371.596319478005171 ], [ -8086151.061338862404227, 5837389.605723355896771 ], [ -8086177.827776467427611, 5837410.469162149354815 ], [ -8086200.008296331390738, 5837424.228526652790606 ], [ -8086234.153101100586355, 5837449.190887059085071 ], [ -8086272.783970030024648, 5837478.35684831533581 ], [ -8086312.959842178039253, 5837510.376613968983293 ], [ -8086338.282911258749664, 5837531.286145183257759 ], [ -8086371.128506255336106, 5837560.651895265094936 ], [ -8086427.806045756675303, 5837609.528415884822607 ], [ -8086483.135283584706485, 5837661.354288449510932 ], [ -8086547.337241425178945, 5837718.686881928704679 ], [ -8086610.091934569180012, 5837776.064527099020779 ], [ -8086634.021394952200353, 5837798.474252938292921 ], [ -8086656.453942134976387, 5837819.488180895335972 ], [ -8086701.463529208675027, 5837865.860391481779516 ], [ -8087473.879530877806246, 5838651.046506415121257 ], [ -8087532.363006482832134, 5838710.025599411688745 ], [ -8087643.444830161519349, 5838825.283760969527066 ], [ -8088024.635494568385184, 5839217.327719250693917 ], [ -8088443.160935074090958, 5839641.491485273465514 ], [ -8088524.047458196990192, 5839720.027238990180194 ], [ -8088698.145019225776196, 5839898.466276627033949 ], [ -8088818.187727955169976, 5840020.680340975522995 ], [ -8088951.750968081876636, 5840156.946591842919588 ], [ -8088974.244629670865834, 5840179.409645205363631 ], [ -8089037.285302585922182, 5840244.040552238933742 ], [ -8089206.913942652754486, 5840418.279297295957804 ], [ -8089365.927601360715926, 5840578.356391292996705 ], [ -8089373.409940932877362, 5840585.363507242873311 ], [ -8089377.947657340206206, 5840591.012573979794979 ], [ -8089387.028544797562063, 5840602.321205887943506 ], [ -8089394.558974393643439, 5840610.773848564364016 ], [ -8089402.291448864154518, 5840625.03386946208775 ], [ -8089409.97427484113723, 5840637.839042944833636 ], [ -8089413.064726545475423, 5840643.543001517653465 ], [ -8089416.108312738128006, 5840647.797416106797755 ], [ -8089417.70686062797904, 5840652.098946297541261 ], [ -8089497.277030773460865, 5840817.843860689550638 ], [ -8089597.592701219953597, 5841052.359388354234397 ], [ -8089603.616310185752809, 5841067.009797131642699 ], [ -8089661.38166374899447, 5841208.737898573279381 ], [ -8089669.365720270201564, 5841230.25210331287235 ], [ -8089675.501761924475431, 5841240.207273471169174 ], [ -8089681.58693056832999, 5841248.711356099694967 ], [ -8089690.716130686923862, 5841261.470319219864905 ], [ -8089707.329896769486368, 5841281.232613492757082 ], [ -8089723.84325267188251, 5841298.089188151061535 ], [ -8089755.468340772204101, 5841333.310990904457867 ], [ -8089787.149867849424481, 5841369.981148461811244 ], [ -8089746.657069116830826, 5841413.522721358574927 ], [ -8089570.272894424386322, 5841589.634966542944312 ], [ -8089472.225692559033632, 5841686.022154067642987 ], [ -8089461.104207512922585, 5841699.486762628890574 ], [ -8089409.339753740467131, 5841752.133368276059628 ], [ -8089350.5416892580688, 5841810.837916565127671 ], [ -8089300.169953635893762, 5841861.986545072868466 ], [ -8089251.193162544630468, 5841911.633108021691442 ], [ -8089140.623965123668313, 5842022.98420000448823 ], [ -8089115.335850359871984, 5842045.654373447410762 ], [ -8089083.115759579464793, 5842077.284400139003992 ], [ -8088997.830558099783957, 5842165.965430736541748 ], [ -8088902.764826156198978, 5842265.158174180425704 ], [ -8088737.668002554215491, 5842433.615256238728762 ], [ -8088676.16442917380482, 5842498.224938218481839 ], [ -8088638.307230698876083, 5842534.407890441827476 ], [ -8088613.167616135440767, 5842561.431548343971372 ], [ -8088579.547014844603837, 5842594.563646293245256 ], [ -8088561.293178701773286, 5842611.177108095958829 ], [ -8088544.480707328766584, 5842627.742508817464113 ], [ -8088533.20916360616684, 5842636.851023308932781 ], [ -8088514.84868339356035, 5842650.564810175448656 ], [ -8088485.120368098840117, 5842670.481922324746847 ], [ -8088478.08597815874964, 5842676.539661505259573 ], [ -8088467.486358880996704, 5842684.173490413464606 ], [ -8088456.887964125722647, 5842691.803291296586394 ], [ -8088400.469242440536618, 5842735.89607510343194 ], [ -8088373.729521515779197, 5842758.616660485975444 ], [ -8088345.5975277191028, 5842782.840299475006759 ], [ -8088325.892196737229824, 5842799.503178032115102 ], [ -8088255.539391752332449, 5842860.829194757156074 ], [ -8088227.275706992484629, 5842900.677487402223051 ], [ -8088196.773387282155454, 5842941.167161497287452 ], [ -8088160.851032879203558, 5842998.005725805647671 ], [ -8088113.517874076962471, 5843054.931647011078894 ], [ -8088049.923831968568265, 5843114.193774581886828 ], [ -8087992.503346191719174, 5843171.397237183526158 ], [ -8087946.410843112505972, 5843220.941108768805861 ], [ -8087976.388180105946958, 5843250.421695792116225 ], [ -8087989.958026033826172, 5843265.936967412009835 ], [ -8087993.053598430939019, 5843271.641013827174902 ], [ -8087994.647916181944311, 5843275.943179737776518 ], [ -8087996.295555961318314, 5843281.701945851556957 ], [ -8087995.097535602748394, 5843289.008181005716324 ], [ -8087993.950165613554418, 5843297.765696903690696 ], [ -8087991.305437153205276, 5843305.122785237617791 ], [ -8087985.767181166447699, 5843312.581075307913125 ], [ -8087977.437811584211886, 5843323.039574114605784 ], [ -8087894.218143255449831, 5843430.541556881740689 ], [ -8087853.95967204682529, 5843481.339185308665037 ], [ -8087819.431928225792944, 5843530.485656762495637 ], [ -8087972.894640524871647, 5843528.087245911359787 ], [ -8087980.07675142865628, 5843526.386408240534365 ], [ -8087987.309290070086718, 5843526.136883221566677 ], [ -8087994.643018124625087, 5843528.790144850499928 ], [ -8088002.027285228483379, 5843532.894882113672793 ], [ -8088007.96473290771246, 5843537.05013966653496 ], [ -8088011.10694817174226, 5843544.204708527773619 ], [ -8088014.251946424134076, 5843551.364286627620459 ], [ -8088035.204834941774607, 5843613.124544466845691 ], [ -8088077.780087392777205, 5843765.426561426371336 ], [ -8088076.88942014425993, 5843785.002401527948678 ], [ -8088073.872661941684783, 5843794.233812336809933 ], [ -8088066.37562819942832, 5843797.762133257463574 ], [ -8088056.734024461358786, 5843794.550973792560399 ], [ -8088033.139190470799804, 5843765.065498925745487 ], [ -8088022.839354583993554, 5843758.317167593166232 ], [ -8088009.857386888936162, 5843760.771648567169905 ], [ -8087990.101850816048682, 5843775.985669005662203 ], [ -8087981.368280166760087, 5843787.040787360630929 ], [ -8087938.691615661606193, 5843827.840077328495681 ], [ -8087884.216309644281864, 5843881.586641174741089 ], [ -8087858.515533524565399, 5843846.438418283127248 ], [ -8087812.993542838841677, 5843796.419886214658618 ], [ -8087785.149198607541621, 5843762.174739761278033 ], [ -8087760.38628919608891, 5843730.272507294081151 ], [ -8087730.76294818520546, 5843699.894201500341296 ], [ -8087692.037346364930272, 5843657.56217732001096 ], [ -8087681.391529501415789, 5843648.646290509961545 ], [ -8087598.535764588974416, 5843565.524480173364282 ], [ -8087588.87223091442138, 5843557.005894303321838 ], [ -8087584.937309555709362, 5843552.100597413256764 ], [ -8087581.845967291854322, 5843546.397337787784636 ], [ -8087580.148122422397137, 5843539.187083913013339 ], [ -8087579.899768630973995, 5843531.931159617379308 ], [ -8087581.199201049283147, 5843527.527509206905961 ], [ -8087585.291194214485586, 5843520.119878225028515 ], [ -8087627.812456708401442, 5843476.073686885647476 ], [ -8087651.512376297265291, 5843449.100807437673211 ], [ -8087628.960828579962254, 5843425.175860332325101 ], [ -8087609.407782656140625, 5843404.053656937554479 ], [ -8087549.495410075411201, 5843346.544772705063224 ], [ -8087531.536904537118971, 5843329.724950024858117 ], [ -8087284.116645827889442, 5843083.970754676498473 ], [ -8087266.158251616172493, 5843067.154822587035596 ], [ -8087037.822829048149288, 5843683.211219693534076 ], [ -8086994.174456707201898, 5843654.650148266926408 ], [ -8086987.316285517066717, 5843650.162829923443496 ], [ -8086955.456424615345895, 5843630.16264000441879 ], [ -8086921.613518299534917, 5843608.918732216581702 ], [ -8086912.49166526645422, 5843601.926642397418618 ], [ -8086828.078429355286062, 5843537.241076578386128 ], [ -8086348.901232207193971, 5843476.424892178736627 ], [ -8085809.430615863762796, 5843669.02017037756741 ], [ -8085230.430225689895451, 5844016.924959577620029 ], [ -8084973.091066391207278, 5844131.611117941327393 ], [ -8084548.663911764509976, 5844249.686034667305648 ], [ -8084127.723172262310982, 5843559.101847536861897 ], [ -8083963.098677264526486, 5843296.338954447768629 ], [ -8083603.154116911813617, 5842971.24201940279454 ], [ -8083050.389170372858644, 5842351.67894140817225 ], [ -8082942.407817154191434, 5841958.169995199888945 ], [ -8082702.021391785703599, 5841274.405666368082166 ], [ -8082633.701503338292241, 5841080.862165386788547 ], [ -8082558.565522473305464, 5840868.007965229451656 ], [ -8082452.902175010181963, 5840739.114222126081586 ], [ -8082260.107392301782966, 5840708.531957687810063 ], [ -8081912.919822960160673, 5840715.109504991210997 ], [ -8081513.213610289618373, 5840731.074671634472907 ], [ -8081135.7584940334782, 5840688.325303559191525 ], [ -8080790.394560585729778, 5840599.899228696711361 ], [ -8080586.189084800891578, 5840511.699440469034016 ], [ -8080335.853034667670727, 5840403.570270161144435 ], [ -8080081.076227407902479, 5840283.869266736321151 ], [ -8079991.545411866158247, 5840241.806796253658831 ], [ -8079736.80867962166667, 5840098.183848087675869 ], [ -8079538.663436913862824, 5839938.487030781805515 ], [ -8079278.88292986433953, 5839747.49867210816592 ], [ -8079065.259936474263668, 5839656.553358674049377 ], [ -8078799.161269090138376, 5839605.874252415262163 ], [ -8078719.506384808570147, 5839763.544364742003381 ], [ -8078723.557635040022433, 5839788.277968707494438 ], [ -8078726.275166451931, 5839802.828185895457864 ], [ -8078737.49461264628917, 5839833.435701611451805 ], [ -8078735.859218008816242, 5839849.374102903530002 ], [ -8078725.430808114819229, 5839875.397647985257208 ], [ -8078719.486347303725779, 5839889.836850038729608 ], [ -8078720.599208254367113, 5839917.425941244699061 ], [ -8078719.062776641920209, 5839924.670983925461769 ], [ -8078717.472243756987154, 5839937.705525565892458 ], [ -8078709.934355756267905, 5839963.76014652941376 ], [ -8078706.807279941625893, 5839984.039837484247983 ], [ -8078695.028453297913074, 5840001.319211930967867 ], [ -8078692.024719480425119, 5840009.998923191800714 ], [ -8078690.48539356328547, 5840017.22597233671695 ], [ -8078690.385317336767912, 5840025.936514502391219 ], [ -8078684.499633222818375, 5840034.570914461277425 ], [ -8078678.610275561921299, 5840043.217100467532873 ], [ -8078672.651677179150283, 5840057.673840563744307 ], [ -8078671.084855343215168, 5840069.258965102955699 ], [ -8078669.51235621701926, 5840079.406912341713905 ], [ -8078672.285658692009747, 5840089.604240529239178 ], [ -8078676.514686150476336, 5840098.363416858017445 ], [ -8078686.490470996126533, 5840112.979971931315958 ], [ -8078693.56916609313339, 5840124.675524455495179 ], [ -8078700.685375861823559, 5840136.374157923273742 ], [ -8078707.783997152000666, 5840146.618824211880565 ], [ -8078713.473313685506582, 5840155.393868412822485 ], [ -8078716.222459834069014, 5840168.497804404236376 ], [ -8078719.008118773810565, 5840177.242054629139602 ], [ -8078723.2500592879951, 5840186.000995394773781 ], [ -8078731.841140988282859, 5840193.357583058066666 ], [ -8078741.89429287891835, 5840199.28228897601366 ], [ -8078747.628582493402064, 5840205.152950122021139 ], [ -8078753.325023474171758, 5840212.477447168901563 ], [ -8078757.558058434166014, 5840221.237875016406178 ], [ -8078766.09281247574836, 5840234.404992911964655 ], [ -8078770.290002551861107, 5840246.068115855567157 ], [ -8078775.91508774086833, 5840260.638288510031998 ], [ -8078780.156249019317329, 5840269.414091614075005 ], [ -8078784.384163280948997, 5840278.177318871021271 ], [ -8078784.228983912616968, 5840292.681717419065535 ], [ -8078778.219401200301945, 5840311.477016569115222 ], [ -8078775.199637377634645, 5840321.609108589589596 ], [ -8078770.736393709667027, 5840331.726530148647726 ], [ -8078769.202856402844191, 5840340.404308094643056 ], [ -8078769.077844614163041, 5840350.568540484644473 ], [ -8078768.965745891444385, 5840360.732784605585039 ], [ -8078770.215975095517933, 5840376.70586032141 ], [ -8078774.444779908284545, 5840386.922248354181647 ], [ -8078777.25170086696744, 5840394.212046401575208 ], [ -8078781.45679463353008, 5840405.877962363883853 ], [ -8078785.674912781454623, 5840416.07373224478215 ], [ -8078791.342410690151155, 5840426.320659862831235 ], [ -8078796.987088111229241, 5840438.000171221792698 ], [ -8078802.639557898044586, 5840449.682118211872876 ], [ -8078811.123772886581719, 5840467.187642548233271 ], [ -8078818.227626195177436, 5840478.887053462676704 ], [ -8078829.544810905121267, 5840500.797836931422353 ], [ -8078836.692858047783375, 5840508.139843667857349 ], [ -8078843.874078399501741, 5840512.573770084418356 ], [ -8078855.405330494046211, 5840517.058361165225506 ], [ -8078864.023796786554158, 5840521.513751008547843 ], [ -8078869.733484791591763, 5840528.838188352994621 ], [ -8078872.596288134343922, 5840531.774515612050891 ], [ -8078875.398199717514217, 5840539.067015033215284 ], [ -8078876.744608958251774, 5840547.798241309821606 ], [ -8078878.060182702727616, 5840559.429509866982698 ], [ -8078879.406480623409152, 5840568.160594964399934 ], [ -8078879.306627040728927, 5840576.8718431154266 ], [ -8078882.032618732191622, 5840589.956076247617602 ], [ -8078881.932765146717429, 5840598.667345946654677 ], [ -8078880.264308623969555, 5840617.515412913635373 ], [ -8078881.59980854857713, 5840627.696099704131484 ], [ -8078879.928457714617252, 5840648.009104262106121 ], [ -8078879.784632935188711, 5840659.607912833802402 ], [ -8078879.594610560685396, 5840675.585080022923648 ], [ -8078880.886139295995235, 5840688.653163556940854 ], [ -8078880.742203192785382, 5840701.722073210403323 ], [ -8078881.956810155883431, 5840720.598919400013983 ], [ -8078883.260361395776272, 5840733.683850015513599 ], [ -8078887.464787239208817, 5840745.367157127708197 ], [ -8078883.33216246869415, 5840760.248430986888707 ], [ -8078834.313849210739136, 5840950.714982202276587 ], [ -8078890.924151739105582, 5840974.142049707472324 ], [ -8079000.01847723312676, 5841019.282141402363777 ], [ -8079019.72859494946897, 5841036.792508605867624 ], [ -8079033.428016765974462, 5841055.523400845937431 ], [ -8079106.862813174724579, 5841174.25819202978164 ], [ -8079125.963567999191582, 5841204.850786361843348 ], [ -8079083.01906880363822, 5841243.497051761485636 ], [ -8079036.796989833936095, 5841285.314197421073914 ], [ -8079047.46629510819912, 5841302.552556860260665 ], [ -8079075.25765126477927, 5841332.607460305094719 ], [ -8079092.01824776083231, 5841350.305305739864707 ], [ -8079111.454853486269712, 5841381.485543071292341 ], [ -8079117.236676518805325, 5841403.706287642940879 ], [ -8079120.929255354218185, 5841417.89901318680495 ], [ -8079139.160938911139965, 5841500.650726252235472 ], [ -8079148.672966766171157, 5841548.22333687916398 ], [ -8079132.10127944778651, 5841550.934739438816905 ], [ -8079068.649058372713625, 5841558.874346703290939 ], [ -8079035.475850116461515, 5841562.894902137108147 ], [ -8079003.79499095492065, 5841568.312230732291937 ], [ -8078979.34900813549757, 5841573.490420266985893 ], [ -8078959.246155253611505, 5841578.523384585045278 ], [ -8078941.983507860451937, 5841582.006281496956944 ], [ -8078904.661533500999212, 5841591.975565131753683 ], [ -8078845.226610210724175, 5841607.829365075565875 ], [ -8078791.258809758350253, 5841621.926084221340716 ], [ -8078766.958321513608098, 5841631.456821068190038 ], [ -8078745.453399644233286, 5841637.987777226604521 ], [ -8078729.637015069834888, 5841641.42148104775697 ], [ -8078709.627113960683346, 5841649.354553855955601 ], [ -8078692.411666030995548, 5841654.291871410794556 ], [ -8078656.5891652116552, 5841665.659798624925315 ], [ -8078646.320832744240761, 5841669.481276662088931 ], [ -8078643.144553709775209, 5841681.982339815236628 ], [ -8078627.61893564928323, 5841743.099997613579035 ], [ -8078574.283095946535468, 5841953.029824631288648 ], [ -8078592.952487743459642, 5841972.881617912091315 ], [ -8078618.411811884492636, 5841998.180257246829569 ], [ -8078696.435754302889109, 5842079.833300625905395 ], [ -8078717.411463313736022, 5842100.920861145481467 ], [ -8078780.393582176417112, 5842165.644777663983405 ], [ -8078871.86068893969059, 5842085.578859079629183 ], [ -8078960.301352710463107, 5842175.598261436447501 ], [ -8079053.33127379976213, 5842272.72822527308017 ], [ -8079141.825259603559971, 5842364.198885707184672 ], [ -8079225.836632156744599, 5842451.458619623444974 ], [ -8079377.225017063319683, 5842604.748231746256351 ], [ -8079287.345994153991342, 5842689.130270012654364 ], [ -8079420.84522557258606, 5842827.042475579306483 ], [ -8079519.961762464605272, 5842932.685169263742864 ], [ -8079612.711269761435688, 5843021.112712072208524 ], [ -8079684.918212187476456, 5843101.509757784195244 ], [ -8079676.625689360313118, 5843113.409566730260849 ], [ -8079666.982861108146608, 5843128.264983357861638 ], [ -8079650.688136683776975, 5843160.780913975089788 ], [ -8079639.839829668402672, 5843182.937231662683189 ], [ -8079620.797740207985044, 5843219.905438320711255 ], [ -8079606.091990197077394, 5843256.725639093667269 ], [ -8079574.131941750645638, 5843340.625696972943842 ], [ -8079556.679605945013463, 5843381.894684907048941 ], [ -8079554.176475876942277, 5843393.60410023201257 ], [ -8079551.620580366812646, 5843403.860947528854012 ], [ -8079543.664019766263664, 5843425.923781268298626 ], [ -8079532.001299351453781, 5843467.002556232735515 ], [ -8079515.176471509970725, 5843527.147895403206348 ], [ -8079499.896980842575431, 5843590.143835235387087 ], [ -8079489.871881465427577, 5843636.979307798668742 ], [ -8079478.448609274812043, 5843685.315434521995485 ], [ -8079458.446500528603792, 5843780.439317798241973 ], [ -8079452.276395117864013, 5843812.619026875123382 ], [ -8079445.193247238174081, 5843860.809398910030723 ], [ -8079434.646838677115738, 5843934.548122173175216 ], [ -8079435.658844167366624, 5843965.757845150306821 ], [ -8079438.387618848122656, 5843982.378574108704925 ], [ -8079441.857558695599437, 5844000.032029710710049 ], [ -8079444.106991642154753, 5844037.087276054546237 ], [ -8079446.897548639215529, 5844035.176668856292963 ], [ -8079451.302126930095255, 5844032.530033894814551 ], [ -8079455.922887676395476, 5844031.705714676529169 ], [ -8079460.864916468039155, 5844031.81628030538559 ], [ -8079464.928189202211797, 5844032.408008172176778 ], [ -8079471.174548467621207, 5844035.538388074375689 ], [ -8079476.496288045309484, 5844040.519816820509732 ], [ -8079500.734993972815573, 5844043.64293616078794 ], [ -8079514.344803595915437, 5844049.084387926384807 ], [ -8079525.726998892612755, 5844056.376732720062137 ], [ -8079543.516855397261679, 5844072.577642754651606 ], [ -8079560.01763219665736, 5844089.461834170855582 ], [ -8079628.65856605488807, 5844149.64322195854038 ], [ -8079648.243894623592496, 5844172.238647239282727 ], [ -8079655.767756370827556, 5844180.701979438774288 ], [ -8079661.847359037958086, 5844189.219554402865469 ], [ -8079668.021917236037552, 5844200.635303291492164 ], [ -8079669.664213679730892, 5844206.392737031914294 ], [ -8079668.41264864988625, 5844212.24815221503377 ], [ -8079661.808731176890433, 5844231.362697605974972 ], [ -8079657.805682288482785, 5844241.669751604087651 ], [ -8079656.550109749659896, 5844247.523898924700916 ], [ -8079662.678581673651934, 5844257.493132741190493 ], [ -8079671.69835473690182, 5844267.359395711682737 ], [ -8079680.623283592052758, 5844274.327317424118519 ], [ -8079688.247555517591536, 5844285.69927192106843 ], [ -8079706.289995947852731, 5844305.436714541167021 ], [ -8079716.804567125625908, 5844316.709439049474895 ], [ -8079725.730720496736467, 5844323.67352584656328 ], [ -8079731.663938037119806, 5844327.836420153267682 ], [ -8079737.643464488908648, 5844333.445596474222839 ], [ -8079746.373027633875608, 5844334.607140302658081 ], [ -8079756.359276517294347, 5844329.910442941822112 ], [ -8079764.94234320987016, 5844326.71700653526932 ], [ -8079777.724826381541789, 5844319.018963609822094 ], [ -8079789.201754560694098, 5844315.727552322670817 ], [ -8079800.971898282878101, 5844321.145928432233632 ], [ -8079806.955320913344622, 5844326.756391818635166 ], [ -8079811.48658078443259, 5844332.418511631898582 ], [ -8079952.259316412732005, 5844470.102054019458592 ], [ -8079961.278532874770463, 5844479.971944931894541 ], [ -8080013.525445327162743, 5844526.173092496581376 ], [ -8080018.204982756637037, 5844536.186386234126985 ], [ -8080021.342299969866872, 5844543.350483342073858 ], [ -8080021.63184196408838, 5844552.059367918409407 ], [ -8080020.429368823766708, 5844559.366656886413693 ], [ -8080016.328915379941463, 5844566.771126442588866 ], [ -8080012.233471311628819, 5844574.172696675173938 ], [ -8079943.659551789984107, 5844646.239421688951552 ], [ -8080018.821915374137461, 5844728.002569214440882 ], [ -8080093.329720358364284, 5844660.09693515766412 ], [ -8080104.665384105406702, 5844652.447027162648737 ], [ -8080110.35581383574754, 5844649.34742082003504 ], [ -8080117.544826552271843, 5844647.655406197533011 ], [ -8080124.873990505002439, 5844650.312072690576315 ], [ -8080132.157068192027509, 5844651.522407469339669 ], [ -8080138.092066843062639, 5844655.681098360568285 ], [ -8080142.627668175846338, 5844661.344398157671094 ], [ -8080305.123400550335646, 5844841.894738597795367 ], [ -8080410.255420090630651, 5844953.170687376521528 ], [ -8080416.288825169205666, 5844960.232779152691364 ], [ -8080420.871180693618953, 5844967.34282036498189 ], [ -8080421.067214311100543, 5844973.149829097092152 ], [ -8080419.812198375351727, 5844979.004785494878888 ], [ -8080418.609947869554162, 5844986.312751549296081 ], [ -8080408.868156593292952, 5844998.269669629633427 ], [ -8080341.448620188981295, 5845061.58074786234647 ], [ -8080261.440296529792249, 5845138.39863052777946 ], [ -8080217.745281321927905, 5845179.836504884064198 ], [ -8080136.155552979558706, 5845259.724405562505126 ], [ -8080010.283933069556952, 5845117.129291656427085 ], [ -8079911.691710976883769, 5845204.254386499524117 ], [ -8079824.487584115937352, 5845285.35858070384711 ], [ -8079819.951760145835578, 5845279.694395331665874 ], [ -8079791.439276330173016, 5845250.132272410206497 ], [ -8079767.365211933851242, 5845223.330727061256766 ], [ -8079723.846638114191592, 5845178.280958695337176 ], [ -8079429.412818857468665, 5844864.078046356327832 ], [ -8079393.181664193980396, 5844820.239504987373948 ], [ -8079384.1587741849944, 5844810.367134244181216 ], [ -8079376.683336416259408, 5844803.354396895505488 ], [ -8079366.262384926900268, 5844794.982639263384044 ], [ -8079354.443037992343307, 5844788.111482596956193 ], [ -8079333.798727106302977, 5844777.179887920618057 ], [ -8079313.150742676109076, 5844766.247176852077246 ], [ -8079289.662441435270011, 5844756.861233996227384 ], [ -8079279.339005817659199, 5844751.392871584743261 ], [ -8079272.006168322637677, 5844748.733914685435593 ], [ -8079263.22740195505321, 5844746.119995533488691 ], [ -8079259.223462514579296, 5844756.427651938982308 ], [ -8079241.333752423524857, 5844784.64491297211498 ], [ -8079226.384101414121687, 5844814.210961903445423 ], [ -8079211.434450396336615, 5844843.777271497994661 ], [ -8079199.426305604167283, 5844874.701426915824413 ], [ -8079188.816444934345782, 5844904.125077879987657 ], [ -8079179.75225539598614, 5844936.399452791549265 ], [ -8079172.133883406408131, 5844968.62906931899488 ], [ -8079167.409818176180124, 5845000.761140191927552 ], [ -8079162.685641628690064, 5845032.893166866153479 ], [ -8079160.855660514906049, 5845064.927646463736892 ], [ -8079160.521590725518763, 5845098.36506237834692 ], [ -8079161.584803180769086, 5845130.305989403277636 ], [ -8079163.71033753734082, 5845150.58111160248518 ], [ -8079165.596089714206755, 5845163.598366159014404 ], [ -8079169.602366865612566, 5845196.893613080494106 ], [ -8079177.951439997181296, 5845230.038370178081095 ], [ -8079184.754619357176125, 5845260.33235914632678 ], [ -8079194.45232811383903, 5845290.528785525821149 ], [ -8079234.066259465180337, 5845392.39117288030684 ], [ -8079237.253225172869861, 5845401.004359069280326 ], [ -8079239.086545866914093, 5845412.569068864919245 ], [ -8079239.427851423621178, 5845422.732052210718393 ], [ -8079238.366754038259387, 5845434.394620368257165 ], [ -8079234.362480636686087, 5845444.703082349151373 ], [ -8079228.914838711731136, 5845455.061762914061546 ], [ -8079223.414542675949633, 5845463.967370842583477 ], [ -8079216.468206443823874, 5845472.917867007665336 ], [ -8079206.581365874037147, 5845480.5195725383237 ], [ -8079200.842400847934186, 5845482.163154864683747 ], [ -8079210.056871691718698, 5845497.842987653799355 ], [ -8079216.231875165365636, 5845509.261078597977757 ], [ -8079221.188264178112149, 5845524.984870510175824 ], [ -8079217.433012475259602, 5845543.057765316218138 ], [ -8079187.605066234245896, 5845657.472722925245762 ], [ -8079158.803374382667243, 5845742.287937564775348 ], [ -8079151.713102054782212, 5845746.888200636021793 ], [ -8079146.01877614390105, 5845749.982542831450701 ], [ -8079138.782341327518225, 5845750.226964748464525 ], [ -8079132.944524588063359, 5845748.970629693008959 ], [ -8079124.3160395398736, 5845747.83602141123265 ], [ -8079125.4511643871665, 5845780.950886616483331 ], [ -8079123.825565862469375, 5845821.788958197459579 ], [ -8079123.482256551273167, 5845830.202052615582943 ], [ -8079121.257313892245293, 5845856.412625805474818 ], [ -8079114.238842634484172, 5845909.769736109301448 ], [ -8079104.308476140722632, 5845963.912277102470398 ], [ -8079075.687678458169103, 5846098.973587490618229 ], [ -8079071.402991258539259, 5846125.5880964146927 ], [ -8079067.309773580171168, 5846178.502207071520388 ], [ -8079068.006410952657461, 5846204.61178085859865 ], [ -8079070.415698694996536, 5846230.31732277944684 ], [ -8079074.886178121902049, 5846255.779472481459379 ], [ -8079081.065411737188697, 5846280.836131156422198 ], [ -8079083.320076707750559, 5846288.013595006428659 ], [ -8079088.779407176189125, 5846305.316479810513556 ], [ -8079093.274488210678101, 5846316.707525184378028 ], [ -8079098.196702132932842, 5846329.230523659847677 ], [ -8079109.333660589531064, 5846352.553071534261107 ], [ -8079122.324199890717864, 5846374.964926902204752 ], [ -8079136.831578572280705, 5846396.459140350110829 ], [ -8079152.882179346866906, 5846417.199095958843827 ], [ -8079188.52990856487304, 5846456.837123488076031 ], [ -8079207.615969222038984, 5846476.095069114118814 ], [ -8079549.24090361315757, 5846814.468814332038164 ], [ -8079576.83066017087549, 5846841.802696356549859 ], [ -8080084.42204602342099, 5847344.524005620740354 ], [ -8080423.658509420230985, 5847680.481687156483531 ], [ -8080441.46806947235018, 5847660.122746178880334 ], [ -8080477.98397939838469, 5847625.455653683282435 ], [ -8080500.608664027415216, 5847608.702581364661455 ], [ -8080531.919163242913783, 5847591.654364745132625 ], [ -8080589.47356637660414, 5847568.9263133155182 ], [ -8080608.834586170502007, 5847594.875628710724413 ], [ -8080644.118634611368179, 5847653.293436525389552 ], [ -8080740.120452154427767, 5847750.367404320277274 ], [ -8080723.334474816918373, 5847768.380921747535467 ], [ -8080613.003612423315644, 5847871.613229632377625 ], [ -8080818.512750764377415, 5848080.843658314086497 ], [ -8080911.870953034609556, 5848175.888912703841925 ], [ -8081006.432296372018754, 5848085.943159917369485 ], [ -8081086.556503615342081, 5848012.000272083096206 ], [ -8081201.746350466273725, 5847903.430350051261485 ], [ -8081210.189377247355878, 5847895.877741918899119 ], [ -8081166.746389366686344, 5847853.729976623319089 ], [ -8081154.776649797335267, 5847842.503266613930464 ], [ -8081145.702330189757049, 5847831.177745576016605 ], [ -8081136.628010575659573, 5847819.8522390993312 ], [ -8081128.901881317608058, 5847805.576851018704474 ], [ -8081124.071172012016177, 5847791.202822668477893 ], [ -8081116.251979660242796, 5847774.020064228214324 ], [ -8081123.341695388779044, 5847769.420356787741184 ], [ -8081180.888194838538766, 5847713.683429406024516 ], [ -8081204.762440751306713, 5847691.069388517178595 ], [ -8081237.034072448499501, 5847659.451812654733658 ], [ -8081207.158147512935102, 5847632.835573816671968 ], [ -8081181.721309906803071, 5847608.98387124016881 ], [ -8081171.244809988886118, 5847599.159076771698892 ], [ -8081160.772317575290799, 5847589.335746537894011 ], [ -8081151.796627031639218, 5847580.91531962249428 ], [ -8081148.704616852104664, 5847575.204767563380301 ], [ -8081148.462830918841064, 5847567.944548335857689 ], [ -8081148.217037480324507, 5847560.683204765431583 ], [ -8081150.870337549597025, 5847553.324498236179352 ], [ -8081153.567831448279321, 5847547.420679546892643 ], [ -8081247.578365939669311, 5847455.563699916005135 ], [ -8081386.489394399337471, 5847320.031886854209006 ], [ -8081393.534359693527222, 5847313.977411752566695 ], [ -8081400.721925255842507, 5847312.282301563769579 ], [ -8081407.959807229228318, 5847312.03557569719851 ], [ -8081412.350581905804574, 5847313.343481187708676 ], [ -8081419.781491873785853, 5847318.904342280700803 ], [ -8081482.818825202994049, 5847383.646755156107247 ], [ -8081488.756940799765289, 5847387.80592911504209 ], [ -8081493.439149900339544, 5847397.82602958753705 ], [ -8081490.935129271820188, 5847409.537556205876172 ], [ -8081482.544867933727801, 5847418.547352582216263 ], [ -8081464.311180621385574, 5847436.6060492368415 ], [ -8081343.629720651544631, 5847554.081650917418301 ], [ -8081441.135464513674378, 5847652.551615532487631 ], [ -8081654.319970428943634, 5847441.810296108946204 ], [ -8081795.974245101213455, 5847301.816480816341937 ], [ -8081805.863534701988101, 5847294.214333190582693 ], [ -8081814.206707900390029, 5847283.757253259420395 ], [ -8081822.501679756678641, 5847271.844219079241157 ], [ -8081827.851026565767825, 5847258.581644500605762 ], [ -8081831.848732123151422, 5847248.26782956533134 ], [ -8081835.558342830277979, 5847229.243131453171372 ], [ -8081836.566118184477091, 5847216.12513493001461 ], [ -8081849.879038725979626, 5847095.014924626797438 ], [ -8081913.302094090729952, 5847107.465724434703588 ], [ -8082013.791422944515944, 5847138.134316517971456 ], [ -8082097.815374592319131, 5847185.737063163891435 ], [ -8082250.770692651160061, 5847345.903285866603255 ], [ -8082220.296091491356492, 5847552.029475036077201 ], [ -8082343.613930962979794, 5847427.183673629537225 ], [ -8082357.69740501884371, 5847415.07522611413151 ], [ -8082417.981028105132282, 5847354.88023860566318 ], [ -8082516.070754015818238, 5847255.604321400634944 ], [ -8082582.755470461212099, 5847461.33004389051348 ], [ -8082108.709767881780863, 5847968.401843862608075 ], [ -8082403.014011248014867, 5848278.028690998442471 ], [ -8081968.386651679873466, 5848696.704079924151301 ], [ -8081768.350536096841097, 5848494.190462030470371 ], [ -8081749.49334831815213, 5848516.588228782638907 ], [ -8081744.258883223868906, 5848521.895499986596406 ], [ -8081653.127961321733892, 5848526.369475246407092 ], [ -8081511.324407205916941, 5848389.563012707047164 ], [ -8081362.492919684387743, 5848536.524748641066253 ], [ -8081260.039358416572213, 5848528.179801578633487 ], [ -8081278.006992150098085, 5848545.818633091636002 ], [ -8081328.137943714857101, 5848595.013563547283411 ], [ -8081410.989478490315378, 5848678.068684271536767 ], [ -8081442.13466826453805, 5848711.271443302743137 ], [ -8081354.267299871891737, 5848800.839867794886231 ], [ -8081341.0211710203439, 5848807.700752103701234 ], [ -8081317.816511846147478, 5848808.448484337888658 ], [ -8081152.210401576012373, 5848631.881922584027052 ], [ -8080985.324339805170894, 5848796.175994043238461 ], [ -8080891.19959151558578, 5848885.138854871504009 ], [ -8080887.004405186511576, 5848889.640469519421458 ], [ -8080767.840007239952683, 5849009.983367986045778 ], [ -8080662.568949658423662, 5849112.409155 ], [ -8080422.777972246520221, 5849353.141449404880404 ], [ -8080211.690168944187462, 5849566.121200789697468 ], [ -8079731.127266770228744, 5849730.093367362394929 ], [ -8079727.237207166850567, 5849709.291337709873915 ], [ -8079721.570711128413677, 5849697.59758669603616 ], [ -8079711.578339676372707, 5849685.854428125545382 ], [ -8079705.852399023249745, 5849679.977605526335537 ], [ -8079685.682420490309596, 5849669.576159233227372 ], [ -8079675.518617025576532, 5849670.900566315278411 ], [ -8079658.052477597258985, 5849679.40956349670887 ], [ -8079649.337052023038268, 5849680.76675923820585 ], [ -8079632.149879244156182, 5849664.583469378761947 ], [ -8079623.478870145045221, 5849663.0197010980919 ], [ -8079611.956189654767513, 5849657.092178726568818 ], [ -8079600.300705007277429, 5849662.759665288031101 ], [ -8079595.837906626053154, 5849672.888146376237273 ], [ -8079595.704100595787168, 5849684.500138835050166 ], [ -8079586.955167858861387, 5849690.214966479688883 ], [ -8079579.807899951934814, 5849681.412973782978952 ], [ -8079579.953394525684416, 5849668.332831896841526 ], [ -8079559.693581157363951, 5849666.651804517023265 ], [ -8079550.986949824728072, 5849667.99462363217026 ], [ -8079539.366085546091199, 5849670.772324930876493 ], [ -8079533.687121716327965, 5849661.96647537406534 ], [ -8079526.55076312366873, 5849651.713319034315646 ], [ -8079523.747404388152063, 5849644.429744508117437 ], [ -8079518.034933401271701, 5849637.093684470281005 ], [ -8079510.768776274286211, 5849638.466701917350292 ], [ -8079506.346609501168132, 5849645.685827968642116 ], [ -8079506.167719080112875, 5849660.192902332171798 ], [ -8079483.192934652790427, 5849643.944076184183359 ], [ -8079474.588717251084745, 5849636.5955800851807 ], [ -8079465.938858859241009, 5849633.574813433922827 ], [ -8079436.983434788882732, 5849631.797854348085821 ], [ -8079429.825368893332779, 5849624.434024726971984 ], [ -8079425.585988724604249, 5849615.6624620789662 ], [ -8079411.315831882879138, 5849596.620049690827727 ], [ -8079396.952389298938215, 5849586.267316847108305 ], [ -8079378.172679889015853, 5849581.697834188118577 ], [ -8079369.491095436736941, 5849581.584937699139118 ], [ -8079363.769718888215721, 5849574.250383629463613 ], [ -8079363.98044668789953, 5849556.822685904800892 ], [ -8079365.516099061816931, 5849549.588612214662135 ], [ -8079371.372617471963167, 5849543.822676965035498 ], [ -8079384.540933997370303, 5849532.355906526558101 ], [ -8079391.84304731246084, 5849528.089606960304081 ], [ -8079396.285028955899179, 5849519.417953664436936 ], [ -8079393.512728357687593, 5849507.771938827820122 ], [ -8079389.261437004432082, 5849500.455535368993878 ], [ -8079371.952035418711603, 5849494.432508639059961 ], [ -8079350.378540742211044, 5849481.106503959745169 ], [ -8079336.038252622820437, 5849467.847384329885244 ], [ -8079311.515793311409652, 5849460.304578152485192 ], [ -8079288.337962136603892, 5849460.030497028492391 ], [ -8079279.655487131327391, 5849459.934399053454399 ], [ -8079263.949976773932576, 5849439.404019593261182 ], [ -8079253.785282748751342, 5849440.731783717870712 ], [ -8079247.906834401190281, 5849449.386885587126017 ], [ -8079243.44470392819494, 5849459.498001200146973 ], [ -8079225.856892299838364, 5849476.729272197000682 ], [ -8079217.2520069796592, 5849469.384468896314502 ], [ -8079218.953302763402462, 5849447.592197699472308 ], [ -8079219.211007378064096, 5849425.807086820714176 ], [ -8079217.861369877122343, 5849417.06915432587266 ], [ -8079213.756463648751378, 5849396.673249523155391 ], [ -8079203.63685402367264, 5849395.105814144015312 ], [ -8079196.37993642129004, 5849396.477017251774669 ], [ -8079170.06078052520752, 5849416.505651491694152 ], [ -8079154.076526164077222, 5849420.688558605499566 ], [ -8079145.45204861741513, 5849416.212190728634596 ], [ -8079132.60533409845084, 5849400.077839634381235 ], [ -8079123.977739603258669, 5849394.167452652938664 ], [ -8079113.869039286859334, 5849391.148868786171079 ], [ -8079108.014413303695619, 5849396.880625839345157 ], [ -8079107.890959989279509, 5849407.05402332637459 ], [ -8079120.760383680462837, 5849421.754030112177134 ], [ -8079117.676611145026982, 5849437.67700591403991 ], [ -8079113.233071032911539, 5849446.352293402887881 ], [ -8079098.694077623076737, 5849450.549750510603189 ], [ -8079079.883977984078228, 5849448.870379799976945 ], [ -8079071.265400364995003, 5849442.958506477065384 ], [ -8079059.867954303510487, 5849426.839934210292995 ], [ -8079052.598902870900929, 5849429.666173524223268 ], [ -8079032.11622788477689, 5849446.866053380072117 ], [ -8079020.439592539332807, 5849453.989085919223726 ], [ -8079008.862476813606918, 5849453.861816755495965 ], [ -8079001.636283389292657, 5849452.328934133052826 ], [ -8078993.062790169380605, 5849442.037259830161929 ], [ -8078988.579397676512599, 5849453.617615018971264 ], [ -8078986.863519045524299, 5849476.842974889092147 ], [ -8078979.550496417097747, 5849482.560090374201536 ], [ -8078965.09087379835546, 5849480.946770979091525 ], [ -8078945.017409260384738, 5849461.824218397960067 ], [ -8078940.530788505449891, 5849474.858184752054513 ], [ -8078941.813189038075507, 5849489.393726333975792 ], [ -8078957.474171603098512, 5849512.82898230291903 ], [ -8078941.401529560796916, 5849524.26536334771663 ], [ -8078935.546680942177773, 5849529.997045578435063 ], [ -8078931.038018926978111, 5849543.033050996251404 ], [ -8078926.372841706499457, 5849570.583108886145055 ], [ -8078907.3265221118927, 5849589.254149844869971 ], [ -8078886.898950271308422, 5849602.094813725911081 ], [ -8078878.136213914491236, 5849609.267717548646033 ], [ -8078870.67892122734338, 5849626.598288709297776 ], [ -8078863.456623979844153, 5849625.07942757755518 ], [ -8078853.445662171579897, 5849614.774953367188573 ], [ -8078849.228879865258932, 5849603.113630272448063 ], [ -8078847.916645707562566, 5849591.451838086359203 ], [ -8078842.202616242691875, 5849584.13617264200002 ], [ -8078833.552980488166213, 5849581.114777932874858 ], [ -8078826.386788272298872, 5849573.765042193233967 ], [ -8078822.143845880404115, 5849566.450683542527258 ], [ -8078814.929563640616834, 5849563.46256619412452 ], [ -8078806.237960438244045, 5849563.367274641990662 ], [ -8078791.700302858836949, 5849569.002237115986645 ], [ -8078772.840109447017312, 5849570.245711930096149 ], [ -8078756.812997083179653, 5849578.756872984580696 ], [ -8078741.048376074060798, 5849564.041906520724297 ], [ -8078739.822414522059262, 5849545.14706511516124 ], [ -8078734.089572066441178, 5849539.267106248997152 ], [ -8078726.897108444012702, 5849536.264139154925942 ], [ -8078718.193816698156297, 5849536.165133154951036 ], [ -8078708.085005056113005, 5849533.145854553207755 ], [ -8078702.509234404191375, 5849515.639421218074858 ], [ -8078696.787635212764144, 5849508.32123460713774 ], [ -8078689.575245401822031, 5849506.77106093429029 ], [ -8078670.75991375092417, 5849505.093294601887465 ], [ -8078666.521535460837185, 5849496.321366335265338 ], [ -8078657.946261125616729, 5849486.049990819767118 ], [ -8078643.430756123736501, 5849488.795171252451837 ], [ -8078636.053168191574514, 5849500.327619491145015 ], [ -8078634.458516485989094, 5849511.941483966074884 ], [ -8078637.286810791119933, 5849519.224787353537977 ], [ -8078647.229199787601829, 5849535.343851804733276 ], [ -8078648.474976208992302, 5849552.786042977124453 ], [ -8078641.216500130482018, 5849554.160662387497723 ], [ -8078634.060549307614565, 5849546.792213900014758 ], [ -8078629.795899610035121, 5849539.479654276743531 ], [ -8078619.633098023943603, 5849542.27039738651365 ], [ -8078609.356861865147948, 5849553.770613504573703 ], [ -8078599.20508090313524, 5849555.110185189172626 ], [ -8078571.719296750612557, 5849551.880128373391926 ], [ -8078555.769217471592128, 5849553.158971668221056 ], [ -8078541.231448574922979, 5849558.793443064205348 ], [ -8078532.5368397468701, 5849558.679739314131439 ], [ -8078510.763749219477177, 5849562.782119959592819 ], [ -8078488.819783276878297, 5849579.970146555453539 ], [ -8078483.120114027522504, 5849572.637047435157001 ], [ -8078477.564269563183188, 5849552.235775357112288 ], [ -8078474.795085912570357, 5849542.014241403900087 ], [ -8078469.062466092407703, 5849536.134123116731644 ], [ -8078450.226095059886575, 5849535.925289923325181 ], [ -8078441.219012414105237, 5849563.429133391007781 ], [ -8078432.472306066192687, 5849567.675745722837746 ], [ -8078418.008787266910076, 5849566.059988068416715 ], [ -8078409.316850104369223, 5849565.951291066594422 ], [ -8078367.271923711523414, 5849569.811085249297321 ], [ -8078357.172351588495076, 5849566.789856963790953 ], [ -8078335.580266558565199, 5849554.900220959447324 ], [ -8078295.124425892718136, 5849547.165142333135009 ], [ -8078292.317504931241274, 5849538.412230390124023 ], [ -8078295.300644648261368, 5849531.176395211368799 ], [ -8078304.153215833008289, 5849518.205172974616289 ], [ -8078305.689981402829289, 5849510.971292522735894 ], [ -8078305.79773866944015, 5849500.796805886551738 ], [ -8078308.772974703460932, 5849493.558417469263077 ], [ -8078317.520682929083705, 5849489.295205386355519 ], [ -8078340.698514106683433, 5849489.572356098331511 ], [ -8078360.958327469415963, 5849489.811067505739629 ], [ -8078366.835662625730038, 5849484.078119367361069 ], [ -8078372.715112851932645, 5849475.423629431053996 ], [ -8078378.757534816861153, 5849455.153243521228433 ], [ -8078378.857054439373314, 5849446.448068208061159 ], [ -8078371.70032437518239, 5849439.083424588665366 ], [ -8078364.486376096494496, 5849436.094865943305194 ], [ -8078331.09230996388942, 5849442.959475530311465 ], [ -8078325.380729535594583, 5849437.081361511722207 ], [ -8078325.693871260620654, 5849409.477293136529624 ], [ -8078322.909102879464626, 5849400.722741508856416 ], [ -8078314.261693516746163, 5849397.722890332341194 ], [ -8078304.098001367412508, 5849399.045318406075239 ], [ -8078285.162333344109356, 5849407.541293672285974 ], [ -8078279.595022970810533, 5849388.595428667962551 ], [ -8078276.901870531961322, 5849371.120453748852015 ], [ -8078274.297551039606333, 5849346.391741411760449 ], [ -8078280.173884321935475, 5849339.191111076623201 ], [ -8078300.489246111363173, 5849336.542558449320495 ], [ -8078310.621657482348382, 5849336.63913959544152 ], [ -8078315.061969331465662, 5849329.435125592164695 ], [ -8078313.958013942465186, 5849298.894564708694816 ], [ -8078318.469570263288915, 5849285.894613637588918 ], [ -8078327.140802000649273, 5849287.443133359774947 ], [ -8078341.635935539379716, 5849286.15124667994678 ], [ -8078351.863859031349421, 5849279.01332990732044 ], [ -8078352.108650590293109, 5849257.223952548578382 ], [ -8078345.253707668744028, 5849225.165980570949614 ], [ -8078340.990727768279612, 5849217.849650478921831 ], [ -8078330.902621552348137, 5849213.377423356287181 ], [ -8078304.842172159813344, 5849211.61783008556813 ], [ -8078297.630227630957961, 5849210.067224136553705 ], [ -8078290.41561143565923, 5849207.095539720728993 ], [ -8078281.834214527159929, 5849198.276426088996232 ], [ -8078269.043159759603441, 5849177.763937761075795 ], [ -8078261.849582941271365, 5849173.322739762254059 ], [ -8078254.837234260514379, 5849154.362520484253764 ], [ -8078250.574365674518049, 5849147.046087738126516 ], [ -8078233.398547484539449, 5849129.395392373204231 ], [ -8078218.915881736204028, 5849129.231951205059886 ], [ -8078217.659307323396206, 5849111.77396441064775 ], [ -8078230.849999064579606, 5849098.853587418794632 ], [ -8078232.407804015092552, 5849090.150702461600304 ], [ -8078239.954820212908089, 5849064.083928196690977 ], [ -8078241.491585788317025, 5849056.850582400336862 ], [ -8078250.239294009283185, 5849051.12889832817018 ], [ -8078251.900737410411239, 5849033.722585364244878 ], [ -8078246.188711700960994, 5849026.390264248475432 ], [ -8078227.463548833504319, 5849017.457957878708839 ], [ -8078221.744287356734276, 5849011.564785381779075 ], [ -8078218.959073697216809, 5849001.355991737917066 ], [ -8078219.058815962634981, 5848992.651426656171679 ], [ -8078216.290411544963717, 5848982.443462460301816 ], [ -8078220.818220512010157, 5848966.505806009285152 ], [ -8078213.737632983364165, 5848953.35986534319818 ], [ -8078213.882904914207757, 5848940.275960184633732 ], [ -8078202.382377004250884, 5848932.881216580048203 ], [ -8078188.001679902896285, 5848925.451110824942589 ], [ -8078175.032959228381515, 5848919.475796769373119 ], [ -8078163.512505125254393, 5848913.533432608470321 ], [ -8078157.78066454641521, 5848907.653572586365044 ], [ -8078179.698025124147534, 5848891.923577461391687 ], [ -8078195.851262480951846, 5848873.221069729886949 ], [ -8078201.758542574010789, 5848863.130491742864251 ], [ -8078197.464615858159959, 5848858.704956287518144 ], [ -8078184.415411187335849, 5848860.011315082199872 ], [ -8078166.906859039328992, 5848871.428437273949385 ], [ -8078152.355954433791339, 5848877.065702336840332 ], [ -8078142.236122171394527, 5848875.500943452119827 ], [ -8078123.434928091242909, 5848872.366904543712735 ], [ -8078114.865108409896493, 5848862.09706449881196 ], [ -8078116.49994645640254, 5848846.124419358558953 ], [ -8078145.791110107675195, 5848818.862640512175858 ], [ -8078147.526358330622315, 5848795.640631428919733 ], [ -8078140.313189286738634, 5848792.652129711583257 ], [ -8078127.243835785426199, 5848795.397901425138116 ], [ -8078102.372835150919855, 5848816.908683219924569 ], [ -8078084.965138464234769, 5848819.604398274794221 ], [ -8078043.221331294625998, 5848797.317778065800667 ], [ -8078028.859224547632039, 5848786.984072806313634 ], [ -8078034.716188235208392, 5848781.219928978011012 ], [ -8078046.292302082292736, 5848781.361884625628591 ], [ -8078056.476477014832199, 5848778.583494962193072 ], [ -8078060.895526845008135, 5848771.364918428473175 ], [ -8078063.970171176828444, 5848756.881918177939951 ], [ -8078062.634337289258838, 5848746.689569478854537 ], [ -8078051.098966375924647, 5848742.183990527875721 ], [ -8078043.910176299512386, 5848737.757223902270198 ], [ -8078034.246753945015371, 5848698.419482082128525 ], [ -8078024.14050264749676, 5848695.382726307958364 ], [ -8078008.064298389479518, 5848706.814492589794099 ], [ -8078000.674131354317069, 5848719.7998614506796 ], [ -8077999.13625258859247, 5848727.049725878052413 ], [ -8077997.356476567685604, 5848756.08864837884903 ], [ -8077995.786315151490271, 5848766.246124723926187 ], [ -8077992.779019108042121, 5848774.919297100044787 ], [ -8077986.901683949865401, 5848782.123018844984472 ], [ -8077979.612706337124109, 5848786.400261696428061 ], [ -8077956.433650638908148, 5848787.562393061816692 ], [ -8077949.166936923749745, 5848788.937538967467844 ], [ -8077913.866301878355443, 5848835.009976726025343 ], [ -8077912.319851508364081, 5848843.716323926113546 ], [ -8077906.46355573926121, 5848849.450470042414963 ], [ -8077896.356079936027527, 5848846.430457962676883 ], [ -8077886.480259989388287, 5848824.513760702684522 ], [ -8077870.386133287101984, 5848837.40305048879236 ], [ -8077861.61549324542284, 5848844.571455317549407 ], [ -8077858.519030289724469, 5848860.511152005754411 ], [ -8077852.541284957900643, 5848876.41922384314239 ], [ -8077843.980927432887256, 5848866.147441085427999 ], [ -8077836.867834609933197, 5848854.441244144923985 ], [ -8077842.800940830260515, 5848842.89575316477567 ], [ -8077844.336036605760455, 5848835.627544090151787 ], [ -8077840.130386248230934, 5848823.965476559475064 ], [ -8077828.639543124474585, 5848816.568731185980141 ], [ -8077821.393757473677397, 5848816.474416714161634 ], [ -8077809.793709932826459, 5848817.79643448907882 ], [ -8077802.511856762692332, 5848820.621186301112175 ], [ -8077793.708488789387047, 5848830.684099464677274 ], [ -8077787.830930995754898, 5848837.887543836608529 ], [ -8077780.582473671995103, 5848837.788061208091676 ], [ -8077776.174110520631075, 5848843.555310529656708 ], [ -8077776.077039925381541, 5848850.80624585878104 ], [ -8077775.919856804423034, 5848865.341080078855157 ], [ -8077767.225136656314135, 5848865.243212114088237 ], [ -8077761.47003029845655, 5848862.256140257231891 ], [ -8077747.031558386981487, 5848857.733221853151917 ], [ -8077731.169644141569734, 5848853.180428639054298 ], [ -8077726.950078840367496, 5848841.522375300526619 ], [ -8077729.978859548456967, 5848831.379831397905946 ], [ -8077738.737811045721173, 5848824.20788436755538 ], [ -8077744.683385045267642, 5848811.20750374533236 ], [ -8077741.956057521514595, 5848798.094740375876427 ], [ -8077730.500057403929532, 5848786.353750609792769 ], [ -8077714.659071227535605, 5848778.889854206703603 ], [ -8077695.913648211397231, 5848771.399963189847767 ], [ -8077691.627513860352337, 5848765.534894277341664 ], [ -8077691.805625047534704, 5848751.002485782839358 ], [ -8077691.971713724546134, 5848737.938099374063313 ], [ -8077697.873093890026212, 5848727.841701096855104 ], [ -8077706.60009669046849, 5848725.031998151913285 ], [ -8077715.261420989409089, 5848726.582680164836347 ], [ -8077731.225637845695019, 5848725.323659426532686 ], [ -8077737.158187470398843, 5848712.323747823014855 ], [ -8077728.59916577860713, 5848702.035199509933591 ], [ -8077720.069866398349404, 5848687.405352829955518 ], [ -8077720.29361857380718, 5848669.978441681712866 ], [ -8077724.713113678619266, 5848662.760277193970978 ], [ -8077742.089195636101067, 5848662.969089677557349 ], [ -8077752.131326898932457, 5848671.804139548912644 ], [ -8077766.580819443799555, 5848674.889012629166245 ], [ -8077778.245766242966056, 5848667.765157000161707 ], [ -8077782.698211915791035, 5848659.094189608469605 ], [ -8077775.684638719074428, 5848640.11682893242687 ], [ -8077767.113817166537046, 5848628.396075098775327 ], [ -8077761.479603772982955, 5848615.265496717765927 ], [ -8077766.021661637350917, 5848597.869896589778364 ], [ -8077773.481625994667411, 5848580.526170102879405 ], [ -8077783.777899660170078, 5848567.576373594813049 ], [ -8077801.287565002217889, 5848556.156738566234708 ], [ -8077801.412910748273134, 5848545.98464731592685 ], [ -8077804.383137407712638, 5848538.750112265348434 ], [ -8077805.921350126154721, 5848531.513483761809766 ], [ -8077818.921462900005281, 5848534.581835482269526 ], [ -8077826.077525048516691, 5848541.916169387288392 ], [ -8077834.686195229180157, 5848547.826468702405691 ], [ -8077844.927699699997902, 5848540.685920682735741 ], [ -8077869.429453582502902, 5848549.699620024301112 ], [ -8077882.507490001618862, 5848546.952794504351914 ], [ -8077888.48490137886256, 5848531.045479472726583 ], [ -8077887.125690395012498, 5848523.746359890326858 ], [ -8077882.942415250465274, 5848509.182859612628818 ], [ -8077873.010601599700749, 5848491.625816156156361 ], [ -8077863.025131960399449, 5848478.432460193522274 ], [ -8077861.690188625827432, 5848469.695144962519407 ], [ -8077855.979053470306098, 5848462.362970612943172 ], [ -8077850.259569350630045, 5848456.486964713782072 ], [ -8077840.21766072884202, 5848447.652130927890539 ], [ -8077843.200689120218158, 5848440.417676671408117 ], [ -8077852.052815027534962, 5848427.449030398391187 ], [ -8077853.586797611787915, 5848420.198120755143464 ], [ -8077855.12378582265228, 5848412.965465459041297 ], [ -8077862.514843412674963, 5848399.96391571406275 ], [ -8077864.052833493798971, 5848392.714320627041161 ], [ -8077864.149124853312969, 5848384.009388353675604 ], [ -8077858.595729419030249, 5848363.598112946376204 ], [ -8077829.765873736701906, 5848351.632587122730911 ], [ -8077802.236341024748981, 5848352.761071406304836 ], [ -8077783.387947482056916, 5848353.987256629392505 ], [ -8077774.717940258793533, 5848352.438416618853807 ], [ -8077773.415724858641624, 5848340.793945433571935 ], [ -8077775.00636905990541, 5848329.184694129042327 ], [ -8077794.052354699000716, 5848310.532958649098873 ], [ -8077795.598805068992078, 5848301.82746169064194 ], [ -8077786.986572659574449, 5848295.916197094134986 ], [ -8077782.719585257582366, 5848288.603061519563198 ], [ -8077784.258799855597317, 5848281.349682432599366 ], [ -8077797.550013102591038, 5848259.711180870421231 ], [ -8077801.94401603937149, 5848253.961431627161801 ], [ -8077807.923097210936248, 5848239.492524415254593 ], [ -8077808.066921993158758, 5848226.430673373863101 ], [ -8077806.755578387528658, 5848214.787983701564372 ], [ -8077804.003315302543342, 5848203.144340519793332 ], [ -8077798.293515977449715, 5848195.795432108454406 ], [ -8077791.036264413967729, 5848197.16887073777616 ], [ -8077780.817135158926249, 5848204.307202325202525 ], [ -8077770.452511329203844, 5848223.069653986953199 ], [ -8077761.670294065028429, 5848231.692230418324471 ], [ -8077742.800749818794429, 5848234.374685882590711 ], [ -8077731.146489690989256, 5848241.479619850404561 ], [ -8077725.167297199368477, 5848255.948368841782212 ], [ -8077726.382015482522547, 5848276.296253072097898 ], [ -8077726.19165915530175, 5848292.282398321665823 ], [ -8077714.538623533211648, 5848297.967900414951146 ], [ -8077700.098927110433578, 5848294.881544526666403 ], [ -8077694.366752568632364, 5848289.005811881273985 ], [ -8077690.157651300542057, 5848277.330257507041097 ], [ -8077683.047230147756636, 5848267.075483916327357 ], [ -8077669.978655887767673, 5848269.820284273475409 ], [ -8077662.652497557923198, 5848277.006959527730942 ], [ -8077652.509510834701359, 5848276.892787865363061 ], [ -8077649.717951966449618, 5848268.12385964486748 ], [ -8077649.838622295297682, 5848257.967765424400568 ], [ -8077635.377663846127689, 5848256.337875770404935 ], [ -8077628.1214141510427, 5848257.694206190295517 ], [ -8077619.314817915670574, 5848267.767780073918402 ], [ -8077619.135259577073157, 5848282.303105159662664 ], [ -8077624.845949457027018, 5848289.635291042737663 ], [ -8077630.625657422468066, 5848291.154244774952531 ], [ -8077637.761348097585142, 5848299.953878634609282 ], [ -8077640.509047087281942, 5848313.067999444901943 ], [ -8077633.228641073219478, 5848315.875633047893643 ], [ -8077623.077194065786898, 5848317.217438707128167 ], [ -8077608.595975468866527, 5848317.039801646023989 ], [ -8077585.542488164268434, 5848306.591196151450276 ], [ -8077579.985196543857455, 5848286.19560304377228 ], [ -8077587.367125934921205, 5848274.667490438558161 ], [ -8077590.484516954049468, 5848255.805452742613852 ], [ -8077592.331418629735708, 5848222.408689730800688 ], [ -8077590.996363976038992, 5848212.217121253721416 ], [ -8077588.190556207671762, 5848204.936998391523957 ], [ -8077576.74680123757571, 5848193.161434201523662 ], [ -8077569.542315109632909, 5848190.17507481854409 ], [ -8077557.966535223647952, 5848188.57781786005944 ], [ -8077546.435394447296858, 5848184.089964990504086 ], [ -8077536.248881803825498, 5848188.333812707103789 ], [ -8077531.752464931458235, 5848201.349099234677851 ], [ -8077531.651832112111151, 5848210.052720499224961 ], [ -8077525.761472578160465, 5848217.255657087080181 ], [ -8077515.610693489201367, 5848220.051956097595394 ], [ -8077506.835823307745159, 5848225.750491955317557 ], [ -8077500.925871543586254, 5848235.860525287687778 ], [ -8077505.066511322744191, 5848253.332439481280744 ], [ -8077504.855449564754963, 5848270.771121948026121 ], [ -8077503.320799064822495, 5848278.008666546083987 ], [ -8077490.272484952583909, 5848279.300728273577988 ], [ -8077480.23113292362541, 5848270.465749306604266 ], [ -8077476.014127978123724, 5848260.259106891229749 ], [ -8077465.896410776302218, 5848258.676694038324058 ], [ -8077458.715969664044678, 5848254.238866430707276 ], [ -8077452.981346094980836, 5848248.357831845059991 ], [ -8077445.911111277528107, 5848233.743434317409992 ], [ -8077433.232823151163757, 5848204.531022154726088 ], [ -8077442.118010943755507, 5848188.655977026559412 ], [ -8077453.672751449048519, 5848190.238215808756649 ], [ -8077468.177792420610785, 5848188.965061004273593 ], [ -8077469.744725573807955, 5848178.807443242520094 ], [ -8077464.034258333034813, 5848171.475188168697059 ], [ -8077452.479517827741802, 5848169.892952756024897 ], [ -8077436.418675654567778, 5848179.872764455154538 ], [ -8077427.700133135542274, 5848182.684392741881311 ], [ -8077411.771204562857747, 5848182.473007866181433 ], [ -8077404.5012625772506, 5848183.859201788902283 ], [ -8077387.135088052600622, 5848183.635220999829471 ], [ -8077384.407092610374093, 5848169.085686604492366 ], [ -8077385.966901316307485, 5848160.380168010480702 ], [ -8077391.855813701637089, 5848151.739736566320062 ], [ -8077394.928565603680909, 5848137.240153719671071 ], [ -8077387.782188255339861, 5848129.89130032248795 ], [ -8077376.080617336556315, 5848138.465178527869284 ], [ -8077374.513350228779018, 5848148.609830942004919 ], [ -8077372.833205153234303, 5848168.938896266743541 ], [ -8077371.293656597845256, 5848176.192021262831986 ], [ -8077371.196919958107173, 5848184.909666919149458 ], [ -8077365.327711124904454, 5848190.643222481012344 ], [ -8077355.209993926808238, 5848189.060660648159683 ], [ -8077346.694052884355187, 5848174.447976405732334 ], [ -8077345.379592335782945, 5848162.80406360514462 ], [ -8077341.236948802135885, 5848146.76873900461942 ], [ -8077337.122023826465011, 5848127.8418969521299 ], [ -8077338.790480357594788, 5848107.509373866952956 ], [ -8077317.214202692732215, 5848095.643508842214942 ], [ -8077310.015950459986925, 5848092.637158505618572 ], [ -8077302.700812757946551, 5848098.372268821112812 ], [ -8077303.7679214021191, 5848130.343619269318879 ], [ -8077302.212008874863386, 5848139.050238550640643 ], [ -8077293.437472654506564, 5848146.203056676313281 ], [ -8077278.854730676859617, 5848154.745138165540993 ], [ -8077265.852168873883784, 5848153.12931683845818 ], [ -8077255.769628638401628, 5848147.202810991555452 ], [ -8077250.056044452823699, 5848141.323785727843642 ], [ -8077239.9943209560588, 5848135.399548609741032 ], [ -8077227.067790363915265, 5848125.063713524490595 ], [ -8077224.242167731747031, 5848119.23589366581291 ], [ -8077222.929376977495849, 5848109.029749529436231 ], [ -8077221.614137193188071, 5848097.402717597782612 ], [ -8077215.97324463352561, 5848084.257105693221092 ], [ -8077210.30363164935261, 5848074.020158706232905 ], [ -8077196.000635556876659, 5848057.872926271520555 ], [ -8077191.760698792524636, 5848049.087744878605008 ], [ -8077180.361582933925092, 5848034.438313337042928 ], [ -8077171.704377450980246, 5848031.06380267906934 ], [ -8077127.016726344823837, 5847827.850141804665327 ], [ -8077198.729187593795359, 5847751.040766941383481 ], [ -8077250.222133129835129, 5847697.266384040005505 ], [ -8077272.565736043266952, 5847671.805717413313687 ], [ -8077440.639131512492895, 5847496.112912345677614 ], [ -8077457.384365910664201, 5847476.65557743050158 ], [ -8077622.703939814120531, 5847305.414508971385658 ], [ -8077810.596434785053134, 5847115.978057257831097 ], [ -8077956.410718825645745, 5846968.649449708871543 ], [ -8078210.145019053481519, 5846711.595067354850471 ], [ -8078218.537395464256406, 5846702.593905799090862 ], [ -8078233.928316944278777, 5846686.089943379163742 ], [ -8078322.364193969406188, 5846600.2760697202757 ], [ -8078440.081995137035847, 5846480.050866056233644 ], [ -8078552.246512185782194, 5846367.275910723023117 ], [ -8078570.336263394914567, 5846344.866173793561757 ], [ -8078584.180845825001597, 5846325.506962022744119 ], [ -8078597.980677825398743, 5846304.69682958163321 ], [ -8078603.478524836711586, 5846295.789564156904817 ], [ -8078629.577936050482094, 5846252.765193398110569 ], [ -8078635.027136444114149, 5846242.405897377990186 ], [ -8078644.675085389055312, 5846227.549263530410826 ], [ -8078722.726301084272563, 5846091.208286211825907 ], [ -8078697.639897237531841, 5846077.515457085333765 ], [ -8078687.169074609875679, 5846067.689142269082367 ], [ -8078651.178370043635368, 5846031.103232481516898 ], [ -8078609.209252224303782, 5845988.901912646368146 ], [ -8078580.693874101154506, 5845959.334664405323565 ], [ -8078574.715238207951188, 5845953.719286227598786 ], [ -8078471.279950349591672, 5845849.621846781112254 ], [ -8078366.258471066132188, 5845741.218713745474815 ], [ -8078213.337328094057739, 5845586.452236773446202 ], [ -8078177.351410259492695, 5845549.866388951428235 ], [ -8078165.390242294408381, 5845538.638257040642202 ], [ -8078151.88362583797425, 5845524.558838183060288 ], [ -8078108.226681898348033, 5845475.145523789338768 ], [ -8078079.765293726697564, 5845447.02630187664181 ], [ -8077884.745568359270692, 5845245.705969555303454 ], [ -8077869.745600938796997, 5845230.219496465288103 ], [ -8077841.333415981382132, 5845203.556035346351564 ], [ -8077811.382350385189056, 5845174.034848497249186 ], [ -8077749.976404191926122, 5845113.590756398625672 ], [ -8077727.500219767913222, 5845091.084446282126009 ], [ -8077684.152410052716732, 5845224.153704926371574 ], [ -8077408.330653060227633, 5844959.073412781581283 ], [ -8077401.747886289842427, 5844966.618013987317681 ], [ -8077380.206562948413193, 5844987.084211994893849 ], [ -8077364.85137502476573, 5844998.117766462266445 ], [ -8077357.647000222466886, 5845001.006832738406956 ], [ -8077350.231563663110137, 5845000.190817109309137 ], [ -8077334.653736758977175, 5844990.91310403868556 ], [ -8077152.685887726955116, 5844809.310291785746813 ], [ -8077202.251002326607704, 5844761.006576511077583 ], [ -8076952.502051185816526, 5844520.949906799010932 ], [ -8076952.48234763648361, 5844520.930859399028122 ], [ -8076830.619899193756282, 5844405.760708830319345 ], [ -8075782.310228135436773, 5845426.222281112335622 ], [ -8075675.911949388682842, 5845320.051977190189064 ], [ -8075188.891514881514013, 5845866.503794773481786 ], [ -8075171.203627032227814, 5845886.352463341318071 ], [ -8075088.238769009709358, 5845979.437011428177357 ], [ -8075083.973006124608219, 5845984.221446205861866 ], [ -8074446.133251948282123, 5846699.765796948224306 ], [ -8074371.908755069598556, 5847201.00867120269686 ], [ -8074340.581335287541151, 5847543.591483134776354 ], [ -8074151.824333154596388, 5847812.062651536427438 ], [ -8074125.751527302898467, 5847781.896655006334186 ], [ -8074124.824792542494833, 5847780.882086161524057 ], [ -8074116.734982507303357, 5847772.018541248515248 ], [ -8074095.659531231038272, 5847747.999816541559994 ], [ -8074086.452184827998281, 5847732.312262549996376 ], [ -8074074.350642981007695, 5847716.716617037542164 ], [ -8074059.018609513528645, 5847691.054209706373513 ], [ -8074045.134397345595062, 5847665.343918703496456 ], [ -8074034.384162805043161, 5847646.799679167568684 ], [ -8074026.620852833613753, 5847631.063216875307262 ], [ -8074015.775328801013529, 5847609.614270634949207 ], [ -8074012.549957877956331, 5847599.544840714894235 ], [ -8073998.499657027423382, 5847613.089218884706497 ], [ -8073950.850016911514103, 5847662.634185648523271 ], [ -8073875.201409788802266, 5847742.174991376698017 ], [ -8073828.854875631630421, 5847787.315065004862845 ], [ -8073722.355852744542062, 5847898.399906353093684 ], [ -8073614.518769584596157, 5847791.461188407614827 ], [ -8073608.53735070861876, 5847785.842865481041372 ], [ -8073511.219736783765256, 5847690.184818907640874 ], [ -8073478.23554902523756, 5847656.381343766115606 ], [ -8073433.243105147965252, 5847609.884580220095813 ], [ -8073398.855623889714479, 5847577.579898180440068 ], [ -8073355.406958712264895, 5847533.940184561535716 ], [ -8073283.604885277338326, 5847465.067811034619808 ], [ -8073350.810354297980666, 5847393.0802256828174 ], [ -8073395.563127308152616, 5847343.635434068739414 ], [ -8073426.366120966151357, 5847310.644351994618773 ], [ -8073502.016397883184254, 5847231.109220600686967 ], [ -8073600.209316957741976, 5847131.939813560806215 ], [ -8073541.905399699695408, 5847077.163765828125179 ], [ -8073607.75622183829546, 5847008.13107882719487 ], [ -8073340.957354849204421, 5846736.349802596494555 ], [ -8073371.806768737733364, 5846704.809925719164312 ], [ -8073416.697689237073064, 5846659.72626044601202 ], [ -8073686.153529828414321, 5846924.145214858464897 ], [ -8073867.277911074459553, 5847101.346324716694653 ], [ -8073915.214087559841573, 5847149.18961950391531 ], [ -8073961.559063240885735, 5847192.727800732478499 ], [ -8073957.686035521328449, 5847118.717654804699123 ], [ -8073955.880656015127897, 5847063.539317926391959 ], [ -8073951.534854413941503, 5846975.009660921990871 ], [ -8073950.064546583220363, 5846929.993879776448011 ], [ -8073946.001051209867001, 5846850.17769169062376 ], [ -8073941.373388659209013, 5846752.938786924816668 ], [ -8073939.23438464384526, 5846687.598287171684206 ], [ -8073936.71400005184114, 5846610.641276276670396 ], [ -8073665.862213047221303, 5846347.739375256001949 ], [ -8073583.505938683636487, 5846266.142174697481096 ], [ -8073432.391399727202952, 5846119.945004628971219 ], [ -8073365.056132177822292, 5846187.564345078542829 ], [ -8073334.212840860709548, 5846219.103015194647014 ], [ -8073320.210296071134508, 5846234.099450528621674 ], [ -8073290.623801812529564, 5846259.782314007170498 ], [ -8073245.683121503330767, 5846303.409255308099091 ], [ -8073231.113737864419818, 5846300.981996686197817 ], [ -8073220.700467417947948, 5846292.604617550037801 ], [ -8073217.711761730723083, 5846289.791816775687039 ], [ -8073205.752040917053819, 5846278.556767733767629 ], [ -8073111.397640521638095, 5846184.272719731554389 ], [ -8073108.075310322456062, 5846171.299646453000605 ], [ -8073112.132571797817945, 5846162.44434099830687 ], [ -8073151.332283326424658, 5846120.457763313315809 ], [ -8072809.673841774463654, 5845785.119474483653903 ], [ -8072804.718231997452676, 5845770.995588019490242 ], [ -8072807.301289462484419, 5845758.135809581726789 ], [ -8072974.192360620014369, 5845597.055178859271109 ], [ -8072841.641014664433897, 5845464.943735328502953 ], [ -8072332.779250780120492, 5844964.233256169594824 ], [ -8072489.987196026369929, 5844809.39229513797909 ], [ -8072564.840091428719461, 5844768.908237542025745 ], [ -8072621.732032271102071, 5844712.081166639924049 ], [ -8072823.566402904689312, 5844910.360791772603989 ], [ -8073081.102486382238567, 5845162.881130862981081 ], [ -8073146.895311065018177, 5845229.655777225270867 ], [ -8073390.934017606079578, 5845471.616369410417974 ], [ -8073467.208128944039345, 5845544.687475699000061 ], [ -8073527.184176277369261, 5845606.664318045601249 ], [ -8073572.025670921429992, 5845648.792611464858055 ], [ -8073592.901526348665357, 5845667.00201541185379 ], [ -8073546.947504717856646, 5845723.742742765694857 ], [ -8073534.393671779893339, 5845738.690709481947124 ], [ -8073595.771565461531281, 5845799.168958813883364 ], [ -8073676.3933708332479, 5845872.097968243062496 ], [ -8073686.191489771008492, 5845861.599633088335395 ], [ -8073694.63741086050868, 5845854.053135032765567 ], [ -8073788.46783041022718, 5845755.039688668213785 ], [ -8073896.534231727942824, 5845648.289728043600917 ], [ -8073888.130500728264451, 5845479.968752165324986 ], [ -8073885.781659468077123, 5845452.431813420727849 ], [ -8073884.879971593618393, 5845424.847014525905252 ], [ -8073884.355768112465739, 5845408.876244558952749 ], [ -8073884.949101001024246, 5845382.695738638751209 ], [ -8073887.037232007831335, 5845357.919301704503596 ], [ -8073887.912537165917456, 5845340.449095759540796 ], [ -8073891.827977609820664, 5845327.243832758627832 ], [ -8073895.550167427398264, 5845308.226190184243023 ], [ -8073900.723406802862883, 5845289.161934620700777 ], [ -8073903.427134597674012, 5845283.258826548233628 ], [ -8073905.940283420495689, 5845271.548190247267485 ], [ -8073911.304101763293147, 5845258.291533691808581 ], [ -8073915.167889973148704, 5845243.633345409296453 ], [ -8073917.871729080565274, 5845237.730429285205901 ], [ -8073923.374585468322039, 5845228.82795590069145 ], [ -8073927.386428600177169, 5845218.522813785821199 ], [ -8073949.305125017650425, 5845180.014885814860463 ], [ -8073953.874010878615081, 5845172.453313020989299 ], [ -8073951.879610882140696, 5845170.466264303773642 ], [ -8073010.280358418822289, 5844232.683381537906826 ], [ -8072561.847155597060919, 5843785.981323795393109 ], [ -8072551.786322661675513, 5843775.754052859731019 ], [ -8071961.759736929088831, 5843175.916751832701266 ], [ -8071901.257371047511697, 5843275.24740238673985 ], [ -8071836.507164711132646, 5843377.623939796350896 ], [ -8071776.002461113967001, 5843476.952507132664323 ], [ -8071734.030560307204723, 5843433.283074819482863 ], [ -8071623.147219281643629, 5843319.209470281377435 ], [ -8071491.35306850541383, 5843185.473863338120282 ], [ -8071435.983644341118634, 5843130.613576254807413 ], [ -8070860.616833668202162, 5842558.756145872175694 ], [ -8070854.01080112811178, 5842560.944495275616646 ], [ -8070847.362578499130905, 5842559.94134034961462 ], [ -8070838.526482593268156, 5842555.001094471663237 ], [ -8070832.154220982454717, 5842546.067925933748484 ], [ -8070829.644300426356494, 5842535.165257294662297 ], [ -8070831.528494127094746, 5842519.97920086234808 ], [ -8070789.121890706010163, 5842476.092129073105752 ], [ -8070765.17729087267071, 5842452.170308602042496 ], [ -8070759.202662483789027, 5842446.55377693567425 ], [ -8070710.789259338751435, 5842397.757736780680716 ], [ -8070664.746516075916588, 5842351.605675403028727 ], [ -8070606.250684010796249, 5842292.314949735067785 ], [ -8070537.582588197663426, 5842221.310133911669254 ], [ -8070495.973588925786316, 5842179.965572038665414 ], [ -8070481.158189219422638, 5842163.884655492380261 ], [ -8070476.159276161342859, 5842156.536911726929247 ], [ -8070474.132370877079666, 5842151.648854873143137 ], [ -8070372.822060775011778, 5842052.331034095026553 ], [ -8070366.894965811632574, 5842048.165664799511433 ], [ -8070280.039380271919072, 5841959.464196154847741 ], [ -8070231.396436341106892, 5841910.929369879886508 ], [ -8070229.004848401062191, 5841913.568428548052907 ], [ -8070157.562002958729863, 5841992.286938755773008 ], [ -8070156.390253996476531, 5841993.577594531700015 ], [ -8070155.351531825959682, 5841999.834324618801475 ], [ -8070152.645911609753966, 5842005.733296188525856 ], [ -8070148.540560108609498, 5842013.130455601029098 ], [ -8070100.293913559988141, 5842043.753557773306966 ], [ -8070027.872458472847939, 5842088.23555984441191 ], [ -8069969.637893258593976, 5842123.544759228825569 ], [ -8069918.53946399781853, 5842155.710992909967899 ], [ -8069915.646270426921546, 5842155.80507471319288 ], [ -8069912.753076863475144, 5842155.898995135910809 ], [ -8069906.872958722524345, 5842153.184340257197618 ], [ -8069868.090583962388337, 5842118.124345844611526 ], [ -8069830.658848587423563, 5842080.109734132885933 ], [ -8069753.52791112754494, 5842158.160670262761414 ], [ -8069914.943510485813022, 5842323.426223662681878 ], [ -8069850.07463757507503, 5842382.716674583032727 ], [ -8069821.223965145647526, 5842405.952603313140571 ], [ -8069672.612667575478554, 5842253.766557821072638 ], [ -8069647.085661178454757, 5842225.534971657209098 ], [ -8069611.524761168286204, 5842200.538098276592791 ], [ -8069535.125081438571215, 5842121.65877322666347 ], [ -8069443.701611920259893, 5842025.829526826739311 ], [ -8069414.209627903066576, 5842054.391288571059704 ], [ -8069387.565196461975574, 5842081.404114376753569 ], [ -8069374.966279133222997, 5842094.887078390456736 ], [ -8069363.8138472661376, 5842108.32310308329761 ], [ -8069352.661304081790149, 5842121.759309648536146 ], [ -8069349.95501593966037, 5842127.658040109090507 ], [ -8069325.502687914296985, 5842177.848161194473505 ], [ -8069293.258774767629802, 5842255.889796487987041 ], [ -8069265.026036828756332, 5842323.636661066673696 ], [ -8069261.012969182804227, 5842333.936157591640949 ], [ -8069252.659888555295765, 5842344.376388436183333 ], [ -8069245.75340471137315, 5842354.769670388661325 ], [ -8069235.860218920744956, 5842362.353999849408865 ], [ -8069197.920755351893604, 5842398.449733085930347 ], [ -8069161.375679716467857, 5842433.050102149136364 ], [ -8069109.388586961664259, 5842482.675998945720494 ], [ -8069051.800565344281495, 5842538.294298254884779 ], [ -8069033.552072537131608, 5842556.322656768374145 ], [ -8068982.963152582757175, 5842604.450317765586078 ], [ -8068978.716314014047384, 5842607.49336589500308 ], [ -8068972.976124466396868, 5842609.131893455050886 ], [ -8068965.789226821623743, 5842610.817061200737953 ], [ -8068959.955751547589898, 5842609.552943292073905 ], [ -8068954.075633406639099, 5842606.837341691367328 ], [ -8068898.635744001716375, 5842549.062861911021173 ], [ -8068795.221272889524698, 5842440.535734118893743 ], [ -8068684.34383179154247, 5842324.985784360207617 ], [ -8068678.231167233549058, 5842315.013573310337961 ], [ -8068679.487630325369537, 5842309.160387396812439 ], [ -8068680.747989605180919, 5842303.30849639326334 ], [ -8068686.301718996837735, 5842295.865262029692531 ], [ -8068700.302371353842318, 5842280.885051773861051 ], [ -8068729.750272850506008, 5842250.878069707192481 ], [ -8068742.2589100766927, 5842234.489439643919468 ], [ -8068667.360373677685857, 5842157.008773148991168 ], [ -8068612.49210986495018, 5842097.048524460755289 ], [ -8068397.177394175902009, 5842283.806309380568564 ], [ -8068203.276207049377263, 5842449.933733387850225 ], [ -8068157.787612211890519, 5842488.899670448154211 ], [ -8067953.68633146956563, 5842663.737011629156768 ], [ -8067621.66058808285743, 5842950.313765301369131 ], [ -8067525.468414219096303, 5843036.951492437161505 ], [ -8067491.458973946049809, 5843068.840077952481806 ], [ -8067382.842988307587802, 5843170.681778033263981 ], [ -8067355.25935432035476, 5843196.546639557927847 ], [ -8067178.31858217716217, 5843362.441272898577154 ], [ -8066930.179644833318889, 5843595.080303833819926 ], [ -8066866.732989736832678, 5843649.350651696324348 ], [ -8066835.606390318833292, 5843673.004566275514662 ], [ -8066826.979241102002561, 5843679.572706263512373 ], [ -8066822.796633877791464, 5843682.760420334525406 ], [ -8066800.175288829952478, 5843698.361997380852699 ], [ -8066753.33082259260118, 5843726.852031331509352 ], [ -8066746.278621532022953, 5843730.505897688679397 ], [ -8066704.642794263549149, 5843752.113581745885313 ], [ -8066654.150610946118832, 5843774.322552231140435 ], [ -8066628.072684396058321, 5843784.15534735377878 ], [ -8066559.465257707051933, 5843806.566155556589365 ], [ -8066539.813582719303668, 5843812.689238334074616 ], [ -8066387.282280603423715, 5843857.261038334108889 ], [ -8066307.965473617427051, 5843879.173769507557154 ], [ -8066229.185671857558191, 5843896.053555010817945 ], [ -8066203.008114364929497, 5843899.477324823848903 ], [ -8066180.9969114465639, 5843902.375715195201337 ], [ -8066176.812745746225119, 5843902.916752469725907 ], [ -8066150.6688067400828, 5843904.784719438292086 ], [ -8066098.468203200027347, 5843906.12569173797965 ], [ -8065986.072586888447404, 5843902.179928141646087 ], [ -8065915.309792214073241, 5843899.693449127487838 ], [ -8065835.972502449527383, 5843899.12222889624536 ], [ -8065783.119455371052027, 5843901.855176674202085 ], [ -8065756.658923733048141, 5843904.607009964063764 ], [ -8065730.203178823925555, 5843908.040144723840058 ], [ -8065686.627943389117718, 5843916.028039240278304 ], [ -8065677.581898929551244, 5843917.682628171518445 ], [ -8065546.281004815362394, 5843947.818120214156806 ], [ -8065322.45947628095746, 5844002.832800638861954 ], [ -8065167.637107723392546, 5844040.871528840623796 ], [ -8064980.746042893268168, 5844085.792000666260719 ], [ -8064933.278966740705073, 5844097.20148189086467 ], [ -8064919.507298576645553, 5844100.502657581120729 ], [ -8064838.116720802150667, 5844122.464740126393735 ], [ -8064783.648427914828062, 5844139.254762769676745 ], [ -8064701.990460723638535, 5844169.190861791372299 ], [ -8064648.224705141969025, 5844192.179054081439972 ], [ -8064569.279482615180314, 5844231.018887227401137 ], [ -8064517.933590129949152, 5844259.462381379678845 ], [ -8064468.017819136381149, 5844289.78224815055728 ], [ -8064419.890061807818711, 5844321.932665041647851 ], [ -8064373.03424097597599, 5844355.943998248316348 ], [ -8064305.030388568527997, 5844408.794371485710144 ], [ -8064262.549869007430971, 5844442.911445535719395 ], [ -8064088.591679977253079, 5844582.6131706610322 ], [ -8064081.196058287285268, 5844588.838003207929432 ], [ -8064046.766386938281357, 5844617.845687300898135 ], [ -8064020.448455563746393, 5844641.789047776721418 ], [ -8064006.366651302203536, 5844654.587793298065662 ], [ -8063967.4077238291502, 5844693.377849214710295 ], [ -8063912.638756993226707, 5844755.308345281518996 ], [ -8063885.075717117637396, 5844789.870999252423644 ], [ -8063866.234114064835012, 5844813.485522429458797 ], [ -8063833.962371041998267, 5844853.965587889775634 ], [ -8063808.448945634067059, 5844885.94921341445297 ], [ -8063756.287303916178644, 5844953.074154295027256 ], [ -8063634.610981652513146, 5845109.63008460495621 ], [ -8063580.292413478717208, 5845175.527920282445848 ], [ -8063565.229995822533965, 5845192.12284336052835 ], [ -8063541.791899676434696, 5845217.934073428623378 ], [ -8063500.650330945849419, 5845258.859452013857663 ], [ -8063457.224597592838109, 5845298.124037737026811 ], [ -8063347.263427221216261, 5845389.824524447321892 ], [ -8063250.509535205550492, 5845470.497940466739237 ], [ -8063175.834417030215263, 5845532.754677081480622 ], [ -8063114.072805063799024, 5845584.256678022444248 ], [ -8063067.798294618725777, 5845621.023641603067517 ], [ -8063047.795072676613927, 5845635.913800212554634 ], [ -8063020.954273654147983, 5845655.888679036870599 ], [ -8062992.923914552666247, 5845675.293397793546319 ], [ -8062973.018987721763551, 5845689.078268117271364 ], [ -8062944.663909670896828, 5845707.385911104269326 ], [ -8062924.002344261854887, 5845720.724771202541888 ], [ -8062848.839646716602147, 5845765.83381896559149 ], [ -8062814.16785547323525, 5845785.943150620907545 ], [ -8062670.147818979807198, 5845869.413649242371321 ], [ -8062615.527463668957353, 5845902.101145137101412 ], [ -8062517.445641440339386, 5845960.763129871338606 ], [ -8062441.319028431549668, 5846007.976562566123903 ], [ -8062416.415411183610559, 5846024.182193129323423 ], [ -8062368.409882655367255, 5846055.420310019515455 ], [ -8062141.745365645736456, 5845821.907779862172902 ], [ -8062120.406622796319425, 5845800.496981372125447 ], [ -8060508.792899998836219, 5844141.786899997852743 ], [ -8061133.055099999532104, 5843819.178000003099442 ], [ -8061275.315399998798966, 5843738.464000000618398 ], [ -8061600.007199998013675, 5843577.059500002302229 ], [ -8061844.287699999287724, 5843447.050499998033047 ], [ -8061955.616399999707937, 5843393.238800003193319 ], [ -8062141.156199998222291, 5843294.614500001072884 ], [ -8062206.085399999283254, 5843263.230500005185604 ], [ -8062283.405599999241531, 5843222.882399997673929 ], [ -8062632.837299997918308, 5843048.025499997660518 ], [ -8062676.128599998541176, 5843030.108100002631545 ], [ -8062747.241899997927248, 5842994.239200002513826 ], [ -8062932.788199999369681, 5842918.019900000654161 ], [ -8063371.89259999897331, 5842770.098600000143051 ], [ -8063483.215099999681115, 5842738.717899998649955 ], [ -8063637.827499997802079, 5842702.838799996301532 ], [ -8063903.778199997730553, 5842649.053000001236796 ], [ -8064138.794899999164045, 5842590.779600001871586 ], [ -8064321.231799998320639, 5842541.451499997638166 ], [ -8064704.678599999286234, 5842424.9041 ], [ -8064778.901200000196695, 5842398.001500003971159 ], [ -8064809.826299998909235, 5842389.054600001312792 ], [ -8064945.884799999184906, 5842339.724300004541874 ], [ -8065088.129099998623133, 5842285.93790000025183 ], [ -8065233.461199998855591, 5842223.174600004218519 ], [ -8065490.849309767596424, 5842097.564689615741372 ], [ -8065528.071473832242191, 5842093.831852678209543 ], [ -8066132.116523041389883, 5842038.235401361249387 ], [ -8066335.89586781617254, 5842019.46691772993654 ], [ -8067368.878848740831017, 5840818.154783677309752 ], [ -8067817.494058928452432, 5840291.831933487206697 ], [ -8067938.35810225084424, 5840150.015120134688914 ], [ -8068294.872600000351667, 5839762.527600003406405 ], [ -8068468.041999999433756, 5839556.391600008122623 ], [ -8068504.529499999247491, 5839515.941200003959239 ], [ -8068711.785896805115044, 5839261.245855952613056 ], [ -8069337.496917765587568, 5838580.782080733217299 ], [ -8069450.393917062319815, 5838457.990984247997403 ], [ -8070019.089128012768924, 5837839.385504811070859 ], [ -8070068.971725797280669, 5837785.119800502434373 ], [ -8070072.182402551174164, 5837781.627758482471108 ], [ -8070662.405133226886392, 5837135.139130787923932 ], [ -8070663.083848160691559, 5837134.394646738655865 ], [ -8070683.921632319688797, 5837111.279867360368371 ], [ -8071179.474629716947675, 5836561.531117055565119 ], [ -8071223.318799997679889, 5836532.022799995727837 ], [ -8071436.697999997995794, 5836406.588399996049702 ], [ -8071504.740299998782575, 5836361.798799997195601 ], [ -8071588.222999998368323, 5836312.526700003072619 ], [ -8071888.180499997921288, 5836128.854399997740984 ], [ -8072147.942899999208748, 5835963.127999997697771 ], [ -8072163.410000000149012, 5835949.686300000175834 ], [ -8072203.592499999329448, 5835927.29139999859035 ], [ -8072488.095999998040497, 5835734.674900002777576 ], [ -8073156.058699999004602, 5835215.103200003504753 ], [ -8073765.251199998892844, 5834614.920000000856817 ], [ -8073858.01899999845773, 5834520.867700002156198 ], [ -8073870.382799999788404, 5834502.954900003969669 ], [ -8074040.471899999305606, 5834310.380299999378622 ], [ -8074086.86249999795109, 5834252.155500000342727 ], [ -8074238.389399999752641, 5834050.628600000403821 ], [ -8074423.93099999986589, 5833772.970700002275407 ], [ -8074498.148899998515844, 5833647.571699998341501 ], [ -8074538.348799998871982, 5833575.92440000269562 ], [ -8074587.83149999845773, 5833495.30599999986589 ], [ -8074603.296099998988211, 5833463.953600002452731 ], [ -8074665.134099999442697, 5833356.483900001272559 ], [ -8074764.090899999253452, 5833159.460800000466406 ], [ -8074807.385199998505414, 5833065.421400002203882 ], [ -8075042.404899998567998, 5832653.456700003705919 ], [ -8075150.634299998171628, 5832487.774500002153218 ], [ -8075209.396699998527765, 5832389.266699999570847 ], [ -8075320.732599998824298, 5832228.070200005546212 ], [ -8075654.693699998781085, 5831780.318199996836483 ], [ -8075934.134199999272823, 5831435.710100000724196 ], [ -8076056.707699998281896, 5831274.409200005233288 ], [ -8076093.806699997745454, 5831229.647499998100102 ], [ -8076198.950399997644126, 5831090.851199997588992 ], [ -8076360.918599997647107, 5830889.880700000561774 ], [ -8076626.133499997667968, 5830535.367300003767014 ], [ -8076711.427768968977034, 5830425.151692520827055 ], [ -8077389.968837010674179, 5829654.988296690396965 ], [ -8077395.05357738956809, 5829648.225297865457833 ], [ -8077401.071731703355908, 5829642.171992881223559 ], [ -8077851.210237802006304, 5829103.296884269453585 ], [ -8078325.928954829461873, 5828624.127137502655387 ], [ -8078426.681799998506904, 5828535.917199998162687 ], [ -8078512.034299998544157, 5828463.274000001139939 ], [ -8078567.702399998903275, 5828418.502999997697771 ], [ -8078895.477, 5828141.046099998988211 ], [ -8079003.715699998661876, 5828056.000799998641014 ], [ -8079074.840900000184774, 5828002.297499998472631 ], [ -8079173.784399998374283, 5827921.740500002168119 ], [ -8079393.338999998755753, 5827760.637500002980232 ], [ -8079606.71159999910742, 5827612.952600003220141 ], [ -8079665.463399997912347, 5827568.205400004982948 ], [ -8079767.510199999436736, 5827505.554999997839332 ], [ -8079813.89429999794811, 5827469.751500003039837 ], [ -8079881.930699997581542, 5827429.477700000628829 ], [ -8080089.114499998278916, 5827295.221499999053776 ], [ -8080222.087099999189377, 5827214.65889999922365 ], [ -8080602.432199999690056, 5826999.869000001810491 ], [ -8080766.342699998989701, 5826914.849200002849102 ], [ -8080859.1042, 5826861.161499997600913 ], [ -8081004.439999999478459, 5826794.023800000548363 ], [ -8081378.620999999344349, 5826615.035300001502037 ], [ -8081746.611299999058247, 5826444.987999998033047 ], [ -8081848.639999997802079, 5826400.245599998161197 ], [ -8082001.5976, 5826328.079100005328655 ], [ -8082016.873114760033786, 5826321.201332159340382 ], [ -8082432.373525072820485, 5826628.853612587787211 ], [ -8083551.6724146399647, 5827523.095949220471084 ], [ -8083561.344742556102574, 5827534.207231025211513 ], [ -8083566.658133170567453, 5827532.178399636410177 ], [ -8083604.439745711162686, 5827517.74910900183022 ], [ -8083663.863091772422194, 5827502.459367794916034 ], [ -8083691.360341831110418, 5827498.418797435238957 ], [ -8083705.865605437196791, 5827492.779079391621053 ], [ -8083732.036372445523739, 5827477.118996809236705 ], [ -8083742.26529781986028, 5827467.098640033043921 ], [ -8083755.478587417863309, 5827448.409320355392992 ], [ -8083772.955747472122312, 5827435.555139675736427 ], [ -8083796.17599137686193, 5827425.679181009531021 ], [ -8083825.118836341425776, 5827421.64911768771708 ], [ -8083945.555504751391709, 5827376.590670188888907 ], [ -8084033.989934626035392, 5827348.590986132621765 ], [ -8084071.739932426251471, 5827333.073575582355261 ], [ -8084148.380173571407795, 5827326.677096150815487 ], [ -8084157.064986286684871, 5827325.326399490237236 ], [ -8084178.794550888240337, 5827319.769599530845881 ], [ -8084191.773735600523651, 5827322.796260371804237 ], [ -8084226.272870309650898, 5827339.132868307642639 ], [ -8084237.814475114457309, 5827339.277056674472988 ], [ -8084269.741350351832807, 5827328.030370672233403 ], [ -8084300.053647695109248, 5827329.818948833271861 ], [ -8084340.498245092108846, 5827331.704834284260869 ], [ -8084354.933043462224305, 5827331.867066201753914 ], [ -8084431.75417878292501, 5827309.521298493258655 ], [ -8084460.77717378269881, 5827298.261117722839117 ], [ -8084484.054301945492625, 5827284.017800644040108 ], [ -8084511.648177324794233, 5827271.276470513083041 ], [ -8084536.251009305939078, 5827267.21457932703197 ], [ -8084547.85083420202136, 5827262.993198096752167 ], [ -8084584.085773732513189, 5827253.231493319384754 ], [ -8084607.116106585599482, 5827260.73807948641479 ], [ -8084614.388831561431289, 5827257.919745908118784 ], [ -8084624.716831271536648, 5827237.734710494987667 ], [ -8084629.291060470975935, 5827216.048733061179519 ], [ -8084636.639816656708717, 5827204.54734097328037 ], [ -8084661.374450913630426, 5827188.873109710402787 ], [ -8084687.568817653693259, 5827171.777348570525646 ], [ -8084760.461488140746951, 5827111.704339349642396 ], [ -8084796.479577307589352, 5827085.936404257081449 ], [ -8084814.882804200984538, 5827023.872478728182614 ], [ -8084809.184470790438354, 5827016.572944454848766 ], [ -8084831.337494730949402, 5826973.33648544922471 ], [ -8084833.031554747372866, 5826951.603311947546899 ], [ -8084828.767684292048216, 5826944.324135701172054 ], [ -8084814.361161064356565, 5826939.814061956480145 ], [ -8084808.672846409492195, 5826932.496393276378512 ], [ -8084816.065239830873907, 5826916.647211068309844 ], [ -8084835.121689505875111, 5826890.759667878970504 ], [ -8084852.634026520885527, 5826875.003674037754536 ], [ -8084864.422203997150064, 5826854.835301933810115 ], [ -8084874.77280156686902, 5826833.213414827361703 ], [ -8084889.35721333604306, 5826820.327911366708577 ], [ -8084896.537654449231923, 5826824.758826432749629 ], [ -8084907.934543915092945, 5826839.370149076916277 ], [ -8084915.15038463100791, 5826839.467450574040413 ], [ -8084922.440364119596779, 5826833.746639580465853 ], [ -8084931.278018501587212, 5826817.89554050937295 ], [ -8084928.551581528969109, 5826803.378010450862348 ], [ -8084922.865938539616764, 5826796.065771040506661 ], [ -8084914.237008204683661, 5826791.618922050110996 ], [ -8084878.147451930679381, 5826788.31987189501524 ], [ -8084820.528260855004191, 5826773.189750020392239 ], [ -8084749.82891829777509, 5826763.703896445222199 ], [ -8084730.319286978803575, 5826754.353693910874426 ], [ -8084709.598054321482778, 5826744.418248705565929 ], [ -8084698.132369411177933, 5826735.609179006889462 ], [ -8084676.702365557663143, 5826713.619003472849727 ], [ -8084643.775396013632417, 5826687.167265886440873 ], [ -8084610.692579185590148, 5826673.764386529102921 ], [ -8084554.754423745907843, 5826636.908184154890478 ], [ -8084500.386318396776915, 5826588.466007425449789 ], [ -8084451.873061673715711, 5826532.8591502700001 ], [ -8084430.56550925783813, 5826500.751150729134679 ], [ -8084395.511669524013996, 5826403.247244631871581 ], [ -8084374.370205793529749, 5826355.177815776318312 ], [ -8084342.955845488235354, 5826321.496332691982388 ], [ -8084328.58371998835355, 5826315.533584699966013 ], [ -8084318.420918402262032, 5826319.770460173487663 ], [ -8084314.034930458292365, 5826324.070966562256217 ], [ -8084315.294733138754964, 5826341.469699216075242 ], [ -8084309.282590080052614, 5826363.170119232498109 ], [ -8084310.560315190814435, 5826377.66695030592382 ], [ -8084319.146721479482949, 5826384.996079304255545 ], [ -8084327.775095210410655, 5826389.456254684366286 ], [ -8084324.689541563391685, 5826406.806790074333549 ], [ -8084314.504587391391397, 5826413.944571411237121 ], [ -8084301.466625990346074, 5826415.248413204215467 ], [ -8084288.622249184176326, 5826402.052943924441934 ], [ -8084287.786351128481328, 5826346.978201604448259 ], [ -8084283.846086434088647, 5826310.702144484966993 ], [ -8084285.581445974297822, 5826284.63918536528945 ], [ -8084296.246743752621114, 5826234.024467257782817 ], [ -8084315.438335281796753, 5826198.006446987390518 ], [ -8084349.114707635715604, 5826156.33489019330591 ], [ -8084362.505551823414862, 5826121.717151435092092 ], [ -8084381.717180859297514, 5826082.802862463518977 ], [ -8084399.261355249211192, 5826062.698639289475977 ], [ -8084422.493955615907907, 5826052.806820316240191 ], [ -8084555.986841823905706, 5825999.218125255778432 ], [ -8084618.114806237630546, 5825998.459116975776851 ], [ -8084645.546377792954445, 5826000.199101680889726 ], [ -8084674.409629324451089, 5826003.437935459427536 ], [ -8084704.710238124243915, 5826006.65905162319541 ], [ -8084850.272940121591091, 5826037.246263612993062 ], [ -8084907.812537752091885, 5826059.620220399461687 ], [ -8084958.151211493648589, 5826080.464283157140017 ], [ -8085002.6938132988289, 5826102.709806286729872 ], [ -8085044.345781896263361, 5826124.890791540965438 ], [ -8085100.373215566389263, 5826153.050574979744852 ], [ -8085167.880137770436704, 5826188.585483954288065 ], [ -8085212.405262423679233, 5826212.265086016617715 ], [ -8085233.912188047543168, 5826228.452407178469002 ], [ -8085252.461243475787342, 5826248.941516492515802 ], [ -8085275.370460718870163, 5826268.029235769063234 ], [ -8085283.91723726503551, 5826278.277615919709206 ], [ -8085286.669055076315999, 5826291.339360481128097 ], [ -8085284.96486499439925, 5826315.953212797641754 ], [ -8085293.404106909409165, 5826336.348612139001489 ], [ -8085309.074885584414005, 5826356.803016228601336 ], [ -8085343.453795250505209, 5826383.271483057178557 ], [ -8085352.000349153764546, 5826394.964948121458292 ], [ -8085357.522352496162057, 5826418.212745103985071 ], [ -8085358.547605003230274, 5826455.907464605756104 ], [ -8085366.729030983522534, 5826500.928509735502303 ], [ -8085366.25002321228385, 5826544.409926888532937 ], [ -8085390.296703019179404, 5826592.492629500105977 ], [ -8085395.840524978004396, 5826612.840018516406417 ], [ -8085382.436767732724547, 5826650.390103594399989 ], [ -8085360.5839724522084, 5826667.545425192452967 ], [ -8085338.654255401343107, 5826690.487864611670375 ], [ -8085325.506644303910434, 5826703.390254289843142 ], [ -8085312.56497426237911, 5826725.912172735668719 ], [ -8085346.700539520010352, 5826747.094494889490306 ], [ -8085352.063244665041566, 5826753.974962752312422 ], [ -8085358.101102528162301, 5826761.72308705560863 ], [ -8085368.176629638299346, 5826764.734896946698427 ], [ -8085398.53278686106205, 5826763.6210942203179 ], [ -8085407.270587650127709, 5826757.90274880733341 ], [ -8085418.848259976133704, 5826755.149013296701014 ], [ -8085476.645673554390669, 5826755.778245163150132 ], [ -8085592.150331924669445, 5826761.381407144479454 ], [ -8085605.162801160477102, 5826760.075581083074212 ], [ -8085631.188964145258069, 5826758.918122547678649 ], [ -8085689.210352544672787, 5826737.816801962442696 ], [ -8085696.514135651290417, 5826730.64589562267065 ], [ -8085700.899566989392042, 5826726.34438562206924 ], [ -8085698.069825535640121, 5826720.514265802688897 ], [ -8085763.415702463127673, 5826689.340725122019649 ], [ -8085772.141369429416955, 5826685.089334982447326 ], [ -8085783.775369415059686, 5826677.98693569470197 ], [ -8085788.163583743385971, 5826672.232561135664582 ], [ -8085781.147450196556747, 5826653.303287296555936 ], [ -8085840.713953118771315, 5826622.070863579399884 ], [ -8085843.509630814194679, 5826630.802173873409629 ], [ -8085903.012013711966574, 5826606.814087091945112 ], [ -8085911.561127968132496, 5826617.04530178476125 ], [ -8085920.274883749894798, 5826612.79008028190583 ], [ -8085983.885846414603293, 5826609.149261891841888 ], [ -8085998.388215715996921, 5826604.946882018819451 ], [ -8086028.811053316108882, 5826596.586750434711576 ], [ -8086049.163261852227151, 5826585.213105130940676 ], [ -8086056.452016835100949, 5826579.49133135098964 ], [ -8086076.856990815140307, 5826562.323293719440699 ], [ -8086110.276549105532467, 5826545.311868808232248 ], [ -8086126.259022356942296, 5826536.773628540337086 ], [ -8086140.855011353269219, 5826522.436820051632822 ], [ -8086168.795312982983887, 5826476.36423999350518 ], [ -8086202.470126866362989, 5826436.155495920218527 ], [ -8086240.599278855137527, 5826382.948987142182887 ], [ -8086249.36891701631248, 5826374.345824943855405 ], [ -8086269.773779678158462, 5826357.160950193181634 ], [ -8086313.436400916427374, 5826327.212784440256655 ], [ -8086349.912124507129192, 5826294.27030611410737 ], [ -8086374.64642480108887, 5826278.598497165367007 ], [ -8086428.349284872412682, 5826254.548222683370113 ], [ -8086451.548044112510979, 5826247.54265948664397 ], [ -8086470.426827878691256, 5826237.603274543769658 ], [ -8086487.805692818015814, 5826234.896254723891616 ], [ -8086531.274395503103733, 5826222.331215470097959 ], [ -8086595.461213893257082, 5826165.050920030102134 ], [ -8086605.704944755882025, 5826152.114523622207344 ], [ -8086639.246286570094526, 5826123.490021209232509 ], [ -8086675.867282091639936, 5826076.069501862861216 ], [ -8086689.004874441772699, 5826064.61743663623929 ], [ -8086739.755541608668864, 5826046.315264764241874 ], [ -8086802.13931820821017, 5826022.36323800124228 ], [ -8086816.598384230397642, 5826021.058004543185234 ], [ -8086829.588700891472399, 5826021.205876224674284 ], [ -8086842.612636033445597, 5826019.897582411766052 ], [ -8086854.177951892837882, 5826018.579140735790133 ], [ -8086873.001743825152516, 5826014.423916430212557 ], [ -8086890.380497452802956, 5826010.283835607580841 ], [ -8086900.512463545426726, 5826008.928830195218325 ], [ -8086912.08813211414963, 5826006.159864722751081 ], [ -8086919.358630698174238, 5826003.339515613391995 ], [ -8086925.178302355110645, 5825999.053501639515162 ], [ -8086936.878648752346635, 5825984.68631730414927 ], [ -8086948.600925097241998, 5825970.317384490743279 ], [ -8086952.975113166496158, 5825966.033802744932473 ], [ -8086966.123392179608345, 5825953.114128149114549 ], [ -8086977.831642265431583, 5825938.762321094982326 ], [ -8086985.203664220869541, 5825924.349327548407018 ], [ -8086988.253595632500947, 5825909.884007112123072 ], [ -8086989.84357191901654, 5825895.3995421230793 ], [ -8086989.909807018004358, 5825889.601542536169291 ], [ -8086990.024020816199481, 5825879.453804088756442 ], [ -8086991.58182576764375, 5825869.337165257893503 ], [ -8086998.939376188442111, 5825856.373335985466838 ], [ -8087009.170527948997915, 5825844.904320620000362 ], [ -8087016.438243547454476, 5825840.633846976794302 ], [ -8087023.686589553952217, 5825837.815161548554897 ], [ -8087043.980355362407863, 5825832.228371501900256 ], [ -8087064.272785338573158, 5825825.18754562176764 ], [ -8087075.894651495851576, 5825819.517486976459622 ], [ -8087086.09296400565654, 5825810.932270319201052 ], [ -8087100.573848647996783, 5825808.192843952216208 ], [ -8087115.012209242209792, 5825808.355531091801822 ], [ -8087127.957886788062751, 5825814.298929364420474 ], [ -8087145.222649252973497, 5825820.276479875668883 ], [ -8087149.564665988087654, 5825820.304990432225168 ], [ -8087172.618041979148984, 5825824.915326029993594 ], [ -8087195.708821310661733, 5825828.070818793028593 ], [ -8087205.816297121345997, 5825828.182606047950685 ], [ -8087215.923438963480294, 5825828.281507167965174 ], [ -8087236.18458816409111, 5825825.591203805990517 ], [ -8087255.006821624934673, 5825821.451855879276991 ], [ -8087265.180198574438691, 5825815.765691990964115 ], [ -8087273.899075048975646, 5825811.528736347332597 ], [ -8087289.896576430648565, 5825801.540875316597521 ], [ -8087294.258519358932972, 5825797.240623569115996 ], [ -8087303.030049956403673, 5825788.637871297076344 ], [ -8087308.862300717271864, 5825782.906627285294235 ], [ -8087310.35453849285841, 5825778.570947931148112 ], [ -8087316.276290126144886, 5825765.604191567748785 ], [ -8087322.232662113383412, 5825748.274890191853046 ], [ -8087328.068586423061788, 5825743.989644400775433 ], [ -8087335.269955601543188, 5825745.50375145021826 ], [ -8087349.627943522296846, 5825752.913054193370044 ], [ -8087362.554362796247005, 5825760.307544211857021 ], [ -8087369.711649453267455, 5825767.617797861807048 ], [ -8087375.387496331706643, 5825776.381283285096288 ], [ -8087381.134142402559519, 5825779.331386991776526 ], [ -8087388.335734222084284, 5825780.85838617850095 ], [ -8087395.581297238357365, 5825779.492140689864755 ], [ -8087401.372025829739869, 5825778.104150173254311 ], [ -8087407.170546785928309, 5825776.718414937146008 ], [ -8087414.395515698939562, 5825775.349915027618408 ], [ -8087423.077545423991978, 5825773.98254285659641 ], [ -8087428.843672410584986, 5825775.493755691684783 ], [ -8087436.047935894690454, 5825777.025908652693033 ], [ -8087450.471936274319887, 5825778.637150107882917 ], [ -8087464.909851592965424, 5825780.231156737543643 ], [ -8087472.124467787332833, 5825780.312983274459839 ], [ -8087479.361013932153583, 5825780.39303798507899 ], [ -8087490.936125903390348, 5825777.623338844627142 ], [ -8087503.982770221307874, 5825773.418455586768687 ], [ -8087511.230448309332132, 5825772.031271404586732 ], [ -8087518.421910053119063, 5825773.563584832474589 ], [ -8087524.168778762221336, 5825776.526573659852147 ], [ -8087537.113565749488771, 5825783.917861940339208 ], [ -8087545.716892598196864, 5825788.348417687229812 ], [ -8087551.485691249370575, 5825789.864626353606582 ], [ -8087560.158704095520079, 5825789.943392539396882 ], [ -8087558.799604429863393, 5825781.247706587426364 ], [ -8087555.993128748610616, 5825773.964502373710275 ], [ -8087551.706103838980198, 5825768.117937731556594 ], [ -8087547.433661784976721, 5825763.737969862297177 ], [ -8087541.798891801387072, 5825749.173529244028032 ], [ -8087534.730104133486748, 5825736.047190681099892 ], [ -8087530.43573213648051, 5825731.669010560028255 ], [ -8087526.160395776852965, 5825727.271020391024649 ], [ -8087520.525625793263316, 5825712.706478883512318 ], [ -8087513.457283399999142, 5825698.148243315517902 ], [ -8087504.876888370141387, 5825689.351493215188384 ], [ -8087496.326660925522447, 5825679.123609095811844 ], [ -8087492.063013104721904, 5825671.826475738547742 ], [ -8087492.175557110458612, 5825661.695900438353419 ], [ -8087490.883360459469259, 5825647.185587835498154 ], [ -8087483.689561008475721, 5825644.203313626348972 ], [ -8087467.815178978256881, 5825644.042401317507029 ], [ -8087453.357894070446491, 5825645.332115973345935 ], [ -8087434.557033953256905, 5825646.571414829231799 ], [ -8087417.21111958194524, 5825647.845344661734998 ], [ -8087411.445326549932361, 5825646.347039553336799 ], [ -8087395.592651824466884, 5825643.268604828044772 ], [ -8087378.272340939380229, 5825641.626300942152739 ], [ -8087363.844667012803257, 5825640.013795910403132 ], [ -8087350.854239037260413, 5825638.438982325606048 ], [ -8087335.001564311794937, 5825635.360389289446175 ], [ -8087320.595041084103286, 5825632.317877718247473 ], [ -8087306.1688143145293, 5825629.256521639414132 ], [ -8087291.74414602201432, 5825627.661897985264659 ], [ -8087284.519288427196443, 5825629.030213925987482 ], [ -8087278.697613019496202, 5825631.866228565573692 ], [ -8087265.636942443437874, 5825637.519576095975935 ], [ -8087248.263532150536776, 5825641.674461861141026 ], [ -8087232.310001971200109, 5825647.29801709856838 ], [ -8087226.497343434952199, 5825650.132587949745357 ], [ -8087222.122821407392621, 5825654.445814967155457 ], [ -8087211.892337562516332, 5825665.914904956705868 ], [ -8087204.624844604171813, 5825670.185455115512013 ], [ -8087197.400320974178612, 5825670.121669865213335 ], [ -8087193.101941479369998, 5825667.174018782563508 ], [ -8087188.795769615098834, 5825664.223952569067478 ], [ -8087181.558110281825066, 5825665.592435248196125 ], [ -8087175.749236615374684, 5825668.42813949752599 ], [ -8087159.763201139867306, 5825676.948465784080327 ], [ -8087143.766701629385352, 5825686.918950870633125 ], [ -8087130.699240565299988, 5825694.023774000816047 ], [ -8087117.617975883185863, 5825701.145515670999885 ], [ -8087103.066737324930727, 5825711.113450896926224 ], [ -8087089.952967346645892, 5825721.132135943509638 ], [ -8087086.959029647521675, 5825731.249571323394775 ], [ -8087082.554006076417863, 5825736.981103933416307 ], [ -8087078.178036889992654, 5825741.29823920596391 ], [ -8087073.84704078361392, 5825741.234614514745772 ], [ -8087068.037053920328617, 5825744.087094891816378 ], [ -8087063.625573817640543, 5825751.270085598342121 ], [ -8087053.396314486861229, 5825761.303313026204705 ], [ -8087046.151864669285715, 5825764.123101549223065 ], [ -8087038.946710624732077, 5825762.607541614212096 ], [ -8087025.980327657423913, 5825759.564664022065699 ], [ -8087012.985780862160027, 5825757.987896200269461 ], [ -8087001.43360070232302, 5825759.29341290704906 ], [ -8086995.543129845522344, 5825769.392690476961434 ], [ -8086988.173779554665089, 5825782.339640078134835 ], [ -8086979.447555989958346, 5825788.057675494812429 ], [ -8086970.754728273488581, 5825790.862009263597429 ], [ -8086962.060453406535089, 5825792.199262817390263 ], [ -8086954.825465737842023, 5825793.585644795559347 ], [ -8086949.035850340500474, 5825794.969449762254953 ], [ -8086944.658322687260807, 5825797.819531371816993 ], [ -8086930.142149769701064, 5825804.908497238531709 ], [ -8086915.627201366238296, 5825811.993441886268556 ], [ -8086909.818105056881905, 5825814.828871029429138 ], [ -8086905.430113370530307, 5825819.129453494213521 ], [ -8086892.362207026220858, 5825826.233899840153754 ], [ -8086879.281387618742883, 5825833.338512985035777 ], [ -8086869.08674865309149, 5825841.924556827172637 ], [ -8086858.842683834955096, 5825853.406615569256246 ], [ -8086854.423411367461085, 5825862.058076350949705 ], [ -8086849.914415393956006, 5825877.957875817082822 ], [ -8086846.854576547630131, 5825893.856576392427087 ], [ -8086842.357269121333957, 5825908.302219006232917 ], [ -8086836.579230955801904, 5825909.689746771007776 ], [ -8086830.790840071626008, 5825909.624510088004172 ], [ -8086817.84382669441402, 5825905.129462189972401 ], [ -8086801.970335222780704, 5825903.518197642639279 ], [ -8086788.778641605749726, 5825920.771774850785732 ], [ -8086779.784472025930882, 5825951.104345408268273 ], [ -8086775.276477926410735, 5825967.000439422205091 ], [ -8086766.468768494203687, 5825979.952511337585747 ], [ -8086752.044545480050147, 5825978.339783404953778 ], [ -8086768.675677405670285, 5825908.948948017321527 ], [ -8086770.424172644503415, 5825881.453100449405611 ], [ -8086774.963558837771416, 5825861.206138230860233 ], [ -8086798.563624845817685, 5825816.537087454460561 ], [ -8086841.187189956195652, 5825748.871029839850962 ], [ -8086874.78419151250273, 5825714.446729402989149 ], [ -8086928.65147046931088, 5825674.454718753695488 ], [ -8086970.788235439918935, 5825653.176072106696665 ], [ -8086998.361182755790651, 5825640.43323082011193 ], [ -8087028.81886335555464, 5825629.175501860678196 ], [ -8087092.537026688456535, 5825615.369936457835138 ], [ -8087154.920691970735788, 5825589.955736516974866 ], [ -8087255.295361746102571, 5825557.383576122112572 ], [ -8087310.078577476553619, 5825535.093039070256054 ], [ -8087331.820164584554732, 5825528.102221268229187 ], [ -8087402.775319329462945, 5825511.463575312867761 ], [ -8087436.090793895535171, 5825503.121875260025263 ], [ -8087454.850020527839661, 5825504.780904746614397 ], [ -8087492.431480621919036, 5825502.283179595135152 ], [ -8087506.921716097742319, 5825498.079877172596753 ], [ -8087518.590447760187089, 5825488.059351435862482 ], [ -8087533.104171653278172, 5825480.973539353348315 ], [ -8087551.907146839424968, 5825478.281409026123583 ], [ -8087593.788210947997868, 5825480.184455479495227 ], [ -8087657.35052699316293, 5825480.860467934049666 ], [ -8087668.925082365982234, 5825478.090540654025972 ], [ -8087674.727165546268225, 5825476.705818952061236 ], [ -8087690.600100420415401, 5825476.883157383650541 ], [ -8087706.452329865656793, 5825481.392805621959269 ], [ -8087742.531310793943703, 5825484.679609065875411 ], [ -8087774.346532583236694, 5825480.66943843383342 ], [ -8087791.802764574065804, 5825470.713038414716721 ], [ -8087829.337693112902343, 5825471.114425398409367 ], [ -8087878.498495318926871, 5825467.299639027565718 ], [ -8087907.47228710539639, 5825460.355746315792203 ], [ -8087958.078684220090508, 5825455.10567030031234 ], [ -8087991.331708546727896, 5825452.560282526537776 ], [ -8088018.780200672335923, 5825452.85214117448777 ], [ -8088037.539538621902466, 5825454.50955050252378 ], [ -8088038.8951873825863, 5825461.75882743857801 ], [ -8088043.192565004341304, 5825466.154591374099255 ], [ -8088051.808693593367934, 5825470.584021169692278 ], [ -8088067.707454588264227, 5825470.760070916265249 ], [ -8088164.489399119280279, 5825470.341288354247808 ], [ -8088206.479222364723682, 5825460.647283065132797 ], [ -8088221.025340222753584, 5825450.659335942938924 ], [ -8088258.955452965572476, 5825416.287579834461212 ], [ -8088273.515485758893192, 5825404.850705938413739 ], [ -8088286.559569736942649, 5825402.080319312401116 ], [ -8088308.211322009563446, 5825402.321600626222789 ], [ -8088331.30989371240139, 5825404.013952448964119 ], [ -8088386.235932343639433, 5825401.693109533749521 ], [ -8088415.15773792937398, 5825397.650762833654881 ], [ -8088446.983869025483727, 5825393.641437090933323 ], [ -8088470.059731552377343, 5825396.796614580787718 ], [ -8088519.251369254663587, 5825390.067643047310412 ], [ -8088542.463375520892441, 5825380.176255871541798 ], [ -8088583.250836940482259, 5825347.288371177390218 ], [ -8088602.183944622054696, 5825332.981681893579662 ], [ -8088638.508273699320853, 5825313.091131477616727 ], [ -8088676.300350271165371, 5825291.73427224624902 ], [ -8088682.112340883351862, 5825287.466804423369467 ], [ -8088722.843808606266975, 5825260.35751963686198 ], [ -8088762.296104062348604, 5825218.75674932077527 ], [ -8088820.659465928561985, 5825162.846862448379397 ], [ -8088874.971800213679671, 5825080.820103934966028 ], [ -8088877.901283933781087, 5825076.517948486842215 ], [ -8088883.768489011563361, 5825067.886585315689445 ], [ -8088902.825606600381434, 5825040.55216559022665 ], [ -8088980.22738438565284, 5824961.667553356848657 ], [ -8089039.950291190296412, 5824913.025676892139018 ], [ -8089048.676737396046519, 5824907.323992287740111 ], [ -8089060.308177031576633, 5824900.206273450516164 ], [ -8089079.249744985252619, 5824894.317606815136969 ], [ -8089100.885801216587424, 5824887.594494415447116 ], [ -8089112.527259606868029, 5824879.026612360961735 ], [ -8089145.790747967548668, 5824875.013978905975819 ], [ -8089165.952600184828043, 5824881.025037850253284 ], [ -8089239.299565512686968, 5824912.236160619184375 ], [ -8089269.056823873892426, 5824922.260220128111541 ], [ -8089275.439326879568398, 5824924.412629003636539 ], [ -8088051.456489019095898, 5823151.570712988264859 ], [ -8088429.138499999418855, 5822946.515900001861155 ], [ -8089032.138999997638166, 5822624.472299998626113 ], [ -8089353.748499998822808, 5822458.978000001050532 ], [ -8089565.973027173429728, 5822345.541271182708442 ], [ -8091279.027523383498192, 5821497.857184042222798 ], [ -8092329.397972164675593, 5820977.790418859571218 ] ] ] ] } }
]
}
