{
"type": "FeatureCollection",
"name": "limite",
"crs": { "type": "name", "properties": { "name": "urn:ogc:def:crs:EPSG::3857" } },
"features": [
{ "type": "Feature", "properties": { "level_0": 0, "level_1": 0, "g_objectid": 470, "g_descript": "Municipalité", "g_mus_co_g": "51020", "g_mus_co_d": "M", "g_mus_nm_m": "Yamachiche", "g_mus_co_m": "51", "g_mus_nm_1": "Maskinongé", "g_mus_co_r": "04", "g_mus_nm_r": "Mauricie", "g_mus_nm_a": null, "g_mus_nm_c": null, "g_mus_da_c": "1987-12-26 00:00:00.0000000", "g_mus_co_1": "CORLIM", "g_mus_da_m": "2014-05-23 00:00:00.0000000", "g_mus_co_s": "MRN-BAGQ", "g_mus_co_2": "SDA20K", "g_mus_co_v": "V2025-01", "g_co_inter": "510", "g_mus_va_s": 107.02, "g_shape_le": 0.73891151131402699, "g_shape_ar": 0.012498854468771, "g_dat_acqu": "2025-01-30 00:00:00.0000000", "g_dat_char": "2025-01-31 00:00:00.0000000", "g_oid": 470 }, "geometry": { "type": "MultiPolygon", "coordinates": [ [ [ [ -8100370.006445731967688, 5834576.466451466083527 ], [ -8098640.857905122451484, 5836253.876571674831212 ], [ -8098852.783190383575857, 5836048.281825892627239 ], [ -8098914.660465612076223, 5835988.254700751043856 ], [ -8099036.101899956353009, 5835870.432558703236282 ], [ -8099100.889077252708375, 5835807.577181780710816 ], [ -8099138.946789161302149, 5835770.655887916684151 ], [ -8099156.073355086147785, 5835754.035744327120483 ], [ -8099259.374210584908724, 5835653.809839230962098 ], [ -8099361.233696077018976, 5835554.985896174795926 ], [ -8099446.444066680036485, 5835472.302591119892895 ], [ -8099567.685236536897719, 5835354.665366106666625 ], [ -8099580.095735082402825, 5835342.624248906038702 ], [ -8099641.188984288834035, 5835283.369962620548904 ], [ -8099682.223946800455451, 5835243.579818720929325 ], [ -8099760.632226510904729, 5835167.526723389513791 ], [ -8099843.137078374624252, 5835087.505522917024791 ], [ -8099898.916361047886312, 5835033.411355174146593 ], [ -8099943.977318902499974, 5834989.701028195209801 ], [ -8100124.258442493155599, 5834814.842538363300264 ], [ -8100252.670172093436122, 5834690.281279146671295 ], [ -8100370.006445731967688, 5834576.466451466083527 ] ] ] ] } },
{ "type": "Feature", "properties": { "level_0": 0, "level_1": 1, "g_objectid": 470, "g_descript": "Municipalité", "g_mus_co_g": "51020", "g_mus_co_d": "M", "g_mus_nm_m": "Yamachiche", "g_mus_co_m": "51", "g_mus_nm_1": "Maskinongé", "g_mus_co_r": "04", "g_mus_nm_r": "Mauricie", "g_mus_nm_a": null, "g_mus_nm_c": null, "g_mus_da_c": "1987-12-26 00:00:00.0000000", "g_mus_co_1": "CORLIM", "g_mus_da_m": "2014-05-23 00:00:00.0000000", "g_mus_co_s": "MRN-BAGQ", "g_mus_co_2": "SDA20K", "g_mus_co_v": "V2025-01", "g_co_inter": "510", "g_mus_va_s": 107.02, "g_shape_le": 0.73891151131402699, "g_shape_ar": 0.012498854468771, "g_dat_acqu": "2025-01-30 00:00:00.0000000", "g_dat_char": "2025-01-31 00:00:00.0000000", "g_oid": 470 }, "geometry": { "type": "MultiPolygon", "coordinates": [ [ [ [ -8100669.364029091782868, 5834180.499078533612192 ], [ -8100720.712899998761714, 5834236.253600000403821 ], [ -8100720.710769049823284, 5834236.255667190998793 ], [ -8100669.364029091782868, 5834180.499078533612192 ] ] ] ] } },
{ "type": "Feature", "properties": { "level_0": 0, "level_1": 2, "g_objectid": 470, "g_descript": "Municipalité", "g_mus_co_g": "51020", "g_mus_co_d": "M", "g_mus_nm_m": "Yamachiche", "g_mus_co_m": "51", "g_mus_nm_1": "Maskinongé", "g_mus_co_r": "04", "g_mus_nm_r": "Mauricie", "g_mus_nm_a": null, "g_mus_nm_c": null, "g_mus_da_c": "1987-12-26 00:00:00.0000000", "g_mus_co_1": "CORLIM", "g_mus_da_m": "2014-05-23 00:00:00.0000000", "g_mus_co_s": "MRN-BAGQ", "g_mus_co_2": "SDA20K", "g_mus_co_v": "V2025-01", "g_co_inter": "510", "g_mus_va_s": 107.02, "g_shape_le": 0.73891151131402699, "g_shape_ar": 0.012498854468771, "g_dat_acqu": "2025-01-30 00:00:00.0000000", "g_dat_char": "2025-01-31 00:00:00.0000000", "g_oid": 470 }, "geometry": { "type": "MultiPolygon", "coordinates": [ [ [ [ -8100675.136036821641028, 5833954.680335779674351 ], [ -8100572.940899998880923, 5834075.803000002168119 ], [ -8100655.00970618519932, 5834164.913177800364792 ], [ -8100572.934171824716032, 5834075.800747402012348 ], [ -8100675.136036821641028, 5833954.680335779674351 ] ] ] ] } },
{ "type": "Feature", "properties": { "level_0": 0, "level_1": 3, "g_objectid": 470, "g_descript": "Municipalité", "g_mus_co_g": "51020", "g_mus_co_d": "M", "g_mus_nm_m": "Yamachiche", "g_mus_co_m": "51", "g_mus_nm_1": "Maskinongé", "g_mus_co_r": "04", "g_mus_nm_r": "Mauricie", "g_mus_nm_a": null, "g_mus_nm_c": null, "g_mus_da_c": "1987-12-26 00:00:00.0000000", "g_mus_co_1": "CORLIM", "g_mus_da_m": "2014-05-23 00:00:00.0000000", "g_mus_co_s": "MRN-BAGQ", "g_mus_co_2": "SDA20K", "g_mus_co_v": "V2025-01", "g_co_inter": "510", "g_mus_va_s": 107.02, "g_shape_le": 0.73891151131402699, "g_shape_ar": 0.012498854468771, "g_dat_acqu": "2025-01-30 00:00:00.0000000", "g_dat_char": "2025-01-31 00:00:00.0000000", "g_oid": 470 }, "geometry": { "type": "MultiPolygon", "coordinates": [ [ [ [ -8100864.505782034248114, 5833730.237482853233814 ], [ -8100849.736253093928099, 5833747.742471347562969 ], [ -8100860.974178762175143, 5833734.421884874813259 ], [ -8100864.505782034248114, 5833730.237482853233814 ] ] ] ] } },
{ "type": "Feature", "properties": { "level_0": 0, "level_1": 4, "g_objectid": 470, "g_descript": "Municipalité", "g_mus_co_g": "51020", "g_mus_co_d": "M", "g_mus_nm_m": "Yamachiche", "g_mus_co_m": "51", "g_mus_nm_1": "Maskinongé", "g_mus_co_r": "04", "g_mus_nm_r": "Mauricie", "g_mus_nm_a": null, "g_mus_nm_c": null, "g_mus_da_c": "1987-12-26 00:00:00.0000000", "g_mus_co_1": "CORLIM", "g_mus_da_m": "2014-05-23 00:00:00.0000000", "g_mus_co_s": "MRN-BAGQ", "g_mus_co_2": "SDA20K", "g_mus_co_v": "V2025-01", "g_co_inter": "510", "g_mus_va_s": 107.02, "g_shape_le": 0.73891151131402699, "g_shape_ar": 0.012498854468771, "g_dat_acqu": "2025-01-30 00:00:00.0000000", "g_dat_char": "2025-01-31 00:00:00.0000000", "g_oid": 470 }, "geometry": { "type": "MultiPolygon", "coordinates": [ [ [ [ -8100911.726535802707076, 5833578.152783145196736 ], [ -8100906.599099999293685, 5833587.832199997268617 ], [ -8100920.863799998536706, 5833657.181400001049042 ], [ -8100889.056705833412707, 5833698.695382649078965 ], [ -8100912.985171651467681, 5833667.461742420680821 ], [ -8100920.858271263539791, 5833657.183132875710726 ], [ -8100913.614574343897402, 5833621.952848207205534 ], [ -8100912.800046670250595, 5833618.010865999385715 ], [ -8100909.381301358342171, 5833601.372209158726037 ], [ -8100908.229697041213512, 5833595.785638640634716 ], [ -8100906.596745488233864, 5833587.836083230562508 ], [ -8100911.726535802707076, 5833578.152783145196736 ] ] ] ] } },
{ "type": "Feature", "properties": { "level_0": 0, "level_1": 5, "g_objectid": 470, "g_descript": "Municipalité", "g_mus_co_g": "51020", "g_mus_co_d": "M", "g_mus_nm_m": "Yamachiche", "g_mus_co_m": "51", "g_mus_nm_1": "Maskinongé", "g_mus_co_r": "04", "g_mus_nm_r": "Mauricie", "g_mus_nm_a": null, "g_mus_nm_c": null, "g_mus_da_c": "1987-12-26 00:00:00.0000000", "g_mus_co_1": "CORLIM", "g_mus_da_m": "2014-05-23 00:00:00.0000000", "g_mus_co_s": "MRN-BAGQ", "g_mus_co_2": "SDA20K", "g_mus_co_v": "V2025-01", "g_co_inter": "510", "g_mus_va_s": 107.02, "g_shape_le": 0.73891151131402699, "g_shape_ar": 0.012498854468771, "g_dat_acqu": "2025-01-30 00:00:00.0000000", "g_dat_char": "2025-01-31 00:00:00.0000000", "g_oid": 470 }, "geometry": { "type": "MultiPolygon", "coordinates": [ [ [ [ -8100966.873528619296849, 5832773.958135899156332 ], [ -8101138.16330000013113, 5833185.440700001083314 ], [ -8101083.69359269272536, 5833230.25411375425756 ], [ -8101083.695678548887372, 5833230.249570473097265 ], [ -8101138.159160058014095, 5833185.439367313869298 ], [ -8101084.443525604903698, 5833056.407250862568617 ], [ -8101066.659393060952425, 5833013.678005252033472 ], [ -8100966.873528619296849, 5832773.958135899156332 ] ] ] ] } },
{ "type": "Feature", "properties": { "level_0": 0, "level_1": 6, "g_objectid": 470, "g_descript": "Municipalité", "g_mus_co_g": "51020", "g_mus_co_d": "M", "g_mus_nm_m": "Yamachiche", "g_mus_co_m": "51", "g_mus_nm_1": "Maskinongé", "g_mus_co_r": "04", "g_mus_nm_r": "Mauricie", "g_mus_nm_a": null, "g_mus_nm_c": null, "g_mus_da_c": "1987-12-26 00:00:00.0000000", "g_mus_co_1": "CORLIM", "g_mus_da_m": "2014-05-23 00:00:00.0000000", "g_mus_co_s": "MRN-BAGQ", "g_mus_co_2": "SDA20K", "g_mus_co_v": "V2025-01", "g_co_inter": "510", "g_mus_va_s": 107.02, "g_shape_le": 0.73891151131402699, "g_shape_ar": 0.012498854468771, "g_dat_acqu": "2025-01-30 00:00:00.0000000", "g_dat_char": "2025-01-31 00:00:00.0000000", "g_oid": 470 }, "geometry": { "type": "MultiPolygon", "coordinates": [ [ [ [ -8101320.521725970320404, 5832558.853201235644519 ], [ -8101320.523499999195337, 5832558.854699998162687 ], [ -8100964.401368613354862, 5832768.019159702584147 ], [ -8100964.400046504102647, 5832768.015983543358743 ], [ -8101003.358225047588348, 5832745.138250281102955 ], [ -8101243.156196801923215, 5832604.29362590610981 ], [ -8101320.521725970320404, 5832558.853201235644519 ] ] ] ] } },
{ "type": "Feature", "properties": { "level_0": 0, "level_1": 7, "g_objectid": 470, "g_descript": "Municipalité", "g_mus_co_g": "51020", "g_mus_co_d": "M", "g_mus_nm_m": "Yamachiche", "g_mus_co_m": "51", "g_mus_nm_1": "Maskinongé", "g_mus_co_r": "04", "g_mus_nm_r": "Mauricie", "g_mus_nm_a": null, "g_mus_nm_c": null, "g_mus_da_c": "1987-12-26 00:00:00.0000000", "g_mus_co_1": "CORLIM", "g_mus_da_m": "2014-05-23 00:00:00.0000000", "g_mus_co_s": "MRN-BAGQ", "g_mus_co_2": "SDA20K", "g_mus_co_v": "V2025-01", "g_co_inter": "510", "g_mus_va_s": 107.02, "g_shape_le": 0.73891151131402699, "g_shape_ar": 0.012498854468771, "g_dat_acqu": "2025-01-30 00:00:00.0000000", "g_dat_char": "2025-01-31 00:00:00.0000000", "g_oid": 470 }, "geometry": { "type": "MultiPolygon", "coordinates": [ [ [ [ -8101439.662027271464467, 5831486.374210216104984 ], [ -8101439.66429999936372, 5831486.376500003039837 ], [ -8101349.273299999535084, 5831563.04630000051111 ], [ -8101283.049453027546406, 5831507.570467596873641 ], [ -8101349.266098540276289, 5831563.039818834513426 ], [ -8101402.934978636913002, 5831517.520829864777625 ], [ -8101439.662027271464467, 5831486.374210216104984 ] ] ] ] } },
{ "type": "Feature", "properties": { "level_0": 0, "level_1": 8, "g_objectid": 470, "g_descript": "Municipalité", "g_mus_co_g": "51020", "g_mus_co_d": "M", "g_mus_nm_m": "Yamachiche", "g_mus_co_m": "51", "g_mus_nm_1": "Maskinongé", "g_mus_co_r": "04", "g_mus_nm_r": "Mauricie", "g_mus_nm_a": null, "g_mus_nm_c": null, "g_mus_da_c": "1987-12-26 00:00:00.0000000", "g_mus_co_1": "CORLIM", "g_mus_da_m": "2014-05-23 00:00:00.0000000", "g_mus_co_s": "MRN-BAGQ", "g_mus_co_2": "SDA20K", "g_mus_co_v": "V2025-01", "g_co_inter": "510", "g_mus_va_s": 107.02, "g_shape_le": 0.73891151131402699, "g_shape_ar": 0.012498854468771, "g_dat_acqu": "2025-01-30 00:00:00.0000000", "g_dat_char": "2025-01-31 00:00:00.0000000", "g_oid": 470 }, "geometry": { "type": "MultiPolygon", "coordinates": [ [ [ [ -8101313.893802780658007, 5831359.662010308355093 ], [ -8101337.049684667959809, 5831382.991692716255784 ], [ -8101313.892531950958073, 5831359.663270733319223 ], [ -8101313.893802780658007, 5831359.662010308355093 ] ] ] ] } },
{ "type": "Feature", "properties": { "level_0": 0, "level_1": 9, "g_objectid": 470, "g_descript": "Municipalité", "g_mus_co_g": "51020", "g_mus_co_d": "M", "g_mus_nm_m": "Yamachiche", "g_mus_co_m": "51", "g_mus_nm_1": "Maskinongé", "g_mus_co_r": "04", "g_mus_nm_r": "Mauricie", "g_mus_nm_a": null, "g_mus_nm_c": null, "g_mus_da_c": "1987-12-26 00:00:00.0000000", "g_mus_co_1": "CORLIM", "g_mus_da_m": "2014-05-23 00:00:00.0000000", "g_mus_co_s": "MRN-BAGQ", "g_mus_co_2": "SDA20K", "g_mus_co_v": "V2025-01", "g_co_inter": "510", "g_mus_va_s": 107.02, "g_shape_le": 0.73891151131402699, "g_shape_ar": 0.012498854468771, "g_dat_acqu": "2025-01-30 00:00:00.0000000", "g_dat_char": "2025-01-31 00:00:00.0000000", "g_oid": 470 }, "geometry": { "type": "MultiPolygon", "coordinates": [ [ [ [ -8101726.565548617392778, 5831268.43574660923332 ], [ -8101726.565600000321865, 5831268.4358 ], [ -8101727.139589028432965, 5831272.528918390162289 ], [ -8101726.565548617392778, 5831268.43574660923332 ] ] ] ] } },
{ "type": "Feature", "properties": { "level_0": 0, "level_1": 10, "g_objectid": 470, "g_descript": "Municipalité", "g_mus_co_g": "51020", "g_mus_co_d": "M", "g_mus_nm_m": "Yamachiche", "g_mus_co_m": "51", "g_mus_nm_1": "Maskinongé", "g_mus_co_r": "04", "g_mus_nm_r": "Mauricie", "g_mus_nm_a": null, "g_mus_nm_c": null, "g_mus_da_c": "1987-12-26 00:00:00.0000000", "g_mus_co_1": "CORLIM", "g_mus_da_m": "2014-05-23 00:00:00.0000000", "g_mus_co_s": "MRN-BAGQ", "g_mus_co_2": "SDA20K", "g_mus_co_v": "V2025-01", "g_co_inter": "510", "g_mus_va_s": 107.02, "g_shape_le": 0.73891151131402699, "g_shape_ar": 0.012498854468771, "g_dat_acqu": "2025-01-30 00:00:00.0000000", "g_dat_char": "2025-01-31 00:00:00.0000000", "g_oid": 470 }, "geometry": { "type": "MultiPolygon", "coordinates": [ [ [ [ -8101408.643462878651917, 5831248.932985578663647 ], [ -8101724.469852202571929, 5831524.151798411272466 ], [ -8101408.642299998551607, 5831248.9365000044927 ], [ -8101392.162054192274809, 5831270.642014739103615 ], [ -8101408.643462878651917, 5831248.932985578663647 ] ] ] ] } },
{ "type": "Feature", "properties": { "level_0": 0, "level_1": 11, "g_objectid": 470, "g_descript": "Municipalité", "g_mus_co_g": "51020", "g_mus_co_d": "M", "g_mus_nm_m": "Yamachiche", "g_mus_co_m": "51", "g_mus_nm_1": "Maskinongé", "g_mus_co_r": "04", "g_mus_nm_r": "Mauricie", "g_mus_nm_a": null, "g_mus_nm_c": null, "g_mus_da_c": "1987-12-26 00:00:00.0000000", "g_mus_co_1": "CORLIM", "g_mus_da_m": "2014-05-23 00:00:00.0000000", "g_mus_co_s": "MRN-BAGQ", "g_mus_co_2": "SDA20K", "g_mus_co_v": "V2025-01", "g_co_inter": "510", "g_mus_va_s": 107.02, "g_shape_le": 0.73891151131402699, "g_shape_ar": 0.012498854468771, "g_dat_acqu": "2025-01-30 00:00:00.0000000", "g_dat_char": "2025-01-31 00:00:00.0000000", "g_oid": 470 }, "geometry": { "type": "MultiPolygon", "coordinates": [ [ [ [ -8099619.827191398479044, 5831122.044754726812243 ], [ -8101309.602697378955781, 5832549.628409722819924 ], [ -8101174.067284780554473, 5832435.141288407146931 ], [ -8101086.323162036016583, 5832361.025817010551691 ], [ -8100951.166226010769606, 5832246.855316527187824 ], [ -8100855.034260458312929, 5832165.646833399310708 ], [ -8100739.725995751097798, 5832068.238551099784672 ], [ -8100705.282952171750367, 5832039.144213327206671 ], [ -8100591.076420467346907, 5831942.657717457041144 ], [ -8100458.306294319219887, 5831830.494252468459308 ], [ -8100223.828968290239573, 5831632.388355367816985 ], [ -8100113.586204106919467, 5831539.253567904233932 ], [ -8100014.733023717999458, 5831455.727705080993474 ], [ -8099915.881958399899304, 5831372.201505034230649 ], [ -8099865.801252498291433, 5831329.885297616943717 ], [ -8099815.713867397047579, 5831287.569293229840696 ], [ -8099619.827191398479044, 5831122.044754726812243 ] ] ] ] } },
{ "type": "Feature", "properties": { "level_0": 0, "level_1": 12, "g_objectid": 470, "g_descript": "Municipalité", "g_mus_co_g": "51020", "g_mus_co_d": "M", "g_mus_nm_m": "Yamachiche", "g_mus_co_m": "51", "g_mus_nm_1": "Maskinongé", "g_mus_co_r": "04", "g_mus_nm_r": "Mauricie", "g_mus_nm_a": null, "g_mus_nm_c": null, "g_mus_da_c": "1987-12-26 00:00:00.0000000", "g_mus_co_1": "CORLIM", "g_mus_da_m": "2014-05-23 00:00:00.0000000", "g_mus_co_s": "MRN-BAGQ", "g_mus_co_2": "SDA20K", "g_mus_co_v": "V2025-01", "g_co_inter": "510", "g_mus_va_s": 107.02, "g_shape_le": 0.73891151131402699, "g_shape_ar": 0.012498854468771, "g_dat_acqu": "2025-01-30 00:00:00.0000000", "g_dat_char": "2025-01-31 00:00:00.0000000", "g_oid": 470 }, "geometry": { "type": "MultiPolygon", "coordinates": [ [ [ [ -8100483.870106660760939, 5831082.169876768253744 ], [ -8100483.871099998243153, 5831082.17090000025928 ], [ -8100339.506678796373308, 5831105.727030499838293 ], [ -8100380.424557712860405, 5831099.048491233028471 ], [ -8100483.870106660760939, 5831082.169876768253744 ] ] ] ] } },
{ "type": "Feature", "properties": { "level_0": 0, "level_1": 13, "g_objectid": 470, "g_descript": "Municipalité", "g_mus_co_g": "51020", "g_mus_co_d": "M", "g_mus_nm_m": "Yamachiche", "g_mus_co_m": "51", "g_mus_nm_1": "Maskinongé", "g_mus_co_r": "04", "g_mus_nm_r": "Mauricie", "g_mus_nm_a": null, "g_mus_nm_c": null, "g_mus_da_c": "1987-12-26 00:00:00.0000000", "g_mus_co_1": "CORLIM", "g_mus_da_m": "2014-05-23 00:00:00.0000000", "g_mus_co_s": "MRN-BAGQ", "g_mus_co_2": "SDA20K", "g_mus_co_v": "V2025-01", "g_co_inter": "510", "g_mus_va_s": 107.02, "g_shape_le": 0.73891151131402699, "g_shape_ar": 0.012498854468771, "g_dat_acqu": "2025-01-30 00:00:00.0000000", "g_dat_char": "2025-01-31 00:00:00.0000000", "g_oid": 470 }, "geometry": { "type": "MultiPolygon", "coordinates": [ [ [ [ -8099759.682654665783048, 5831035.562202365137637 ], [ -8099617.060518614947796, 5831119.706912025809288 ], [ -8099617.053495105355978, 5831119.700977152213454 ], [ -8099629.308145800605416, 5831112.471360540017486 ], [ -8099696.173108946532011, 5831073.030921327881515 ], [ -8099740.200906853191555, 5831047.055655415169895 ], [ -8099754.456866630353034, 5831038.64518744405359 ], [ -8099759.682654665783048, 5831035.562202365137637 ] ] ] ] } },
{ "type": "Feature", "properties": { "level_0": 0, "level_1": 14, "g_objectid": 470, "g_descript": "Municipalité", "g_mus_co_g": "51020", "g_mus_co_d": "M", "g_mus_nm_m": "Yamachiche", "g_mus_co_m": "51", "g_mus_nm_1": "Maskinongé", "g_mus_co_r": "04", "g_mus_nm_r": "Mauricie", "g_mus_nm_a": null, "g_mus_nm_c": null, "g_mus_da_c": "1987-12-26 00:00:00.0000000", "g_mus_co_1": "CORLIM", "g_mus_da_m": "2014-05-23 00:00:00.0000000", "g_mus_co_s": "MRN-BAGQ", "g_mus_co_2": "SDA20K", "g_mus_co_v": "V2025-01", "g_co_inter": "510", "g_mus_va_s": 107.02, "g_shape_le": 0.73891151131402699, "g_shape_ar": 0.012498854468771, "g_dat_acqu": "2025-01-30 00:00:00.0000000", "g_dat_char": "2025-01-31 00:00:00.0000000", "g_oid": 470 }, "geometry": { "type": "MultiPolygon", "coordinates": [ [ [ [ -8099958.299514013342559, 5830918.388928048312664 ], [ -8100178.781257502734661, 5831146.048608814366162 ], [ -8100304.345030485652387, 5831113.351059212349355 ], [ -8100178.777999999001622, 5831146.054599998518825 ], [ -8099958.298360117711127, 5830918.389608736149967 ], [ -8099958.299514013342559, 5830918.388928048312664 ] ] ] ] } },
{ "type": "Feature", "properties": { "level_0": 0, "level_1": 15, "g_objectid": 470, "g_descript": "Municipalité", "g_mus_co_g": "51020", "g_mus_co_d": "M", "g_mus_nm_m": "Yamachiche", "g_mus_co_m": "51", "g_mus_nm_1": "Maskinongé", "g_mus_co_r": "04", "g_mus_nm_r": "Mauricie", "g_mus_nm_a": null, "g_mus_nm_c": null, "g_mus_da_c": "1987-12-26 00:00:00.0000000", "g_mus_co_1": "CORLIM", "g_mus_da_m": "2014-05-23 00:00:00.0000000", "g_mus_co_s": "MRN-BAGQ", "g_mus_co_2": "SDA20K", "g_mus_co_v": "V2025-01", "g_co_inter": "510", "g_mus_va_s": 107.02, "g_shape_le": 0.73891151131402699, "g_shape_ar": 0.012498854468771, "g_dat_acqu": "2025-01-30 00:00:00.0000000", "g_dat_char": "2025-01-31 00:00:00.0000000", "g_oid": 470 }, "geometry": { "type": "MultiPolygon", "coordinates": [ [ [ [ -8100510.873685229569674, 5830904.922175294719636 ], [ -8100505.659399998374283, 5830911.02379999961704 ], [ -8100505.659012286923826, 5830911.023421897552907 ], [ -8100510.873685229569674, 5830904.922175294719636 ] ] ] ] } },
{ "type": "Feature", "properties": { "level_0": 0, "level_1": 16, "g_objectid": 470, "g_descript": "Municipalité", "g_mus_co_g": "51020", "g_mus_co_d": "M", "g_mus_nm_m": "Yamachiche", "g_mus_co_m": "51", "g_mus_nm_1": "Maskinongé", "g_mus_co_r": "04", "g_mus_nm_r": "Mauricie", "g_mus_nm_a": null, "g_mus_nm_c": null, "g_mus_da_c": "1987-12-26 00:00:00.0000000", "g_mus_co_1": "CORLIM", "g_mus_da_m": "2014-05-23 00:00:00.0000000", "g_mus_co_s": "MRN-BAGQ", "g_mus_co_2": "SDA20K", "g_mus_co_v": "V2025-01", "g_co_inter": "510", "g_mus_va_s": 107.02, "g_shape_le": 0.73891151131402699, "g_shape_ar": 0.012498854468771, "g_dat_acqu": "2025-01-30 00:00:00.0000000", "g_dat_char": "2025-01-31 00:00:00.0000000", "g_oid": 470 }, "geometry": { "type": "MultiPolygon", "coordinates": [ [ [ [ -8100245.351431741379201, 5830836.472510952502489 ], [ -8100382.042717001400888, 5830977.277790578082204 ], [ -8100245.350888968445361, 5830836.47305762488395 ], [ -8100245.351431741379201, 5830836.472510952502489 ] ] ] ] } },
{ "type": "Feature", "properties": { "level_0": 0, "level_1": 17, "g_objectid": 470, "g_descript": "Municipalité", "g_mus_co_g": "51020", "g_mus_co_d": "M", "g_mus_nm_m": "Yamachiche", "g_mus_co_m": "51", "g_mus_nm_1": "Maskinongé", "g_mus_co_r": "04", "g_mus_nm_r": "Mauricie", "g_mus_nm_a": null, "g_mus_nm_c": null, "g_mus_da_c": "1987-12-26 00:00:00.0000000", "g_mus_co_1": "CORLIM", "g_mus_da_m": "2014-05-23 00:00:00.0000000", "g_mus_co_s": "MRN-BAGQ", "g_mus_co_2": "SDA20K", "g_mus_co_v": "V2025-01", "g_co_inter": "510", "g_mus_va_s": 107.02, "g_shape_le": 0.73891151131402699, "g_shape_ar": 0.012498854468771, "g_dat_acqu": "2025-01-30 00:00:00.0000000", "g_dat_char": "2025-01-31 00:00:00.0000000", "g_oid": 470 }, "geometry": { "type": "MultiPolygon", "coordinates": [ [ [ [ -8100587.95178232435137, 5830814.71819831058383 ], [ -8100587.955948256887496, 5830814.722460547462106 ], [ -8100548.001921229064465, 5830861.475652519613504 ], [ -8100587.95178232435137, 5830814.71819831058383 ] ] ] ] } },
{ "type": "Feature", "properties": { "level_0": 0, "level_1": 18, "g_objectid": 470, "g_descript": "Municipalité", "g_mus_co_g": "51020", "g_mus_co_d": "M", "g_mus_nm_m": "Yamachiche", "g_mus_co_m": "51", "g_mus_nm_1": "Maskinongé", "g_mus_co_r": "04", "g_mus_nm_r": "Mauricie", "g_mus_nm_a": null, "g_mus_nm_c": null, "g_mus_da_c": "1987-12-26 00:00:00.0000000", "g_mus_co_1": "CORLIM", "g_mus_da_m": "2014-05-23 00:00:00.0000000", "g_mus_co_s": "MRN-BAGQ", "g_mus_co_2": "SDA20K", "g_mus_co_v": "V2025-01", "g_co_inter": "510", "g_mus_va_s": 107.02, "g_shape_le": 0.73891151131402699, "g_shape_ar": 0.012498854468771, "g_dat_acqu": "2025-01-30 00:00:00.0000000", "g_dat_char": "2025-01-31 00:00:00.0000000", "g_oid": 470 }, "geometry": { "type": "MultiPolygon", "coordinates": [ [ [ [ -8100335.808100204914808, 5830745.372061504051089 ], [ -8100486.744899800978601, 5830892.578053820878267 ], [ -8100335.803599999286234, 5830745.377500004135072 ], [ -8100284.403801763430238, 5830797.139549567364156 ], [ -8100310.11836263909936, 5830771.240229513496161 ], [ -8100335.808100204914808, 5830745.372061504051089 ] ] ] ] } },
{ "type": "Feature", "properties": { "level_0": 0, "level_1": 19, "g_objectid": 470, "g_descript": "Municipalité", "g_mus_co_g": "51020", "g_mus_co_d": "M", "g_mus_nm_m": "Yamachiche", "g_mus_co_m": "51", "g_mus_nm_1": "Maskinongé", "g_mus_co_r": "04", "g_mus_nm_r": "Mauricie", "g_mus_nm_a": null, "g_mus_nm_c": null, "g_mus_da_c": "1987-12-26 00:00:00.0000000", "g_mus_co_1": "CORLIM", "g_mus_da_m": "2014-05-23 00:00:00.0000000", "g_mus_co_s": "MRN-BAGQ", "g_mus_co_2": "SDA20K", "g_mus_co_v": "V2025-01", "g_co_inter": "510", "g_mus_va_s": 107.02, "g_shape_le": 0.73891151131402699, "g_shape_ar": 0.012498854468771, "g_dat_acqu": "2025-01-30 00:00:00.0000000", "g_dat_char": "2025-01-31 00:00:00.0000000", "g_oid": 470 }, "geometry": { "type": "MultiPolygon", "coordinates": [ [ [ [ -8100279.584769923239946, 5829764.912998443469405 ], [ -8100757.290382823906839, 5830261.344689631834626 ], [ -8100771.388936266303062, 5830275.991894861683249 ], [ -8101012.980605496093631, 5830527.023119973950088 ], [ -8101603.246336299926043, 5831140.310961409471929 ], [ -8101724.665949511341751, 5831266.461919099092484 ], [ -8100279.584769923239946, 5829764.912998443469405 ] ] ] ] } },
{ "type": "Feature", "properties": { "level_0": 0, "level_1": 20, "g_objectid": 470, "g_descript": "Municipalité", "g_mus_co_g": "51020", "g_mus_co_d": "M", "g_mus_nm_m": "Yamachiche", "g_mus_co_m": "51", "g_mus_nm_1": "Maskinongé", "g_mus_co_r": "04", "g_mus_nm_r": "Mauricie", "g_mus_nm_a": null, "g_mus_nm_c": null, "g_mus_da_c": "1987-12-26 00:00:00.0000000", "g_mus_co_1": "CORLIM", "g_mus_da_m": "2014-05-23 00:00:00.0000000", "g_mus_co_s": "MRN-BAGQ", "g_mus_co_2": "SDA20K", "g_mus_co_v": "V2025-01", "g_co_inter": "510", "g_mus_va_s": 107.02, "g_shape_le": 0.73891151131402699, "g_shape_ar": 0.012498854468771, "g_dat_acqu": "2025-01-30 00:00:00.0000000", "g_dat_char": "2025-01-31 00:00:00.0000000", "g_oid": 470 }, "geometry": { "type": "MultiPolygon", "coordinates": [ [ [ [ -8100194.293272416107357, 5829472.187941617332399 ], [ -8100347.447599998675287, 5829632.108800002373755 ], [ -8100347.44334542285651, 5829632.112940047867596 ], [ -8100194.293272416107357, 5829472.187941617332399 ] ] ] ] } },
{ "type": "Feature", "properties": { "level_0": 0, "level_1": 21, "g_objectid": 470, "g_descript": "Municipalité", "g_mus_co_g": "51020", "g_mus_co_d": "M", "g_mus_nm_m": "Yamachiche", "g_mus_co_m": "51", "g_mus_nm_1": "Maskinongé", "g_mus_co_r": "04", "g_mus_nm_r": "Mauricie", "g_mus_nm_a": null, "g_mus_nm_c": null, "g_mus_da_c": "1987-12-26 00:00:00.0000000", "g_mus_co_1": "CORLIM", "g_mus_da_m": "2014-05-23 00:00:00.0000000", "g_mus_co_s": "MRN-BAGQ", "g_mus_co_2": "SDA20K", "g_mus_co_v": "V2025-01", "g_co_inter": "510", "g_mus_va_s": 107.02, "g_shape_le": 0.73891151131402699, "g_shape_ar": 0.012498854468771, "g_dat_acqu": "2025-01-30 00:00:00.0000000", "g_dat_char": "2025-01-31 00:00:00.0000000", "g_oid": 470 }, "geometry": { "type": "MultiPolygon", "coordinates": [ [ [ [ -8098877.926470616832376, 5828076.435530944727361 ], [ -8099586.802799998782575, 5828833.099899997934699 ], [ -8099851.328912163153291, 5829121.363473017700016 ], [ -8099586.803092745132744, 5828833.106702592223883 ], [ -8098888.827459339052439, 5828088.103498094715178 ], [ -8098884.212247796356678, 5828083.177620868198574 ], [ -8098877.926470616832376, 5828076.435530944727361 ] ] ] ] } },
{ "type": "Feature", "properties": { "level_0": 0, "level_1": 22, "g_objectid": 470, "g_descript": "Municipalité", "g_mus_co_g": "51020", "g_mus_co_d": "M", "g_mus_nm_m": "Yamachiche", "g_mus_co_m": "51", "g_mus_nm_1": "Maskinongé", "g_mus_co_r": "04", "g_mus_nm_r": "Mauricie", "g_mus_nm_a": null, "g_mus_nm_c": null, "g_mus_da_c": "1987-12-26 00:00:00.0000000", "g_mus_co_1": "CORLIM", "g_mus_da_m": "2014-05-23 00:00:00.0000000", "g_mus_co_s": "MRN-BAGQ", "g_mus_co_2": "SDA20K", "g_mus_co_v": "V2025-01", "g_co_inter": "510", "g_mus_va_s": 107.02, "g_shape_le": 0.73891151131402699, "g_shape_ar": 0.012498854468771, "g_dat_acqu": "2025-01-30 00:00:00.0000000", "g_dat_char": "2025-01-31 00:00:00.0000000", "g_oid": 470 }, "geometry": { "type": "MultiPolygon", "coordinates": [ [ [ [ -8097395.797673916444182, 5826472.75348013266921 ], [ -8097397.584203063510358, 5826473.671212837100029 ], [ -8098854.276730090379715, 5828053.291242029517889 ], [ -8098823.132245657034218, 5828019.555699953809381 ], [ -8098796.202181817963719, 5827990.369664992205799 ], [ -8097772.956381668336689, 5826881.529745450243354 ], [ -8097642.487683035433292, 5826740.127570507116616 ], [ -8097427.72956329677254, 5826507.363539786078036 ], [ -8097395.797673916444182, 5826472.75348013266921 ] ] ] ] } },
{ "type": "Feature", "properties": { "level_0": 1, "level_1": 0, "g_objectid": 484, "g_descript": "Municipalité", "g_mus_co_g": "51090", "g_mus_co_d": "P", "g_mus_nm_m": "Saint-Étienne-des-Grès", "g_mus_co_m": "51", "g_mus_nm_1": "Maskinongé", "g_mus_co_r": "04", "g_mus_nm_r": "Mauricie", "g_mus_nm_a": null, "g_mus_nm_c": null, "g_mus_da_c": "1859-04-14 00:00:00.0000000", "g_mus_co_1": "CORLIM", "g_mus_da_m": "2014-07-18 00:00:00.0000000", "g_mus_co_s": "MRN-BAGQ", "g_mus_co_2": "SDA20K", "g_mus_co_v": "V2025-01", "g_co_inter": "510", "g_mus_va_s": 105.85, "g_shape_le": 0.59980520174608098, "g_shape_ar": 0.012386705090816999, "g_dat_acqu": "2025-01-30 00:00:00.0000000", "g_dat_char": "2025-01-31 00:00:00.0000000", "g_oid": 484 }, "geometry": { "type": "MultiPolygon", "coordinates": [ [ [ [ -8096312.055106327868998, 5845813.172297575511038 ], [ -8096309.958499999716878, 5845815.19650000333786 ], [ -8095865.479548731818795, 5846237.976730869151652 ], [ -8096309.957364444620907, 5845815.192306117154658 ], [ -8096312.055106327868998, 5845813.172297575511038 ] ] ] ] } },
{ "type": "Feature", "properties": { "level_0": 1, "level_1": 1, "g_objectid": 484, "g_descript": "Municipalité", "g_mus_co_g": "51090", "g_mus_co_d": "P", "g_mus_nm_m": "Saint-Étienne-des-Grès", "g_mus_co_m": "51", "g_mus_nm_1": "Maskinongé", "g_mus_co_r": "04", "g_mus_nm_r": "Mauricie", "g_mus_nm_a": null, "g_mus_nm_c": null, "g_mus_da_c": "1859-04-14 00:00:00.0000000", "g_mus_co_1": "CORLIM", "g_mus_da_m": "2014-07-18 00:00:00.0000000", "g_mus_co_s": "MRN-BAGQ", "g_mus_co_2": "SDA20K", "g_mus_co_v": "V2025-01", "g_co_inter": "510", "g_mus_va_s": 105.85, "g_shape_le": 0.59980520174608098, "g_shape_ar": 0.012386705090816999, "g_dat_acqu": "2025-01-30 00:00:00.0000000", "g_dat_char": "2025-01-31 00:00:00.0000000", "g_oid": 484 }, "geometry": { "type": "MultiPolygon", "coordinates": [ [ [ [ -8097242.555706667713821, 5844913.303612316027284 ], [ -8097178.95789999794215, 5844976.207000002264977 ], [ -8097177.795367592014372, 5844977.329385680146515 ], [ -8097178.953864609822631, 5844976.207157801836729 ], [ -8097242.555706667713821, 5844913.303612316027284 ] ] ] ] } },
{ "type": "Feature", "properties": { "level_0": 1, "level_1": 2, "g_objectid": 484, "g_descript": "Municipalité", "g_mus_co_g": "51090", "g_mus_co_d": "P", "g_mus_nm_m": "Saint-Étienne-des-Grès", "g_mus_co_m": "51", "g_mus_nm_1": "Maskinongé", "g_mus_co_r": "04", "g_mus_nm_r": "Mauricie", "g_mus_nm_a": null, "g_mus_nm_c": null, "g_mus_da_c": "1859-04-14 00:00:00.0000000", "g_mus_co_1": "CORLIM", "g_mus_da_m": "2014-07-18 00:00:00.0000000", "g_mus_co_s": "MRN-BAGQ", "g_mus_co_2": "SDA20K", "g_mus_co_v": "V2025-01", "g_co_inter": "510", "g_mus_va_s": 105.85, "g_shape_le": 0.59980520174608098, "g_shape_ar": 0.012386705090816999, "g_dat_acqu": "2025-01-30 00:00:00.0000000", "g_dat_char": "2025-01-31 00:00:00.0000000", "g_oid": 484 }, "geometry": { "type": "MultiPolygon", "coordinates": [ [ [ [ -8097349.727072625420988, 5844793.172948279418051 ], [ -8097356.905999999493361, 5844800.201900003477931 ], [ -8097356.904122147709131, 5844800.203757349401712 ], [ -8097349.727072625420988, 5844793.172948279418051 ] ] ] ] } },
{ "type": "Feature", "properties": { "level_0": 1, "level_1": 3, "g_objectid": 484, "g_descript": "Municipalité", "g_mus_co_g": "51090", "g_mus_co_d": "P", "g_mus_nm_m": "Saint-Étienne-des-Grès", "g_mus_co_m": "51", "g_mus_nm_1": "Maskinongé", "g_mus_co_r": "04", "g_mus_nm_r": "Mauricie", "g_mus_nm_a": null, "g_mus_nm_c": null, "g_mus_da_c": "1859-04-14 00:00:00.0000000", "g_mus_co_1": "CORLIM", "g_mus_da_m": "2014-07-18 00:00:00.0000000", "g_mus_co_s": "MRN-BAGQ", "g_mus_co_2": "SDA20K", "g_mus_co_v": "V2025-01", "g_co_inter": "510", "g_mus_va_s": 105.85, "g_shape_le": 0.59980520174608098, "g_shape_ar": 0.012386705090816999, "g_dat_acqu": "2025-01-30 00:00:00.0000000", "g_dat_char": "2025-01-31 00:00:00.0000000", "g_oid": 484 }, "geometry": { "type": "MultiPolygon", "coordinates": [ [ [ [ -8095523.129399999044836, 5843004.734900006093085 ], [ -8097347.955508573912084, 5844791.438394141383469 ], [ -8097302.339166977442801, 5844746.790905346162617 ], [ -8097216.209182720631361, 5844662.473108422011137 ], [ -8097160.240878860466182, 5844607.684293725527823 ], [ -8097018.14760014321655, 5844468.577619263902307 ], [ -8096896.791325512342155, 5844349.777163280174136 ], [ -8096833.641997842118144, 5844287.946949527598917 ], [ -8096798.664062158204615, 5844253.703964277170599 ], [ -8096745.550668342970312, 5844201.700942580588162 ], [ -8096463.36998409871012, 5843925.429505964741111 ], [ -8096327.430580521002412, 5843792.326926733367145 ], [ -8096191.495963701978326, 5843659.231685110367835 ], [ -8096143.457421280443668, 5843612.19707599375397 ], [ -8096054.426329227164388, 5843525.01736331358552 ], [ -8095917.368828620761633, 5843390.80992844235152 ], [ -8095782.186956931836903, 5843258.434608329087496 ], [ -8095637.786350739188492, 5843117.028240350075066 ], [ -8095523.123863838613033, 5843004.740319458767772 ], [ -8095523.129399999044836, 5843004.734900006093085 ] ] ] ] } },
{ "type": "Feature", "properties": { "level_0": 1, "level_1": 4, "g_objectid": 484, "g_descript": "Municipalité", "g_mus_co_g": "51090", "g_mus_co_d": "P", "g_mus_nm_m": "Saint-Étienne-des-Grès", "g_mus_co_m": "51", "g_mus_nm_1": "Maskinongé", "g_mus_co_r": "04", "g_mus_nm_r": "Mauricie", "g_mus_nm_a": null, "g_mus_nm_c": null, "g_mus_da_c": "1859-04-14 00:00:00.0000000", "g_mus_co_1": "CORLIM", "g_mus_da_m": "2014-07-18 00:00:00.0000000", "g_mus_co_s": "MRN-BAGQ", "g_mus_co_2": "SDA20K", "g_mus_co_v": "V2025-01", "g_co_inter": "510", "g_mus_va_s": 105.85, "g_shape_le": 0.59980520174608098, "g_shape_ar": 0.012386705090816999, "g_dat_acqu": "2025-01-30 00:00:00.0000000", "g_dat_char": "2025-01-31 00:00:00.0000000", "g_oid": 484 }, "geometry": { "type": "MultiPolygon", "coordinates": [ [ [ [ -8093049.989642173051834, 5840532.458415487781167 ], [ -8095518.2007, 5843009.559700001962483 ], [ -8095520.818561160936952, 5843006.997024952434003 ], [ -8095518.198058690875769, 5843009.565037512220442 ], [ -8095488.830757063813508, 5842980.106130202300847 ], [ -8095372.140678491443396, 5842863.024526415392756 ], [ -8095366.319315880537033, 5842857.176119536161423 ], [ -8095312.312245942652225, 5842802.985338598489761 ], [ -8095192.844735979102552, 5842683.121058061718941 ], [ -8095103.307472361251712, 5842593.272212093695998 ], [ -8095093.100551144219935, 5842583.033539333380759 ], [ -8095002.101100696250796, 5842491.721172038465738 ], [ -8094963.748613705858588, 5842453.239224828779697 ], [ -8094911.103765328414738, 5842400.408944310620427 ], [ -8094824.194319155998528, 5842313.199264851398766 ], [ -8094821.974266484379768, 5842310.972883642651141 ], [ -8094726.772378660738468, 5842215.441552117466927 ], [ -8094686.179244812577963, 5842174.705739972181618 ], [ -8094671.887773985974491, 5842160.364245962351561 ], [ -8094577.675742677412927, 5842065.815218769013882 ], [ -8094550.68923965189606, 5842038.733597345650196 ], [ -8094416.630029112100601, 5841904.197982447221875 ], [ -8094281.66589913982898, 5841768.748492648825049 ], [ -8094277.804323286749423, 5841764.872737773694098 ], [ -8094167.593173954635859, 5841654.25743072014302 ], [ -8094046.225544698536396, 5841532.448522693477571 ], [ -8094004.930538902059197, 5841491.005061267875135 ], [ -8093876.192419368773699, 5841361.795471519231796 ], [ -8093743.157797142863274, 5841228.263034447096288 ], [ -8093732.07590154837817, 5841217.144768066704273 ], [ -8093623.698858816176653, 5841108.357570399530232 ], [ -8093498.155731595121324, 5840982.343245143070817 ], [ -8093469.126508488319814, 5840953.199785650707781 ], [ -8093459.240077248774469, 5840943.284273887053132 ], [ -8093437.023186469450593, 5840920.978285697288811 ], [ -8093392.205462581478059, 5840875.996174866333604 ], [ -8093371.630317621864378, 5840855.339374992996454 ], [ -8093335.08132425416261, 5840818.651057062670588 ], [ -8093244.992804512381554, 5840728.211482691578567 ], [ -8093202.951176181435585, 5840686.012173045426607 ], [ -8093186.422509417869151, 5840669.416802110150456 ], [ -8093139.419130708090961, 5840622.235513988882303 ], [ -8093050.021239598281682, 5840532.490130611695349 ], [ -8093049.989642173051834, 5840532.458415487781167 ] ] ] ] } },
{ "type": "Feature", "properties": { "level_0": 1, "level_1": 5, "g_objectid": 484, "g_descript": "Municipalité", "g_mus_co_g": "51090", "g_mus_co_d": "P", "g_mus_nm_m": "Saint-Étienne-des-Grès", "g_mus_co_m": "51", "g_mus_nm_1": "Maskinongé", "g_mus_co_r": "04", "g_mus_nm_r": "Mauricie", "g_mus_nm_a": null, "g_mus_nm_c": null, "g_mus_da_c": "1859-04-14 00:00:00.0000000", "g_mus_co_1": "CORLIM", "g_mus_da_m": "2014-07-18 00:00:00.0000000", "g_mus_co_s": "MRN-BAGQ", "g_mus_co_2": "SDA20K", "g_mus_co_v": "V2025-01", "g_co_inter": "510", "g_mus_va_s": 105.85, "g_shape_le": 0.59980520174608098, "g_shape_ar": 0.012386705090816999, "g_dat_acqu": "2025-01-30 00:00:00.0000000", "g_dat_char": "2025-01-31 00:00:00.0000000", "g_oid": 484 }, "geometry": { "type": "MultiPolygon", "coordinates": [ [ [ [ -8091856.572066161781549, 5839331.461531278677285 ], [ -8091971.716, 5839454.966400003060699 ], [ -8092898.110299998894334, 5840379.987900003790855 ], [ -8092987.849700000137091, 5840465.140100000426173 ], [ -8093003.900133011862636, 5840483.254902989603579 ], [ -8092987.848744003102183, 5840465.141114702448249 ], [ -8092928.476500384509563, 5840408.809328843839467 ], [ -8092914.05556452460587, 5840395.123505334369838 ], [ -8092898.107097056694329, 5840379.992550469003618 ], [ -8092776.387919570319355, 5840258.454079114831984 ], [ -8092657.338081858120859, 5840139.588411561213434 ], [ -8092640.116671382449567, 5840122.393567273393273 ], [ -8092513.615859103389084, 5839996.08841626252979 ], [ -8092502.872042031958699, 5839985.357781937345862 ], [ -8092369.90610418561846, 5839852.587853834033012 ], [ -8092366.617714473977685, 5839849.304229525849223 ], [ -8092303.53707117587328, 5839786.323671315796673 ], [ -8092242.921273001469672, 5839725.795154615305364 ], [ -8092110.572270013391972, 5839593.629442323930562 ], [ -8092098.474135089665651, 5839581.545588493347168 ], [ -8091971.721071932464838, 5839454.972321195527911 ], [ -8091964.665950916707516, 5839447.407405654899776 ], [ -8091856.572066161781549, 5839331.461531278677285 ] ] ] ] } },
{ "type": "Feature", "properties": { "level_0": 1, "level_1": 6, "g_objectid": 484, "g_descript": "Municipalité", "g_mus_co_g": "51090", "g_mus_co_d": "P", "g_mus_nm_m": "Saint-Étienne-des-Grès", "g_mus_co_m": "51", "g_mus_nm_1": "Maskinongé", "g_mus_co_r": "04", "g_mus_nm_r": "Mauricie", "g_mus_nm_a": null, "g_mus_nm_c": null, "g_mus_da_c": "1859-04-14 00:00:00.0000000", "g_mus_co_1": "CORLIM", "g_mus_da_m": "2014-07-18 00:00:00.0000000", "g_mus_co_s": "MRN-BAGQ", "g_mus_co_2": "SDA20K", "g_mus_co_v": "V2025-01", "g_co_inter": "510", "g_mus_va_s": 105.85, "g_shape_le": 0.59980520174608098, "g_shape_ar": 0.012386705090816999, "g_dat_acqu": "2025-01-30 00:00:00.0000000", "g_dat_char": "2025-01-31 00:00:00.0000000", "g_oid": 484 }, "geometry": { "type": "MultiPolygon", "coordinates": [ [ [ [ -8093495.232359820976853, 5837630.38493852969259 ], [ -8093495.233926931396127, 5837630.386486905626953 ], [ -8093450.120249937288463, 5837675.954858098179102 ], [ -8093495.232359820976853, 5837630.38493852969259 ] ] ] ] } },
{ "type": "Feature", "properties": { "level_0": 2, "level_1": 0, "g_objectid": 486, "g_descript": "Territoire non organisé", "g_mus_co_g": "51990", "g_mus_co_d": "G", "g_mus_nm_m": "TNO aquatique de la MRC de Maskinongé", "g_mus_co_m": "51", "g_mus_nm_1": "Maskinongé", "g_mus_co_r": "04", "g_mus_nm_r": "Mauricie", "g_mus_nm_a": null, "g_mus_nm_c": null, "g_mus_da_c": null, "g_mus_co_1": "CORLIM", "g_mus_da_m": "2014-05-23 00:00:00.0000000", "g_mus_co_s": "MRN-DGIG", "g_mus_co_2": "SDA20K", "g_mus_co_v": "V2025-01", "g_co_inter": "510", "g_mus_va_s": 137.65, "g_shape_le": 1.050293291421297, "g_shape_ar": 0.016024940694609999, "g_dat_acqu": "2025-01-30 00:00:00.0000000", "g_dat_char": "2025-01-31 00:00:00.0000000", "g_oid": 486 }, "geometry": { "type": "MultiPolygon", "coordinates": [ [ [ [ -8092191.57109999936074, 5820828.332600004971027 ], [ -8097397.584203063510358, 5826473.671212837100029 ], [ -8097395.797673916444182, 5826472.75348013266921 ], [ -8092191.569854486733675, 5820828.333367164246738 ], [ -8092191.57109999936074, 5820828.332600004971027 ] ] ] ] } },
{ "type": "Feature", "properties": { "level_0": 3, "level_1": 0, "g_objectid": 8792, "g_descript": "Municipalité", "g_mus_co_g": "37230", "g_mus_co_d": "P", "g_mus_nm_m": "Saint-Maurice", "g_mus_co_m": "372", "g_mus_nm_1": "Les Chenaux", "g_mus_co_r": "04", "g_mus_nm_r": "Mauricie", "g_mus_nm_a": null, "g_mus_nm_c": null, "g_mus_da_c": "1855-05-30 00:00:00.0000000", "g_mus_co_1": "ANNPAR", "g_mus_da_m": "2011-01-01 00:00:00.0000000", "g_mus_co_s": "MRN-BAGQ", "g_mus_co_2": "SDA20K", "g_mus_co_v": "V2025-01", "g_co_inter": "372", "g_mus_va_s": 91.07, "g_shape_le": 0.526189911754262, "g_shape_ar": 0.010668259431867, "g_dat_acqu": "2025-01-30 00:00:00.0000000", "g_dat_char": "2025-01-31 00:00:00.0000000", "g_oid": 8792 }, "geometry": { "type": "MultiPolygon", "coordinates": [ [ [ [ -8080241.961829277686775, 5854593.679388424381614 ], [ -8080254.803024496883154, 5854606.7746572624892 ], [ -8080301.256816886365414, 5854654.175740593113005 ], [ -8081446.974205697886646, 5855828.146187078207731 ], [ -8081447.568319984711707, 5855828.753418632782996 ], [ -8081470.650055032223463, 5855852.397337592206895 ], [ -8081470.678150018677115, 5855852.428771952167153 ], [ -8081470.67439999897033, 5855852.43259999807924 ], [ -8080241.9605, 5854593.681500003673136 ], [ -8080228.917778327129781, 5854606.653033629059792 ], [ -8080241.961829277686775, 5854593.679388424381614 ] ] ] ] } },
{ "type": "Feature", "properties": { "level_0": 3, "level_1": 1, "g_objectid": 8792, "g_descript": "Municipalité", "g_mus_co_g": "37230", "g_mus_co_d": "P", "g_mus_nm_m": "Saint-Maurice", "g_mus_co_m": "372", "g_mus_nm_1": "Les Chenaux", "g_mus_co_r": "04", "g_mus_nm_r": "Mauricie", "g_mus_nm_a": null, "g_mus_nm_c": null, "g_mus_da_c": "1855-05-30 00:00:00.0000000", "g_mus_co_1": "ANNPAR", "g_mus_da_m": "2011-01-01 00:00:00.0000000", "g_mus_co_s": "MRN-BAGQ", "g_mus_co_2": "SDA20K", "g_mus_co_v": "V2025-01", "g_co_inter": "372", "g_mus_va_s": 91.07, "g_shape_le": 0.526189911754262, "g_shape_ar": 0.010668259431867, "g_dat_acqu": "2025-01-30 00:00:00.0000000", "g_dat_char": "2025-01-31 00:00:00.0000000", "g_oid": 8792 }, "geometry": { "type": "MultiPolygon", "coordinates": [ [ [ [ -8079133.513277219608426, 5853560.501244307495654 ], [ -8080187.953535093925893, 5854647.393691297620535 ], [ -8080187.948699999600649, 5854647.398500001989305 ], [ -8079133.513277219608426, 5853560.501244307495654 ] ] ] ] } },
{ "type": "Feature", "properties": { "level_0": 3, "level_1": 2, "g_objectid": 8792, "g_descript": "Municipalité", "g_mus_co_g": "37230", "g_mus_co_d": "P", "g_mus_nm_m": "Saint-Maurice", "g_mus_co_m": "372", "g_mus_nm_1": "Les Chenaux", "g_mus_co_r": "04", "g_mus_nm_r": "Mauricie", "g_mus_nm_a": null, "g_mus_nm_c": null, "g_mus_da_c": "1855-05-30 00:00:00.0000000", "g_mus_co_1": "ANNPAR", "g_mus_da_m": "2011-01-01 00:00:00.0000000", "g_mus_co_s": "MRN-BAGQ", "g_mus_co_2": "SDA20K", "g_mus_co_v": "V2025-01", "g_co_inter": "372", "g_mus_va_s": 91.07, "g_shape_le": 0.526189911754262, "g_shape_ar": 0.010668259431867, "g_dat_acqu": "2025-01-30 00:00:00.0000000", "g_dat_char": "2025-01-31 00:00:00.0000000", "g_oid": 8792 }, "geometry": { "type": "MultiPolygon", "coordinates": [ [ [ [ -8078594.126310640014708, 5852823.905301465652883 ], [ -8079044.31370921432972, 5853285.5354771791026 ], [ -8079044.117478584870696, 5853285.735695567913353 ], [ -8079044.311899999156594, 5853285.537299996241927 ], [ -8078594.126310640014708, 5852823.905301465652883 ] ] ] ] } },
{ "type": "Feature", "properties": { "level_0": 3, "level_1": 3, "g_objectid": 8792, "g_descript": "Municipalité", "g_mus_co_g": "37230", "g_mus_co_d": "P", "g_mus_nm_m": "Saint-Maurice", "g_mus_co_m": "372", "g_mus_nm_1": "Les Chenaux", "g_mus_co_r": "04", "g_mus_nm_r": "Mauricie", "g_mus_nm_a": null, "g_mus_nm_c": null, "g_mus_da_c": "1855-05-30 00:00:00.0000000", "g_mus_co_1": "ANNPAR", "g_mus_da_m": "2011-01-01 00:00:00.0000000", "g_mus_co_s": "MRN-BAGQ", "g_mus_co_2": "SDA20K", "g_mus_co_v": "V2025-01", "g_co_inter": "372", "g_mus_va_s": 91.07, "g_shape_le": 0.526189911754262, "g_shape_ar": 0.010668259431867, "g_dat_acqu": "2025-01-30 00:00:00.0000000", "g_dat_char": "2025-01-31 00:00:00.0000000", "g_oid": 8792 }, "geometry": { "type": "MultiPolygon", "coordinates": [ [ [ [ -8069903.590100444853306, 5851986.033351629972458 ], [ -8069631.052078840322793, 5852254.284341702237725 ], [ -8069638.32344366889447, 5852247.109141242690384 ], [ -8069729.947064773179591, 5852156.789285575039685 ], [ -8069903.590100444853306, 5851986.033351629972458 ] ] ] ] } },
{ "type": "Feature", "properties": { "level_0": 3, "level_1": 4, "g_objectid": 8792, "g_descript": "Municipalité", "g_mus_co_g": "37230", "g_mus_co_d": "P", "g_mus_nm_m": "Saint-Maurice", "g_mus_co_m": "372", "g_mus_nm_1": "Les Chenaux", "g_mus_co_r": "04", "g_mus_nm_r": "Mauricie", "g_mus_nm_a": null, "g_mus_nm_c": null, "g_mus_da_c": "1855-05-30 00:00:00.0000000", "g_mus_co_1": "ANNPAR", "g_mus_da_m": "2011-01-01 00:00:00.0000000", "g_mus_co_s": "MRN-BAGQ", "g_mus_co_2": "SDA20K", "g_mus_co_v": "V2025-01", "g_co_inter": "372", "g_mus_va_s": 91.07, "g_shape_le": 0.526189911754262, "g_shape_ar": 0.010668259431867, "g_dat_acqu": "2025-01-30 00:00:00.0000000", "g_dat_char": "2025-01-31 00:00:00.0000000", "g_oid": 8792 }, "geometry": { "type": "MultiPolygon", "coordinates": [ [ [ [ -8069976.92040401417762, 5851913.713508040644228 ], [ -8069974.591099998913705, 5851916.149199998006225 ], [ -8069944.840775842778385, 5851945.43155063316226 ], [ -8069974.587785935029387, 5851916.144050827249885 ], [ -8069976.92040401417762, 5851913.713508040644228 ] ] ] ] } },
{ "type": "Feature", "properties": { "level_0": 3, "level_1": 5, "g_objectid": 8792, "g_descript": "Municipalité", "g_mus_co_g": "37230", "g_mus_co_d": "P", "g_mus_nm_m": "Saint-Maurice", "g_mus_co_m": "372", "g_mus_nm_1": "Les Chenaux", "g_mus_co_r": "04", "g_mus_nm_r": "Mauricie", "g_mus_nm_a": null, "g_mus_nm_c": null, "g_mus_da_c": "1855-05-30 00:00:00.0000000", "g_mus_co_1": "ANNPAR", "g_mus_da_m": "2011-01-01 00:00:00.0000000", "g_mus_co_s": "MRN-BAGQ", "g_mus_co_2": "SDA20K", "g_mus_co_v": "V2025-01", "g_co_inter": "372", "g_mus_va_s": 91.07, "g_shape_le": 0.526189911754262, "g_shape_ar": 0.010668259431867, "g_dat_acqu": "2025-01-30 00:00:00.0000000", "g_dat_char": "2025-01-31 00:00:00.0000000", "g_oid": 8792 }, "geometry": { "type": "MultiPolygon", "coordinates": [ [ [ [ -8070285.942494596354663, 5851590.577233883552253 ], [ -8070199.226823356002569, 5851681.253531048074365 ], [ -8070200.375480918213725, 5851680.000376633368433 ], [ -8070285.942494596354663, 5851590.577233883552253 ] ] ] ] } },
{ "type": "Feature", "properties": { "level_0": 3, "level_1": 6, "g_objectid": 8792, "g_descript": "Municipalité", "g_mus_co_g": "37230", "g_mus_co_d": "P", "g_mus_nm_m": "Saint-Maurice", "g_mus_co_m": "372", "g_mus_nm_1": "Les Chenaux", "g_mus_co_r": "04", "g_mus_nm_r": "Mauricie", "g_mus_nm_a": null, "g_mus_nm_c": null, "g_mus_da_c": "1855-05-30 00:00:00.0000000", "g_mus_co_1": "ANNPAR", "g_mus_da_m": "2011-01-01 00:00:00.0000000", "g_mus_co_s": "MRN-BAGQ", "g_mus_co_2": "SDA20K", "g_mus_co_v": "V2025-01", "g_co_inter": "372", "g_mus_va_s": 91.07, "g_shape_le": 0.526189911754262, "g_shape_ar": 0.010668259431867, "g_dat_acqu": "2025-01-30 00:00:00.0000000", "g_dat_char": "2025-01-31 00:00:00.0000000", "g_oid": 8792 }, "geometry": { "type": "MultiPolygon", "coordinates": [ [ [ [ -8067604.612500155344605, 5851332.140720574185252 ], [ -8067617.900513854809105, 5851345.508288180455565 ], [ -8067903.299233628436923, 5851623.457065887749195 ], [ -8069089.404600031673908, 5852782.187865146435797 ], [ -8067617.895699999295175, 5851345.508900002576411 ], [ -8067604.612500155344605, 5851332.140720574185252 ] ] ] ] } },
{ "type": "Feature", "properties": { "level_0": 3, "level_1": 7, "g_objectid": 8792, "g_descript": "Municipalité", "g_mus_co_g": "37230", "g_mus_co_d": "P", "g_mus_nm_m": "Saint-Maurice", "g_mus_co_m": "372", "g_mus_nm_1": "Les Chenaux", "g_mus_co_r": "04", "g_mus_nm_r": "Mauricie", "g_mus_nm_a": null, "g_mus_nm_c": null, "g_mus_da_c": "1855-05-30 00:00:00.0000000", "g_mus_co_1": "ANNPAR", "g_mus_da_m": "2011-01-01 00:00:00.0000000", "g_mus_co_s": "MRN-BAGQ", "g_mus_co_2": "SDA20K", "g_mus_co_v": "V2025-01", "g_co_inter": "372", "g_mus_va_s": 91.07, "g_shape_le": 0.526189911754262, "g_shape_ar": 0.010668259431867, "g_dat_acqu": "2025-01-30 00:00:00.0000000", "g_dat_char": "2025-01-31 00:00:00.0000000", "g_oid": 8792 }, "geometry": { "type": "MultiPolygon", "coordinates": [ [ [ [ -8071152.531743188388646, 5850731.692841744981706 ], [ -8071152.176399999298155, 5850732.0472 ], [ -8071108.257699999026954, 5850777.84880000166595 ], [ -8070641.194699998013675, 5851241.614700003527105 ], [ -8070486.462799999862909, 5851402.948999999091029 ], [ -8070473.602889262139797, 5851414.933352087624371 ], [ -8070486.457036944106221, 5851402.945905813015997 ], [ -8070641.18957659509033, 5851241.611305222846568 ], [ -8070729.257417594082654, 5851153.68950285948813 ], [ -8070789.415579674765468, 5851093.774683729745448 ], [ -8070909.133782042190433, 5850974.204567578621209 ], [ -8071108.258135658688843, 5850777.846853067167103 ], [ -8071152.180624940432608, 5850732.041753709316254 ], [ -8071152.531743188388646, 5850731.692841744981706 ] ] ] ] } },
{ "type": "Feature", "properties": { "level_0": 3, "level_1": 8, "g_objectid": 8792, "g_descript": "Municipalité", "g_mus_co_g": "37230", "g_mus_co_d": "P", "g_mus_nm_m": "Saint-Maurice", "g_mus_co_m": "372", "g_mus_nm_1": "Les Chenaux", "g_mus_co_r": "04", "g_mus_nm_r": "Mauricie", "g_mus_nm_a": null, "g_mus_nm_c": null, "g_mus_da_c": "1855-05-30 00:00:00.0000000", "g_mus_co_1": "ANNPAR", "g_mus_da_m": "2011-01-01 00:00:00.0000000", "g_mus_co_s": "MRN-BAGQ", "g_mus_co_2": "SDA20K", "g_mus_co_v": "V2025-01", "g_co_inter": "372", "g_mus_va_s": 91.07, "g_shape_le": 0.526189911754262, "g_shape_ar": 0.010668259431867, "g_dat_acqu": "2025-01-30 00:00:00.0000000", "g_dat_char": "2025-01-31 00:00:00.0000000", "g_oid": 8792 }, "geometry": { "type": "MultiPolygon", "coordinates": [ [ [ [ -8076695.912265903316438, 5850710.855342149734497 ], [ -8076603.104802721180022, 5850810.311525536701083 ], [ -8077497.893454755656421, 5851701.717317739501595 ], [ -8077498.575485684908926, 5851702.415559088811278 ], [ -8077497.897499998100102, 5851701.724399995990098 ], [ -8076603.097699998877943, 5850810.310100003145635 ], [ -8076695.912265903316438, 5850710.855342149734497 ] ] ] ] } },
{ "type": "Feature", "properties": { "level_0": 3, "level_1": 9, "g_objectid": 8792, "g_descript": "Municipalité", "g_mus_co_g": "37230", "g_mus_co_d": "P", "g_mus_nm_m": "Saint-Maurice", "g_mus_co_m": "372", "g_mus_nm_1": "Les Chenaux", "g_mus_co_r": "04", "g_mus_nm_r": "Mauricie", "g_mus_nm_a": null, "g_mus_nm_c": null, "g_mus_da_c": "1855-05-30 00:00:00.0000000", "g_mus_co_1": "ANNPAR", "g_mus_da_m": "2011-01-01 00:00:00.0000000", "g_mus_co_s": "MRN-BAGQ", "g_mus_co_2": "SDA20K", "g_mus_co_v": "V2025-01", "g_co_inter": "372", "g_mus_va_s": 91.07, "g_shape_le": 0.526189911754262, "g_shape_ar": 0.010668259431867, "g_dat_acqu": "2025-01-30 00:00:00.0000000", "g_dat_char": "2025-01-31 00:00:00.0000000", "g_oid": 8792 }, "geometry": { "type": "MultiPolygon", "coordinates": [ [ [ [ -8071688.230842125602067, 5850197.478584224358201 ], [ -8071631.51320452708751, 5850254.039012863300741 ], [ -8071652.525929046794772, 5850233.066815853118896 ], [ -8071688.230842125602067, 5850197.478584224358201 ] ] ] ] } },
{ "type": "Feature", "properties": { "level_0": 3, "level_1": 10, "g_objectid": 8792, "g_descript": "Municipalité", "g_mus_co_g": "37230", "g_mus_co_d": "P", "g_mus_nm_m": "Saint-Maurice", "g_mus_co_m": "372", "g_mus_nm_1": "Les Chenaux", "g_mus_co_r": "04", "g_mus_nm_r": "Mauricie", "g_mus_nm_a": null, "g_mus_nm_c": null, "g_mus_da_c": "1855-05-30 00:00:00.0000000", "g_mus_co_1": "ANNPAR", "g_mus_da_m": "2011-01-01 00:00:00.0000000", "g_mus_co_s": "MRN-BAGQ", "g_mus_co_2": "SDA20K", "g_mus_co_v": "V2025-01", "g_co_inter": "372", "g_mus_va_s": 91.07, "g_shape_le": 0.526189911754262, "g_shape_ar": 0.010668259431867, "g_dat_acqu": "2025-01-30 00:00:00.0000000", "g_dat_char": "2025-01-31 00:00:00.0000000", "g_oid": 8792 }, "geometry": { "type": "MultiPolygon", "coordinates": [ [ [ [ -8071868.053377503529191, 5850018.154477810487151 ], [ -8071770.534407295286655, 5850115.403146640397608 ], [ -8071833.012660477310419, 5850053.03532953094691 ], [ -8071868.053377503529191, 5850018.154477810487151 ] ] ] ] } },
{ "type": "Feature", "properties": { "level_0": 3, "level_1": 11, "g_objectid": 8792, "g_descript": "Municipalité", "g_mus_co_g": "37230", "g_mus_co_d": "P", "g_mus_nm_m": "Saint-Maurice", "g_mus_co_m": "372", "g_mus_nm_1": "Les Chenaux", "g_mus_co_r": "04", "g_mus_nm_r": "Mauricie", "g_mus_nm_a": null, "g_mus_nm_c": null, "g_mus_da_c": "1855-05-30 00:00:00.0000000", "g_mus_co_1": "ANNPAR", "g_mus_da_m": "2011-01-01 00:00:00.0000000", "g_mus_co_s": "MRN-BAGQ", "g_mus_co_2": "SDA20K", "g_mus_co_v": "V2025-01", "g_co_inter": "372", "g_mus_va_s": 91.07, "g_shape_le": 0.526189911754262, "g_shape_ar": 0.010668259431867, "g_dat_acqu": "2025-01-30 00:00:00.0000000", "g_dat_char": "2025-01-31 00:00:00.0000000", "g_oid": 8792 }, "geometry": { "type": "MultiPolygon", "coordinates": [ [ [ [ -8075890.810844264924526, 5849855.527472408488393 ], [ -8076700.373901003971696, 5850692.789937032386661 ], [ -8076706.681842879392207, 5850699.314233428798616 ], [ -8076706.676102299243212, 5850699.320385263301432 ], [ -8075890.810844264924526, 5849855.527472408488393 ] ] ] ] } },
{ "type": "Feature", "properties": { "level_0": 3, "level_1": 12, "g_objectid": 8792, "g_descript": "Municipalité", "g_mus_co_g": "37230", "g_mus_co_d": "P", "g_mus_nm_m": "Saint-Maurice", "g_mus_co_m": "372", "g_mus_nm_1": "Les Chenaux", "g_mus_co_r": "04", "g_mus_nm_r": "Mauricie", "g_mus_nm_a": null, "g_mus_nm_c": null, "g_mus_da_c": "1855-05-30 00:00:00.0000000", "g_mus_co_1": "ANNPAR", "g_mus_da_m": "2011-01-01 00:00:00.0000000", "g_mus_co_s": "MRN-BAGQ", "g_mus_co_2": "SDA20K", "g_mus_co_v": "V2025-01", "g_co_inter": "372", "g_mus_va_s": 91.07, "g_shape_le": 0.526189911754262, "g_shape_ar": 0.010668259431867, "g_dat_acqu": "2025-01-30 00:00:00.0000000", "g_dat_char": "2025-01-31 00:00:00.0000000", "g_oid": 8792 }, "geometry": { "type": "MultiPolygon", "coordinates": [ [ [ [ -8075512.353143489919603, 5849465.686936588957906 ], [ -8075525.622469222173095, 5849479.076396366581321 ], [ -8075512.352499998174608, 5849465.687599999830127 ], [ -8075512.353143489919603, 5849465.686936588957906 ] ] ] ] } },
{ "type": "Feature", "properties": { "level_0": 3, "level_1": 13, "g_objectid": 8792, "g_descript": "Municipalité", "g_mus_co_g": "37230", "g_mus_co_d": "P", "g_mus_nm_m": "Saint-Maurice", "g_mus_co_m": "372", "g_mus_nm_1": "Les Chenaux", "g_mus_co_r": "04", "g_mus_nm_r": "Mauricie", "g_mus_nm_a": null, "g_mus_nm_c": null, "g_mus_da_c": "1855-05-30 00:00:00.0000000", "g_mus_co_1": "ANNPAR", "g_mus_da_m": "2011-01-01 00:00:00.0000000", "g_mus_co_s": "MRN-BAGQ", "g_mus_co_2": "SDA20K", "g_mus_co_v": "V2025-01", "g_co_inter": "372", "g_mus_va_s": 91.07, "g_shape_le": 0.526189911754262, "g_shape_ar": 0.010668259431867, "g_dat_acqu": "2025-01-30 00:00:00.0000000", "g_dat_char": "2025-01-31 00:00:00.0000000", "g_oid": 8792 }, "geometry": { "type": "MultiPolygon", "coordinates": [ [ [ [ -8075616.633890827186406, 5849358.177939440123737 ], [ -8075591.467552590183914, 5849385.332108413800597 ], [ -8075560.132115211337805, 5849416.531875351443887 ], [ -8075543.439585561864078, 5849434.236185661517084 ], [ -8075512.651379765942693, 5849465.379467723891139 ], [ -8075616.633890827186406, 5849358.177939440123737 ] ] ] ] } },
{ "type": "Feature", "properties": { "level_0": 3, "level_1": 14, "g_objectid": 8792, "g_descript": "Municipalité", "g_mus_co_g": "37230", "g_mus_co_d": "P", "g_mus_nm_m": "Saint-Maurice", "g_mus_co_m": "372", "g_mus_nm_1": "Les Chenaux", "g_mus_co_r": "04", "g_mus_nm_r": "Mauricie", "g_mus_nm_a": null, "g_mus_nm_c": null, "g_mus_da_c": "1855-05-30 00:00:00.0000000", "g_mus_co_1": "ANNPAR", "g_mus_da_m": "2011-01-01 00:00:00.0000000", "g_mus_co_s": "MRN-BAGQ", "g_mus_co_2": "SDA20K", "g_mus_co_v": "V2025-01", "g_co_inter": "372", "g_mus_va_s": 91.07, "g_shape_le": 0.526189911754262, "g_shape_ar": 0.010668259431867, "g_dat_acqu": "2025-01-30 00:00:00.0000000", "g_dat_char": "2025-01-31 00:00:00.0000000", "g_oid": 8792 }, "geometry": { "type": "MultiPolygon", "coordinates": [ [ [ [ -8075170.866491826251149, 5848864.849632802419364 ], [ -8075179.103148652240634, 5848880.0878717424348 ], [ -8075179.685473098419607, 5848880.725600965321064 ], [ -8075179.100399998947978, 5848880.086700002662838 ], [ -8075170.866491826251149, 5848864.849632802419364 ] ] ] ] } },
{ "type": "Feature", "properties": { "level_0": 3, "level_1": 15, "g_objectid": 8792, "g_descript": "Municipalité", "g_mus_co_g": "37230", "g_mus_co_d": "P", "g_mus_nm_m": "Saint-Maurice", "g_mus_co_m": "372", "g_mus_nm_1": "Les Chenaux", "g_mus_co_r": "04", "g_mus_nm_r": "Mauricie", "g_mus_nm_a": null, "g_mus_nm_c": null, "g_mus_da_c": "1855-05-30 00:00:00.0000000", "g_mus_co_1": "ANNPAR", "g_mus_da_m": "2011-01-01 00:00:00.0000000", "g_mus_co_s": "MRN-BAGQ", "g_mus_co_2": "SDA20K", "g_mus_co_v": "V2025-01", "g_co_inter": "372", "g_mus_va_s": 91.07, "g_shape_le": 0.526189911754262, "g_shape_ar": 0.010668259431867, "g_dat_acqu": "2025-01-30 00:00:00.0000000", "g_dat_char": "2025-01-31 00:00:00.0000000", "g_oid": 8792 }, "geometry": { "type": "MultiPolygon", "coordinates": [ [ [ [ -8075096.966900806874037, 5848740.962924749590456 ], [ -8075097.04045941401273, 5848741.010425159707665 ], [ -8075129.8538908502087, 5848792.476314276456833 ], [ -8075097.034999999217689, 5848741.010300002060831 ], [ -8075096.966900806874037, 5848740.962924749590456 ] ] ] ] } },
{ "type": "Feature", "properties": { "level_0": 3, "level_1": 16, "g_objectid": 8792, "g_descript": "Municipalité", "g_mus_co_g": "37230", "g_mus_co_d": "P", "g_mus_nm_m": "Saint-Maurice", "g_mus_co_m": "372", "g_mus_nm_1": "Les Chenaux", "g_mus_co_r": "04", "g_mus_nm_r": "Mauricie", "g_mus_nm_a": null, "g_mus_nm_c": null, "g_mus_da_c": "1855-05-30 00:00:00.0000000", "g_mus_co_1": "ANNPAR", "g_mus_da_m": "2011-01-01 00:00:00.0000000", "g_mus_co_s": "MRN-BAGQ", "g_mus_co_2": "SDA20K", "g_mus_co_v": "V2025-01", "g_co_inter": "372", "g_mus_va_s": 91.07, "g_shape_le": 0.526189911754262, "g_shape_ar": 0.010668259431867, "g_dat_acqu": "2025-01-30 00:00:00.0000000", "g_dat_char": "2025-01-31 00:00:00.0000000", "g_oid": 8792 }, "geometry": { "type": "MultiPolygon", "coordinates": [ [ [ [ -8074910.50024077296257, 5848589.288392611779273 ], [ -8074919.392607954330742, 5848598.818018067628145 ], [ -8074979.221708424389362, 5848662.958012004382908 ], [ -8074999.458827022463083, 5848674.824283321388066 ], [ -8074979.2226, 5848662.960900002159178 ], [ -8074910.50024077296257, 5848589.288392611779273 ] ] ] ] } },
{ "type": "Feature", "properties": { "level_0": 3, "level_1": 17, "g_objectid": 8792, "g_descript": "Municipalité", "g_mus_co_g": "37230", "g_mus_co_d": "P", "g_mus_nm_m": "Saint-Maurice", "g_mus_co_m": "372", "g_mus_nm_1": "Les Chenaux", "g_mus_co_r": "04", "g_mus_nm_r": "Mauricie", "g_mus_nm_a": null, "g_mus_nm_c": null, "g_mus_da_c": "1855-05-30 00:00:00.0000000", "g_mus_co_1": "ANNPAR", "g_mus_da_m": "2011-01-01 00:00:00.0000000", "g_mus_co_s": "MRN-BAGQ", "g_mus_co_2": "SDA20K", "g_mus_co_v": "V2025-01", "g_co_inter": "372", "g_mus_va_s": 91.07, "g_shape_le": 0.526189911754262, "g_shape_ar": 0.010668259431867, "g_dat_acqu": "2025-01-30 00:00:00.0000000", "g_dat_char": "2025-01-31 00:00:00.0000000", "g_oid": 8792 }, "geometry": { "type": "MultiPolygon", "coordinates": [ [ [ [ -8074900.162458744831383, 5848578.000014786608517 ], [ -8074900.05981370806694, 5848578.095929943025112 ], [ -8074900.058199998922646, 5848578.09419999923557 ], [ -8074900.162458744831383, 5848578.000014786608517 ] ] ] ] } },
{ "type": "Feature", "properties": { "level_0": 3, "level_1": 18, "g_objectid": 8792, "g_descript": "Municipalité", "g_mus_co_g": "37230", "g_mus_co_d": "P", "g_mus_nm_m": "Saint-Maurice", "g_mus_co_m": "372", "g_mus_nm_1": "Les Chenaux", "g_mus_co_r": "04", "g_mus_nm_r": "Mauricie", "g_mus_nm_a": null, "g_mus_nm_c": null, "g_mus_da_c": "1855-05-30 00:00:00.0000000", "g_mus_co_1": "ANNPAR", "g_mus_da_m": "2011-01-01 00:00:00.0000000", "g_mus_co_s": "MRN-BAGQ", "g_mus_co_2": "SDA20K", "g_mus_co_v": "V2025-01", "g_co_inter": "372", "g_mus_va_s": 91.07, "g_shape_le": 0.526189911754262, "g_shape_ar": 0.010668259431867, "g_dat_acqu": "2025-01-30 00:00:00.0000000", "g_dat_char": "2025-01-31 00:00:00.0000000", "g_oid": 8792 }, "geometry": { "type": "MultiPolygon", "coordinates": [ [ [ [ -8074936.617406303063035, 5848523.336133061908185 ], [ -8074947.619771213270724, 5848535.127279952168465 ], [ -8074947.618104006163776, 5848535.128775502555072 ], [ -8074936.617406303063035, 5848523.336133061908185 ] ] ] ] } },
{ "type": "Feature", "properties": { "level_0": 3, "level_1": 19, "g_objectid": 8792, "g_descript": "Municipalité", "g_mus_co_g": "37230", "g_mus_co_d": "P", "g_mus_nm_m": "Saint-Maurice", "g_mus_co_m": "372", "g_mus_nm_1": "Les Chenaux", "g_mus_co_r": "04", "g_mus_nm_r": "Mauricie", "g_mus_nm_a": null, "g_mus_nm_c": null, "g_mus_da_c": "1855-05-30 00:00:00.0000000", "g_mus_co_1": "ANNPAR", "g_mus_da_m": "2011-01-01 00:00:00.0000000", "g_mus_co_s": "MRN-BAGQ", "g_mus_co_2": "SDA20K", "g_mus_co_v": "V2025-01", "g_co_inter": "372", "g_mus_va_s": 91.07, "g_shape_le": 0.526189911754262, "g_shape_ar": 0.010668259431867, "g_dat_acqu": "2025-01-30 00:00:00.0000000", "g_dat_char": "2025-01-31 00:00:00.0000000", "g_oid": 8792 }, "geometry": { "type": "MultiPolygon", "coordinates": [ [ [ [ -8074908.541781734675169, 5848489.997957048937678 ], [ -8074908.547155812382698, 5848490.003717491403222 ], [ -8074907.661519261077046, 5848490.803201444447041 ], [ -8074908.541781734675169, 5848489.997957048937678 ] ] ] ] } },
{ "type": "Feature", "properties": { "level_0": 3, "level_1": 20, "g_objectid": 8792, "g_descript": "Municipalité", "g_mus_co_g": "37230", "g_mus_co_d": "P", "g_mus_nm_m": "Saint-Maurice", "g_mus_co_m": "372", "g_mus_nm_1": "Les Chenaux", "g_mus_co_r": "04", "g_mus_nm_r": "Mauricie", "g_mus_nm_a": null, "g_mus_nm_c": null, "g_mus_da_c": "1855-05-30 00:00:00.0000000", "g_mus_co_1": "ANNPAR", "g_mus_da_m": "2011-01-01 00:00:00.0000000", "g_mus_co_s": "MRN-BAGQ", "g_mus_co_2": "SDA20K", "g_mus_co_v": "V2025-01", "g_co_inter": "372", "g_mus_va_s": 91.07, "g_shape_le": 0.526189911754262, "g_shape_ar": 0.010668259431867, "g_dat_acqu": "2025-01-30 00:00:00.0000000", "g_dat_char": "2025-01-31 00:00:00.0000000", "g_oid": 8792 }, "geometry": { "type": "MultiPolygon", "coordinates": [ [ [ [ -8074883.235250181518495, 5848466.111893052235246 ], [ -8074885.791588054038584, 5848468.851360105909407 ], [ -8074887.435894234105945, 5848467.374680993147194 ], [ -8074887.436326210387051, 5848467.375144022516906 ], [ -8074885.790499999187887, 5848468.853300005197525 ], [ -8074883.235250181518495, 5848466.111893052235246 ] ] ] ] } },
{ "type": "Feature", "properties": { "level_0": 3, "level_1": 21, "g_objectid": 8792, "g_descript": "Municipalité", "g_mus_co_g": "37230", "g_mus_co_d": "P", "g_mus_nm_m": "Saint-Maurice", "g_mus_co_m": "372", "g_mus_nm_1": "Les Chenaux", "g_mus_co_r": "04", "g_mus_nm_r": "Mauricie", "g_mus_nm_a": null, "g_mus_nm_c": null, "g_mus_da_c": "1855-05-30 00:00:00.0000000", "g_mus_co_1": "ANNPAR", "g_mus_da_m": "2011-01-01 00:00:00.0000000", "g_mus_co_s": "MRN-BAGQ", "g_mus_co_2": "SDA20K", "g_mus_co_v": "V2025-01", "g_co_inter": "372", "g_mus_va_s": 91.07, "g_shape_le": 0.526189911754262, "g_shape_ar": 0.010668259431867, "g_dat_acqu": "2025-01-30 00:00:00.0000000", "g_dat_char": "2025-01-31 00:00:00.0000000", "g_oid": 8792 }, "geometry": { "type": "MultiPolygon", "coordinates": [ [ [ [ -8073804.700351303443313, 5848165.456761687062681 ], [ -8073042.83532693516463, 5848885.936868431046605 ], [ -8073226.628101919777691, 5848711.674132567830384 ], [ -8073319.153636815957725, 5848624.254004118032753 ], [ -8073504.191570858471096, 5848449.421196065843105 ], [ -8073608.841512166894972, 5848350.531454687006772 ], [ -8073624.914769236929715, 5848335.344355350360274 ], [ -8073689.221155905164778, 5848274.580394145101309 ], [ -8073804.700351303443313, 5848165.456761687062681 ] ] ] ] } },
{ "type": "Feature", "properties": { "level_0": 3, "level_1": 22, "g_objectid": 8792, "g_descript": "Municipalité", "g_mus_co_g": "37230", "g_mus_co_d": "P", "g_mus_nm_m": "Saint-Maurice", "g_mus_co_m": "372", "g_mus_nm_1": "Les Chenaux", "g_mus_co_r": "04", "g_mus_nm_r": "Mauricie", "g_mus_nm_a": null, "g_mus_nm_c": null, "g_mus_da_c": "1855-05-30 00:00:00.0000000", "g_mus_co_1": "ANNPAR", "g_mus_da_m": "2011-01-01 00:00:00.0000000", "g_mus_co_s": "MRN-BAGQ", "g_mus_co_2": "SDA20K", "g_mus_co_v": "V2025-01", "g_co_inter": "372", "g_mus_va_s": 91.07, "g_shape_le": 0.526189911754262, "g_shape_ar": 0.010668259431867, "g_dat_acqu": "2025-01-30 00:00:00.0000000", "g_dat_char": "2025-01-31 00:00:00.0000000", "g_oid": 8792 }, "geometry": { "type": "MultiPolygon", "coordinates": [ [ [ [ -8074627.776973525062203, 5848057.945643004961312 ], [ -8074559.909824416972697, 5848119.231301047839224 ], [ -8074559.907399998046458, 5848119.228700005449355 ], [ -8074627.776973525062203, 5848057.945643004961312 ] ] ] ] } },
{ "type": "Feature", "properties": { "level_0": 3, "level_1": 23, "g_objectid": 8792, "g_descript": "Municipalité", "g_mus_co_g": "37230", "g_mus_co_d": "P", "g_mus_nm_m": "Saint-Maurice", "g_mus_co_m": "372", "g_mus_nm_1": "Les Chenaux", "g_mus_co_r": "04", "g_mus_nm_r": "Mauricie", "g_mus_nm_a": null, "g_mus_nm_c": null, "g_mus_da_c": "1855-05-30 00:00:00.0000000", "g_mus_co_1": "ANNPAR", "g_mus_da_m": "2011-01-01 00:00:00.0000000", "g_mus_co_s": "MRN-BAGQ", "g_mus_co_2": "SDA20K", "g_mus_co_v": "V2025-01", "g_co_inter": "372", "g_mus_va_s": 91.07, "g_shape_le": 0.526189911754262, "g_shape_ar": 0.010668259431867, "g_dat_acqu": "2025-01-30 00:00:00.0000000", "g_dat_char": "2025-01-31 00:00:00.0000000", "g_oid": 8792 }, "geometry": { "type": "MultiPolygon", "coordinates": [ [ [ [ -8074590.432409311644733, 5848002.769855498336256 ], [ -8074620.552567391656339, 5848035.140001110732555 ], [ -8074635.38449630420655, 5848051.075868075713515 ], [ -8074635.378028745763004, 5848051.081708435900509 ], [ -8074590.434099999256432, 5848002.771999998949468 ], [ -8074586.75518231280148, 5848006.081405921839178 ], [ -8074590.432409311644733, 5848002.769855498336256 ] ] ] ] } },
{ "type": "Feature", "properties": { "level_0": 3, "level_1": 24, "g_objectid": 8792, "g_descript": "Municipalité", "g_mus_co_g": "37230", "g_mus_co_d": "P", "g_mus_nm_m": "Saint-Maurice", "g_mus_co_m": "372", "g_mus_nm_1": "Les Chenaux", "g_mus_co_r": "04", "g_mus_nm_r": "Mauricie", "g_mus_nm_a": null, "g_mus_nm_c": null, "g_mus_da_c": "1855-05-30 00:00:00.0000000", "g_mus_co_1": "ANNPAR", "g_mus_da_m": "2011-01-01 00:00:00.0000000", "g_mus_co_s": "MRN-BAGQ", "g_mus_co_2": "SDA20K", "g_mus_co_v": "V2025-01", "g_co_inter": "372", "g_mus_va_s": 91.07, "g_shape_le": 0.526189911754262, "g_shape_ar": 0.010668259431867, "g_dat_acqu": "2025-01-30 00:00:00.0000000", "g_dat_char": "2025-01-31 00:00:00.0000000", "g_oid": 8792 }, "geometry": { "type": "MultiPolygon", "coordinates": [ [ [ [ -8074499.746924072504044, 5848001.113892984576523 ], [ -8074425.034632341004908, 5848068.352038665674627 ], [ -8074425.028899999335408, 5848068.345899998210371 ], [ -8074499.746924072504044, 5848001.113892984576523 ] ] ] ] } },
{ "type": "Feature", "properties": { "level_0": 3, "level_1": 25, "g_objectid": 8792, "g_descript": "Municipalité", "g_mus_co_g": "37230", "g_mus_co_d": "P", "g_mus_nm_m": "Saint-Maurice", "g_mus_co_m": "372", "g_mus_nm_1": "Les Chenaux", "g_mus_co_r": "04", "g_mus_nm_r": "Mauricie", "g_mus_nm_a": null, "g_mus_nm_c": null, "g_mus_da_c": "1855-05-30 00:00:00.0000000", "g_mus_co_1": "ANNPAR", "g_mus_da_m": "2011-01-01 00:00:00.0000000", "g_mus_co_s": "MRN-BAGQ", "g_mus_co_2": "SDA20K", "g_mus_co_v": "V2025-01", "g_co_inter": "372", "g_mus_va_s": 91.07, "g_shape_le": 0.526189911754262, "g_shape_ar": 0.010668259431867, "g_dat_acqu": "2025-01-30 00:00:00.0000000", "g_dat_char": "2025-01-31 00:00:00.0000000", "g_oid": 8792 }, "geometry": { "type": "MultiPolygon", "coordinates": [ [ [ [ -8074552.099403296597302, 5847977.803802939131856 ], [ -8074582.216602895408869, 5848010.164128853939474 ], [ -8074582.213299999013543, 5848010.167100003920496 ], [ -8074552.096199998632073, 5847977.81040000077337 ], [ -8074486.394258839078248, 5848036.944255641661584 ], [ -8074502.823985516093671, 5848022.154625918716192 ], [ -8074552.099403296597302, 5847977.803802939131856 ] ] ] ] } },
{ "type": "Feature", "properties": { "level_0": 3, "level_1": 26, "g_objectid": 8792, "g_descript": "Municipalité", "g_mus_co_g": "37230", "g_mus_co_d": "P", "g_mus_nm_m": "Saint-Maurice", "g_mus_co_m": "372", "g_mus_nm_1": "Les Chenaux", "g_mus_co_r": "04", "g_mus_nm_r": "Mauricie", "g_mus_nm_a": null, "g_mus_nm_c": null, "g_mus_da_c": "1855-05-30 00:00:00.0000000", "g_mus_co_1": "ANNPAR", "g_mus_da_m": "2011-01-01 00:00:00.0000000", "g_mus_co_s": "MRN-BAGQ", "g_mus_co_2": "SDA20K", "g_mus_co_v": "V2025-01", "g_co_inter": "372", "g_mus_va_s": 91.07, "g_shape_le": 0.526189911754262, "g_shape_ar": 0.010668259431867, "g_dat_acqu": "2025-01-30 00:00:00.0000000", "g_dat_char": "2025-01-31 00:00:00.0000000", "g_oid": 8792 }, "geometry": { "type": "MultiPolygon", "coordinates": [ [ [ [ -8074326.125466643832624, 5847965.893217478878796 ], [ -8074351.247030941769481, 5847991.912387403659523 ], [ -8074355.155020885169506, 5847995.963653308339417 ], [ -8074326.125466643832624, 5847965.893217478878796 ] ] ] ] } },
{ "type": "Feature", "properties": { "level_0": 3, "level_1": 27, "g_objectid": 8792, "g_descript": "Municipalité", "g_mus_co_g": "37230", "g_mus_co_d": "P", "g_mus_nm_m": "Saint-Maurice", "g_mus_co_m": "372", "g_mus_nm_1": "Les Chenaux", "g_mus_co_r": "04", "g_mus_nm_r": "Mauricie", "g_mus_nm_a": null, "g_mus_nm_c": null, "g_mus_da_c": "1855-05-30 00:00:00.0000000", "g_mus_co_1": "ANNPAR", "g_mus_da_m": "2011-01-01 00:00:00.0000000", "g_mus_co_s": "MRN-BAGQ", "g_mus_co_2": "SDA20K", "g_mus_co_v": "V2025-01", "g_co_inter": "372", "g_mus_va_s": 91.07, "g_shape_le": 0.526189911754262, "g_shape_ar": 0.010668259431867, "g_dat_acqu": "2025-01-30 00:00:00.0000000", "g_dat_char": "2025-01-31 00:00:00.0000000", "g_oid": 8792 }, "geometry": { "type": "MultiPolygon", "coordinates": [ [ [ [ -8074490.205430084839463, 5847950.218096788972616 ], [ -8074520.332267358899117, 5847982.587887711822987 ], [ -8074520.32602421939373, 5847982.593506289646029 ], [ -8074490.210299997590482, 5847950.223900003358722 ], [ -8074401.736489764414728, 5848029.806239427998662 ], [ -8074427.706210598349571, 5848006.442465421743691 ], [ -8074460.568845629692078, 5847976.877377321012318 ], [ -8074490.205430084839463, 5847950.218096788972616 ] ] ] ] } },
{ "type": "Feature", "properties": { "level_0": 3, "level_1": 28, "g_objectid": 8792, "g_descript": "Municipalité", "g_mus_co_g": "37230", "g_mus_co_d": "P", "g_mus_nm_m": "Saint-Maurice", "g_mus_co_m": "372", "g_mus_nm_1": "Les Chenaux", "g_mus_co_r": "04", "g_mus_nm_r": "Mauricie", "g_mus_nm_a": null, "g_mus_nm_c": null, "g_mus_da_c": "1855-05-30 00:00:00.0000000", "g_mus_co_1": "ANNPAR", "g_mus_da_m": "2011-01-01 00:00:00.0000000", "g_mus_co_s": "MRN-BAGQ", "g_mus_co_2": "SDA20K", "g_mus_co_v": "V2025-01", "g_co_inter": "372", "g_mus_va_s": 91.07, "g_shape_le": 0.526189911754262, "g_shape_ar": 0.010668259431867, "g_dat_acqu": "2025-01-30 00:00:00.0000000", "g_dat_char": "2025-01-31 00:00:00.0000000", "g_oid": 8792 }, "geometry": { "type": "MultiPolygon", "coordinates": [ [ [ [ -8074164.833545308560133, 5847799.140096282586455 ], [ -8073813.687768526375294, 5848156.875318935140967 ], [ -8073878.438150144182146, 5848090.575251997448504 ], [ -8073919.129690782167017, 5848048.912467963993549 ], [ -8074047.090129529125988, 5847917.897030810825527 ], [ -8074054.752389256842434, 5847910.240873267874122 ], [ -8074062.414537667296827, 5847902.584722379222512 ], [ -8074141.456561539322138, 5847822.361864140257239 ], [ -8074162.179873284883797, 5847801.749159947037697 ], [ -8074164.833545308560133, 5847799.140096282586455 ] ] ] ] } },
{ "type": "Feature", "properties": { "level_0": 4, "level_1": 0, "g_objectid": 8793, "g_descript": "Municipalité", "g_mus_co_g": "37235", "g_mus_co_d": "P", "g_mus_nm_m": "Notre-Dame-du-Mont-Carmel", "g_mus_co_m": "372", "g_mus_nm_1": "Les Chenaux", "g_mus_co_r": "04", "g_mus_nm_r": "Mauricie", "g_mus_nm_a": null, "g_mus_nm_c": null, "g_mus_da_c": "1856-03-16 00:00:00.0000000", "g_mus_co_1": "CORLIM", "g_mus_da_m": "2014-07-18 00:00:00.0000000", "g_mus_co_s": "MRN-BAGQ", "g_mus_co_2": "SDA20K", "g_mus_co_v": "V2025-01", "g_co_inter": "372", "g_mus_va_s": 130.62, "g_shape_le": 0.62780953400494699, "g_shape_ar": 0.015305432106413001, "g_dat_acqu": "2025-01-30 00:00:00.0000000", "g_dat_char": "2025-01-31 00:00:00.0000000", "g_oid": 8793 }, "geometry": { "type": "MultiPolygon", "coordinates": [ [ [ [ -8084427.343528234399855, 5852854.352945765480399 ], [ -8084413.494699999690056, 5852867.103100002743304 ], [ -8084409.665823791176081, 5852870.951536796055734 ], [ -8084413.500140532851219, 5852867.097167343832552 ], [ -8084427.343528234399855, 5852854.352945765480399 ] ] ] ] } },
{ "type": "Feature", "properties": { "level_0": 4, "level_1": 1, "g_objectid": 8793, "g_descript": "Municipalité", "g_mus_co_g": "37235", "g_mus_co_d": "P", "g_mus_nm_m": "Notre-Dame-du-Mont-Carmel", "g_mus_co_m": "372", "g_mus_nm_1": "Les Chenaux", "g_mus_co_r": "04", "g_mus_nm_r": "Mauricie", "g_mus_nm_a": null, "g_mus_nm_c": null, "g_mus_da_c": "1856-03-16 00:00:00.0000000", "g_mus_co_1": "CORLIM", "g_mus_da_m": "2014-07-18 00:00:00.0000000", "g_mus_co_s": "MRN-BAGQ", "g_mus_co_2": "SDA20K", "g_mus_co_v": "V2025-01", "g_co_inter": "372", "g_mus_va_s": 130.62, "g_shape_le": 0.62780953400494699, "g_shape_ar": 0.015305432106413001, "g_dat_acqu": "2025-01-30 00:00:00.0000000", "g_dat_char": "2025-01-31 00:00:00.0000000", "g_oid": 8793 }, "geometry": { "type": "MultiPolygon", "coordinates": [ [ [ [ -8085947.814608885906637, 5851330.195308512076735 ], [ -8085947.603199999779463, 5851330.406799999065697 ], [ -8085924.082510457374156, 5851354.608649824745953 ], [ -8085947.603961759246886, 5851330.401477702893317 ], [ -8085947.814608885906637, 5851330.195308512076735 ] ] ] ] } },
{ "type": "Feature", "properties": { "level_0": 4, "level_1": 2, "g_objectid": 8793, "g_descript": "Municipalité", "g_mus_co_g": "37235", "g_mus_co_d": "P", "g_mus_nm_m": "Notre-Dame-du-Mont-Carmel", "g_mus_co_m": "372", "g_mus_nm_1": "Les Chenaux", "g_mus_co_r": "04", "g_mus_nm_r": "Mauricie", "g_mus_nm_a": null, "g_mus_nm_c": null, "g_mus_da_c": "1856-03-16 00:00:00.0000000", "g_mus_co_1": "CORLIM", "g_mus_da_m": "2014-07-18 00:00:00.0000000", "g_mus_co_s": "MRN-BAGQ", "g_mus_co_2": "SDA20K", "g_mus_co_v": "V2025-01", "g_co_inter": "372", "g_mus_va_s": 130.62, "g_shape_le": 0.62780953400494699, "g_shape_ar": 0.015305432106413001, "g_dat_acqu": "2025-01-30 00:00:00.0000000", "g_dat_char": "2025-01-31 00:00:00.0000000", "g_oid": 8793 }, "geometry": { "type": "MultiPolygon", "coordinates": [ [ [ [ -8086310.578000141307712, 5850967.212901315651834 ], [ -8086307.190700000151992, 5850970.678800000809133 ], [ -8086307.107579660601914, 5850970.76195281650871 ], [ -8086307.184478778392076, 5850970.684987634420395 ], [ -8086310.578000141307712, 5850967.212901315651834 ] ] ] ] } },
{ "type": "Feature", "properties": { "level_0": 4, "level_1": 3, "g_objectid": 8793, "g_descript": "Municipalité", "g_mus_co_g": "37235", "g_mus_co_d": "P", "g_mus_nm_m": "Notre-Dame-du-Mont-Carmel", "g_mus_co_m": "372", "g_mus_nm_1": "Les Chenaux", "g_mus_co_r": "04", "g_mus_nm_r": "Mauricie", "g_mus_nm_a": null, "g_mus_nm_c": null, "g_mus_da_c": "1856-03-16 00:00:00.0000000", "g_mus_co_1": "CORLIM", "g_mus_da_m": "2014-07-18 00:00:00.0000000", "g_mus_co_s": "MRN-BAGQ", "g_mus_co_2": "SDA20K", "g_mus_co_v": "V2025-01", "g_co_inter": "372", "g_mus_va_s": 130.62, "g_shape_le": 0.62780953400494699, "g_shape_ar": 0.015305432106413001, "g_dat_acqu": "2025-01-30 00:00:00.0000000", "g_dat_char": "2025-01-31 00:00:00.0000000", "g_oid": 8793 }, "geometry": { "type": "MultiPolygon", "coordinates": [ [ [ [ -8086723.906038904562593, 5850544.294034007005394 ], [ -8086723.905299997888505, 5850544.294799997471273 ], [ -8086723.520282711833715, 5850544.688751183450222 ], [ -8086723.906038904562593, 5850544.294034007005394 ] ] ] ] } },
{ "type": "Feature", "properties": { "level_0": 4, "level_1": 4, "g_objectid": 8793, "g_descript": "Municipalité", "g_mus_co_g": "37235", "g_mus_co_d": "P", "g_mus_nm_m": "Notre-Dame-du-Mont-Carmel", "g_mus_co_m": "372", "g_mus_nm_1": "Les Chenaux", "g_mus_co_r": "04", "g_mus_nm_r": "Mauricie", "g_mus_nm_a": null, "g_mus_nm_c": null, "g_mus_da_c": "1856-03-16 00:00:00.0000000", "g_mus_co_1": "CORLIM", "g_mus_da_m": "2014-07-18 00:00:00.0000000", "g_mus_co_s": "MRN-BAGQ", "g_mus_co_2": "SDA20K", "g_mus_co_v": "V2025-01", "g_co_inter": "372", "g_mus_va_s": 130.62, "g_shape_le": 0.62780953400494699, "g_shape_ar": 0.015305432106413001, "g_dat_acqu": "2025-01-30 00:00:00.0000000", "g_dat_char": "2025-01-31 00:00:00.0000000", "g_oid": 8793 }, "geometry": { "type": "MultiPolygon", "coordinates": [ [ [ [ -8087413.71774326544255, 5849829.197013759985566 ], [ -8086723.947224229574203, 5850544.251339016482234 ], [ -8086761.405386061407626, 5850505.407391709275544 ], [ -8086938.246056959964335, 5850322.007694645784795 ], [ -8087068.994168532080948, 5850186.39927195571363 ], [ -8087116.217849317006767, 5850137.464041715487838 ], [ -8087245.810126408003271, 5850003.19019225332886 ], [ -8087294.326119864359498, 5849952.912466744892299 ], [ -8087413.71774326544255, 5849829.197013759985566 ] ] ] ] } },
{ "type": "Feature", "properties": { "level_0": 4, "level_1": 5, "g_objectid": 8793, "g_descript": "Municipalité", "g_mus_co_g": "37235", "g_mus_co_d": "P", "g_mus_nm_m": "Notre-Dame-du-Mont-Carmel", "g_mus_co_m": "372", "g_mus_nm_1": "Les Chenaux", "g_mus_co_r": "04", "g_mus_nm_r": "Mauricie", "g_mus_nm_a": null, "g_mus_nm_c": null, "g_mus_da_c": "1856-03-16 00:00:00.0000000", "g_mus_co_1": "CORLIM", "g_mus_da_m": "2014-07-18 00:00:00.0000000", "g_mus_co_s": "MRN-BAGQ", "g_mus_co_2": "SDA20K", "g_mus_co_v": "V2025-01", "g_co_inter": "372", "g_mus_va_s": 130.62, "g_shape_le": 0.62780953400494699, "g_shape_ar": 0.015305432106413001, "g_dat_acqu": "2025-01-30 00:00:00.0000000", "g_dat_char": "2025-01-31 00:00:00.0000000", "g_oid": 8793 }, "geometry": { "type": "MultiPolygon", "coordinates": [ [ [ [ -8088192.518740019761026, 5849028.564993468113244 ], [ -8087472.453543330542743, 5849768.7429672582075 ], [ -8087477.903314239345491, 5849763.140545345842838 ], [ -8087600.120870891958475, 5849637.497359352186322 ], [ -8087796.876114495098591, 5849435.216224242933095 ], [ -8087844.099572641775012, 5849386.681349847465754 ], [ -8087998.037510883063078, 5849228.461025808006525 ], [ -8088026.656408851966262, 5849199.043809885159135 ], [ -8088192.518740019761026, 5849028.564993468113244 ] ] ] ] } },
{ "type": "Feature", "properties": { "level_0": 4, "level_1": 6, "g_objectid": 8793, "g_descript": "Municipalité", "g_mus_co_g": "37235", "g_mus_co_d": "P", "g_mus_nm_m": "Notre-Dame-du-Mont-Carmel", "g_mus_co_m": "372", "g_mus_nm_1": "Les Chenaux", "g_mus_co_r": "04", "g_mus_nm_r": "Mauricie", "g_mus_nm_a": null, "g_mus_nm_c": null, "g_mus_da_c": "1856-03-16 00:00:00.0000000", "g_mus_co_1": "CORLIM", "g_mus_da_m": "2014-07-18 00:00:00.0000000", "g_mus_co_s": "MRN-BAGQ", "g_mus_co_2": "SDA20K", "g_mus_co_v": "V2025-01", "g_co_inter": "372", "g_mus_va_s": 130.62, "g_shape_le": 0.62780953400494699, "g_shape_ar": 0.015305432106413001, "g_dat_acqu": "2025-01-30 00:00:00.0000000", "g_dat_char": "2025-01-31 00:00:00.0000000", "g_oid": 8793 }, "geometry": { "type": "MultiPolygon", "coordinates": [ [ [ [ -8088292.037013303488493, 5848926.266987378709018 ], [ -8088203.152043188922107, 5849017.634682112373412 ], [ -8088209.108827001415193, 5849011.506524127908051 ], [ -8088292.037013303488493, 5848926.266987378709018 ] ] ] ] } },
{ "type": "Feature", "properties": { "level_0": 4, "level_1": 7, "g_objectid": 8793, "g_descript": "Municipalité", "g_mus_co_g": "37235", "g_mus_co_d": "P", "g_mus_nm_m": "Notre-Dame-du-Mont-Carmel", "g_mus_co_m": "372", "g_mus_nm_1": "Les Chenaux", "g_mus_co_r": "04", "g_mus_nm_r": "Mauricie", "g_mus_nm_a": null, "g_mus_nm_c": null, "g_mus_da_c": "1856-03-16 00:00:00.0000000", "g_mus_co_1": "CORLIM", "g_mus_da_m": "2014-07-18 00:00:00.0000000", "g_mus_co_s": "MRN-BAGQ", "g_mus_co_2": "SDA20K", "g_mus_co_v": "V2025-01", "g_co_inter": "372", "g_mus_va_s": 130.62, "g_shape_le": 0.62780953400494699, "g_shape_ar": 0.015305432106413001, "g_dat_acqu": "2025-01-30 00:00:00.0000000", "g_dat_char": "2025-01-31 00:00:00.0000000", "g_oid": 8793 }, "geometry": { "type": "MultiPolygon", "coordinates": [ [ [ [ -8088459.967214540578425, 5848759.941486266441643 ], [ -8088399.419699997641146, 5848815.884900002740324 ], [ -8088317.887161921709776, 5848899.694795423187315 ], [ -8088399.424325970001519, 5848815.877659250982106 ], [ -8088459.967214540578425, 5848759.941486266441643 ] ] ] ] } },
{ "type": "Feature", "properties": { "level_0": 4, "level_1": 8, "g_objectid": 8793, "g_descript": "Municipalité", "g_mus_co_g": "37235", "g_mus_co_d": "P", "g_mus_nm_m": "Notre-Dame-du-Mont-Carmel", "g_mus_co_m": "372", "g_mus_nm_1": "Les Chenaux", "g_mus_co_r": "04", "g_mus_nm_r": "Mauricie", "g_mus_nm_a": null, "g_mus_nm_c": null, "g_mus_da_c": "1856-03-16 00:00:00.0000000", "g_mus_co_1": "CORLIM", "g_mus_da_m": "2014-07-18 00:00:00.0000000", "g_mus_co_s": "MRN-BAGQ", "g_mus_co_2": "SDA20K", "g_mus_co_v": "V2025-01", "g_co_inter": "372", "g_mus_va_s": 130.62, "g_shape_le": 0.62780953400494699, "g_shape_ar": 0.015305432106413001, "g_dat_acqu": "2025-01-30 00:00:00.0000000", "g_dat_char": "2025-01-31 00:00:00.0000000", "g_oid": 8793 }, "geometry": { "type": "MultiPolygon", "coordinates": [ [ [ [ -8092895.965774795971811, 5848433.821679685264826 ], [ -8092990.71100115776062, 5848452.07530514523387 ], [ -8093151.749256294220686, 5848495.145785552449524 ], [ -8093291.606340950354934, 5848536.476875561289489 ], [ -8093315.927784713916481, 5848544.685351551510394 ], [ -8093291.606099998578429, 5848536.482499998994172 ], [ -8093151.745499999262393, 5848495.151799999177456 ], [ -8092990.708299999125302, 5848452.077100001275539 ], [ -8092895.965774795971811, 5848433.821679685264826 ] ] ] ] } },
{ "type": "Feature", "properties": { "level_0": 4, "level_1": 9, "g_objectid": 8793, "g_descript": "Municipalité", "g_mus_co_g": "37235", "g_mus_co_d": "P", "g_mus_nm_m": "Notre-Dame-du-Mont-Carmel", "g_mus_co_m": "372", "g_mus_nm_1": "Les Chenaux", "g_mus_co_r": "04", "g_mus_nm_r": "Mauricie", "g_mus_nm_a": null, "g_mus_nm_c": null, "g_mus_da_c": "1856-03-16 00:00:00.0000000", "g_mus_co_1": "CORLIM", "g_mus_da_m": "2014-07-18 00:00:00.0000000", "g_mus_co_s": "MRN-BAGQ", "g_mus_co_2": "SDA20K", "g_mus_co_v": "V2025-01", "g_co_inter": "372", "g_mus_va_s": 130.62, "g_shape_le": 0.62780953400494699, "g_shape_ar": 0.015305432106413001, "g_dat_acqu": "2025-01-30 00:00:00.0000000", "g_dat_char": "2025-01-31 00:00:00.0000000", "g_oid": 8793 }, "geometry": { "type": "MultiPolygon", "coordinates": [ [ [ [ -8088943.716989818029106, 5848308.152126559987664 ], [ -8088904.188699998892844, 5848349.499099998734891 ], [ -8088764.4459791155532, 5848478.615627903491259 ], [ -8088892.563893238082528, 5848360.23164592962712 ], [ -8088904.186246924102306, 5848349.495823002420366 ], [ -8088943.716989818029106, 5848308.152126559987664 ] ] ] ] } },
{ "type": "Feature", "properties": { "level_0": 4, "level_1": 10, "g_objectid": 8793, "g_descript": "Municipalité", "g_mus_co_g": "37235", "g_mus_co_d": "P", "g_mus_nm_m": "Notre-Dame-du-Mont-Carmel", "g_mus_co_m": "372", "g_mus_nm_1": "Les Chenaux", "g_mus_co_r": "04", "g_mus_nm_r": "Mauricie", "g_mus_nm_a": null, "g_mus_nm_c": null, "g_mus_da_c": "1856-03-16 00:00:00.0000000", "g_mus_co_1": "CORLIM", "g_mus_da_m": "2014-07-18 00:00:00.0000000", "g_mus_co_s": "MRN-BAGQ", "g_mus_co_2": "SDA20K", "g_mus_co_v": "V2025-01", "g_co_inter": "372", "g_mus_va_s": 130.62, "g_shape_le": 0.62780953400494699, "g_shape_ar": 0.015305432106413001, "g_dat_acqu": "2025-01-30 00:00:00.0000000", "g_dat_char": "2025-01-31 00:00:00.0000000", "g_oid": 8793 }, "geometry": { "type": "MultiPolygon", "coordinates": [ [ [ [ -8092563.769156507216394, 5848294.489527968689799 ], [ -8092652.567579053342342, 5848342.738139484077692 ], [ -8092732.026077970862389, 5848388.04836492612958 ], [ -8092732.022799998521805, 5848388.047300001606345 ], [ -8092563.769156507216394, 5848294.489527968689799 ] ] ] ] } },
{ "type": "Feature", "properties": { "level_0": 4, "level_1": 11, "g_objectid": 8793, "g_descript": "Municipalité", "g_mus_co_g": "37235", "g_mus_co_d": "P", "g_mus_nm_m": "Notre-Dame-du-Mont-Carmel", "g_mus_co_m": "372", "g_mus_nm_1": "Les Chenaux", "g_mus_co_r": "04", "g_mus_nm_r": "Mauricie", "g_mus_nm_a": null, "g_mus_nm_c": null, "g_mus_da_c": "1856-03-16 00:00:00.0000000", "g_mus_co_1": "CORLIM", "g_mus_da_m": "2014-07-18 00:00:00.0000000", "g_mus_co_s": "MRN-BAGQ", "g_mus_co_2": "SDA20K", "g_mus_co_v": "V2025-01", "g_co_inter": "372", "g_mus_va_s": 130.62, "g_shape_le": 0.62780953400494699, "g_shape_ar": 0.015305432106413001, "g_dat_acqu": "2025-01-30 00:00:00.0000000", "g_dat_char": "2025-01-31 00:00:00.0000000", "g_oid": 8793 }, "geometry": { "type": "MultiPolygon", "coordinates": [ [ [ [ -8092457.944509002380073, 5848264.513012032024562 ], [ -8092482.072476159781218, 5848267.343149034306407 ], [ -8092510.567094288766384, 5848276.78063836786896 ], [ -8092482.075499999336898, 5848267.34729999769479 ], [ -8092457.944509002380073, 5848264.513012032024562 ] ] ] ] } },
{ "type": "Feature", "properties": { "level_0": 4, "level_1": 12, "g_objectid": 8793, "g_descript": "Municipalité", "g_mus_co_g": "37235", "g_mus_co_d": "P", "g_mus_nm_m": "Notre-Dame-du-Mont-Carmel", "g_mus_co_m": "372", "g_mus_nm_1": "Les Chenaux", "g_mus_co_r": "04", "g_mus_nm_r": "Mauricie", "g_mus_nm_a": null, "g_mus_nm_c": null, "g_mus_da_c": "1856-03-16 00:00:00.0000000", "g_mus_co_1": "CORLIM", "g_mus_da_m": "2014-07-18 00:00:00.0000000", "g_mus_co_s": "MRN-BAGQ", "g_mus_co_2": "SDA20K", "g_mus_co_v": "V2025-01", "g_co_inter": "372", "g_mus_va_s": 130.62, "g_shape_le": 0.62780953400494699, "g_shape_ar": 0.015305432106413001, "g_dat_acqu": "2025-01-30 00:00:00.0000000", "g_dat_char": "2025-01-31 00:00:00.0000000", "g_oid": 8793 }, "geometry": { "type": "MultiPolygon", "coordinates": [ [ [ [ -8092247.791062861680984, 5848245.176112009212375 ], [ -8092327.28138224221766, 5848253.481037817895412 ], [ -8092357.380222197622061, 5848255.456410564482212 ], [ -8092327.282199999317527, 5848253.485200002789497 ], [ -8092247.791062861680984, 5848245.176112009212375 ] ] ] ] } },
{ "type": "Feature", "properties": { "level_0": 4, "level_1": 13, "g_objectid": 8793, "g_descript": "Municipalité", "g_mus_co_g": "37235", "g_mus_co_d": "P", "g_mus_nm_m": "Notre-Dame-du-Mont-Carmel", "g_mus_co_m": "372", "g_mus_nm_1": "Les Chenaux", "g_mus_co_r": "04", "g_mus_nm_r": "Mauricie", "g_mus_nm_a": null, "g_mus_nm_c": null, "g_mus_da_c": "1856-03-16 00:00:00.0000000", "g_mus_co_1": "CORLIM", "g_mus_da_m": "2014-07-18 00:00:00.0000000", "g_mus_co_s": "MRN-BAGQ", "g_mus_co_2": "SDA20K", "g_mus_co_v": "V2025-01", "g_co_inter": "372", "g_mus_va_s": 130.62, "g_shape_le": 0.62780953400494699, "g_shape_ar": 0.015305432106413001, "g_dat_acqu": "2025-01-30 00:00:00.0000000", "g_dat_char": "2025-01-31 00:00:00.0000000", "g_oid": 8793 }, "geometry": { "type": "MultiPolygon", "coordinates": [ [ [ [ -8092046.489670876413584, 5848208.55369673948735 ], [ -8092109.013902795501053, 5848225.152595983818173 ], [ -8092161.119061493314803, 5848233.358373311348259 ], [ -8092109.012199999764562, 5848225.154399998486042 ], [ -8092046.489670876413584, 5848208.55369673948735 ] ] ] ] } },
{ "type": "Feature", "properties": { "level_0": 4, "level_1": 14, "g_objectid": 8793, "g_descript": "Municipalité", "g_mus_co_g": "37235", "g_mus_co_d": "P", "g_mus_nm_m": "Notre-Dame-du-Mont-Carmel", "g_mus_co_m": "372", "g_mus_nm_1": "Les Chenaux", "g_mus_co_r": "04", "g_mus_nm_r": "Mauricie", "g_mus_nm_a": null, "g_mus_nm_c": null, "g_mus_da_c": "1856-03-16 00:00:00.0000000", "g_mus_co_1": "CORLIM", "g_mus_da_m": "2014-07-18 00:00:00.0000000", "g_mus_co_s": "MRN-BAGQ", "g_mus_co_2": "SDA20K", "g_mus_co_v": "V2025-01", "g_co_inter": "372", "g_mus_va_s": 130.62, "g_shape_le": 0.62780953400494699, "g_shape_ar": 0.015305432106413001, "g_dat_acqu": "2025-01-30 00:00:00.0000000", "g_dat_char": "2025-01-31 00:00:00.0000000", "g_oid": 8793 }, "geometry": { "type": "MultiPolygon", "coordinates": [ [ [ [ -8091505.505134893581271, 5847973.045299490913749 ], [ -8091564.837837005034089, 5848010.841105333529413 ], [ -8091614.34923112206161, 5848035.594536763615906 ], [ -8091564.833899999037385, 5848010.842399998567998 ], [ -8091505.505134893581271, 5847973.045299490913749 ] ] ] ] } },
{ "type": "Feature", "properties": { "level_0": 4, "level_1": 15, "g_objectid": 8793, "g_descript": "Municipalité", "g_mus_co_g": "37235", "g_mus_co_d": "P", "g_mus_nm_m": "Notre-Dame-du-Mont-Carmel", "g_mus_co_m": "372", "g_mus_nm_1": "Les Chenaux", "g_mus_co_r": "04", "g_mus_nm_r": "Mauricie", "g_mus_nm_a": null, "g_mus_nm_c": null, "g_mus_da_c": "1856-03-16 00:00:00.0000000", "g_mus_co_1": "CORLIM", "g_mus_da_m": "2014-07-18 00:00:00.0000000", "g_mus_co_s": "MRN-BAGQ", "g_mus_co_2": "SDA20K", "g_mus_co_v": "V2025-01", "g_co_inter": "372", "g_mus_va_s": 130.62, "g_shape_le": 0.62780953400494699, "g_shape_ar": 0.015305432106413001, "g_dat_acqu": "2025-01-30 00:00:00.0000000", "g_dat_char": "2025-01-31 00:00:00.0000000", "g_oid": 8793 }, "geometry": { "type": "MultiPolygon", "coordinates": [ [ [ [ -8091187.762050882913172, 5847650.769805968739092 ], [ -8091188.517702019773424, 5847652.470014691352844 ], [ -8091239.625346097163856, 5847728.108272951096296 ], [ -8091188.517799998633564, 5847652.47550000436604 ], [ -8091187.762050882913172, 5847650.769805968739092 ] ] ] ] } },
{ "type": "Feature", "properties": { "level_0": 4, "level_1": 16, "g_objectid": 8793, "g_descript": "Municipalité", "g_mus_co_g": "37235", "g_mus_co_d": "P", "g_mus_nm_m": "Notre-Dame-du-Mont-Carmel", "g_mus_co_m": "372", "g_mus_nm_1": "Les Chenaux", "g_mus_co_r": "04", "g_mus_nm_r": "Mauricie", "g_mus_nm_a": null, "g_mus_nm_c": null, "g_mus_da_c": "1856-03-16 00:00:00.0000000", "g_mus_co_1": "CORLIM", "g_mus_da_m": "2014-07-18 00:00:00.0000000", "g_mus_co_s": "MRN-BAGQ", "g_mus_co_2": "SDA20K", "g_mus_co_v": "V2025-01", "g_co_inter": "372", "g_mus_va_s": 130.62, "g_shape_le": 0.62780953400494699, "g_shape_ar": 0.015305432106413001, "g_dat_acqu": "2025-01-30 00:00:00.0000000", "g_dat_char": "2025-01-31 00:00:00.0000000", "g_oid": 8793 }, "geometry": { "type": "MultiPolygon", "coordinates": [ [ [ [ -8090894.868426756002009, 5846877.775209232233465 ], [ -8090937.391261108219624, 5847016.101494287140667 ], [ -8090979.696143095381558, 5847158.385706492699683 ], [ -8090894.868426756002009, 5846877.775209232233465 ] ] ] ] } },
{ "type": "Feature", "properties": { "level_0": 4, "level_1": 17, "g_objectid": 8793, "g_descript": "Municipalité", "g_mus_co_g": "37235", "g_mus_co_d": "P", "g_mus_nm_m": "Notre-Dame-du-Mont-Carmel", "g_mus_co_m": "372", "g_mus_nm_1": "Les Chenaux", "g_mus_co_r": "04", "g_mus_nm_r": "Mauricie", "g_mus_nm_a": null, "g_mus_nm_c": null, "g_mus_da_c": "1856-03-16 00:00:00.0000000", "g_mus_co_1": "CORLIM", "g_mus_da_m": "2014-07-18 00:00:00.0000000", "g_mus_co_s": "MRN-BAGQ", "g_mus_co_2": "SDA20K", "g_mus_co_v": "V2025-01", "g_co_inter": "372", "g_mus_va_s": 130.62, "g_shape_le": 0.62780953400494699, "g_shape_ar": 0.015305432106413001, "g_dat_acqu": "2025-01-30 00:00:00.0000000", "g_dat_char": "2025-01-31 00:00:00.0000000", "g_oid": 8793 }, "geometry": { "type": "MultiPolygon", "coordinates": [ [ [ [ -8090829.737588793039322, 5846731.875295256264508 ], [ -8090853.482888001017272, 5846772.779741884209216 ], [ -8090888.261511571705341, 5846860.97213039919734 ], [ -8090853.476699997670949, 5846772.7752 ], [ -8090829.737588793039322, 5846731.875295256264508 ] ] ] ] } },
{ "type": "Feature", "properties": { "level_0": 4, "level_1": 18, "g_objectid": 8793, "g_descript": "Municipalité", "g_mus_co_g": "37235", "g_mus_co_d": "P", "g_mus_nm_m": "Notre-Dame-du-Mont-Carmel", "g_mus_co_m": "372", "g_mus_nm_1": "Les Chenaux", "g_mus_co_r": "04", "g_mus_nm_r": "Mauricie", "g_mus_nm_a": null, "g_mus_nm_c": null, "g_mus_da_c": "1856-03-16 00:00:00.0000000", "g_mus_co_1": "CORLIM", "g_mus_da_m": "2014-07-18 00:00:00.0000000", "g_mus_co_s": "MRN-BAGQ", "g_mus_co_2": "SDA20K", "g_mus_co_v": "V2025-01", "g_co_inter": "372", "g_mus_va_s": 130.62, "g_shape_le": 0.62780953400494699, "g_shape_ar": 0.015305432106413001, "g_dat_acqu": "2025-01-30 00:00:00.0000000", "g_dat_char": "2025-01-31 00:00:00.0000000", "g_oid": 8793 }, "geometry": { "type": "MultiPolygon", "coordinates": [ [ [ [ -8090678.577672674320638, 5846497.838553296402097 ], [ -8090678.578515362925828, 5846497.839406612329185 ], [ -8090734.781592881307006, 5846581.276915524154902 ], [ -8090763.467360202223063, 5846625.037736683152616 ], [ -8090734.779999998398125, 5846581.28000000026077 ], [ -8090678.577672674320638, 5846497.838553296402097 ] ] ] ] } },
{ "type": "Feature", "properties": { "level_0": 4, "level_1": 19, "g_objectid": 8793, "g_descript": "Municipalité", "g_mus_co_g": "37235", "g_mus_co_d": "P", "g_mus_nm_m": "Notre-Dame-du-Mont-Carmel", "g_mus_co_m": "372", "g_mus_nm_1": "Les Chenaux", "g_mus_co_r": "04", "g_mus_nm_r": "Mauricie", "g_mus_nm_a": null, "g_mus_nm_c": null, "g_mus_da_c": "1856-03-16 00:00:00.0000000", "g_mus_co_1": "CORLIM", "g_mus_da_m": "2014-07-18 00:00:00.0000000", "g_mus_co_s": "MRN-BAGQ", "g_mus_co_2": "SDA20K", "g_mus_co_v": "V2025-01", "g_co_inter": "372", "g_mus_va_s": 130.62, "g_shape_le": 0.62780953400494699, "g_shape_ar": 0.015305432106413001, "g_dat_acqu": "2025-01-30 00:00:00.0000000", "g_dat_char": "2025-01-31 00:00:00.0000000", "g_oid": 8793 }, "geometry": { "type": "MultiPolygon", "coordinates": [ [ [ [ -8090671.785847547464073, 5846494.46746903564781 ], [ -8089402.259196150116622, 5847828.511157792061567 ], [ -8089532.131758596748114, 5847691.851831145584583 ], [ -8090268.520103056915104, 5846916.896204361692071 ], [ -8090288.618798865936697, 5846895.746334142051637 ], [ -8090371.052962594665587, 5846809.418919222429395 ], [ -8090567.770023475401103, 5846603.399618486873806 ], [ -8090671.785847547464073, 5846494.46746903564781 ] ] ] ] } },
{ "type": "Feature", "properties": { "level_0": 5, "level_1": 0, "g_objectid": 8801, "g_descript": "Municipalité", "g_mus_co_g": "38010", "g_mus_co_d": "V", "g_mus_nm_m": "Bécancour", "g_mus_co_m": "38", "g_mus_nm_1": "Bécancour", "g_mus_co_r": "17", "g_mus_nm_r": "Centre-du-Québec", "g_mus_nm_a": null, "g_mus_nm_c": null, "g_mus_da_c": "1965-10-09 00:00:00.0000000", "g_mus_co_1": "CORLIM", "g_mus_da_m": "2021-04-23 00:00:00.0000000", "g_mus_co_s": "MRN-BAGQ", "g_mus_co_2": "SDA20K", "g_mus_co_v": "V2025-01", "g_co_inter": "380", "g_mus_va_s": 495.28, "g_shape_le": 1.4448441118052979, "g_shape_ar": 0.057854997035245999, "g_dat_acqu": "2025-01-30 00:00:00.0000000", "g_dat_char": "2025-01-31 00:00:00.0000000", "g_oid": 8801 }, "geometry": { "type": "MultiPolygon", "coordinates": [ [ [ [ -8061130.742680897004902, 5843820.373021874576807 ], [ -8061003.173917040228844, 5843886.419141438789666 ], [ -8060524.983945211395621, 5844133.419622136279941 ], [ -8061130.742680897004902, 5843820.373021874576807 ] ] ] ] } },
{ "type": "Feature", "properties": { "level_0": 5, "level_1": 1, "g_objectid": 8801, "g_descript": "Municipalité", "g_mus_co_g": "38010", "g_mus_co_d": "V", "g_mus_nm_m": "Bécancour", "g_mus_co_m": "38", "g_mus_nm_1": "Bécancour", "g_mus_co_r": "17", "g_mus_nm_r": "Centre-du-Québec", "g_mus_nm_a": null, "g_mus_nm_c": null, "g_mus_da_c": "1965-10-09 00:00:00.0000000", "g_mus_co_1": "CORLIM", "g_mus_da_m": "2021-04-23 00:00:00.0000000", "g_mus_co_s": "MRN-BAGQ", "g_mus_co_2": "SDA20K", "g_mus_co_v": "V2025-01", "g_co_inter": "380", "g_mus_va_s": 495.28, "g_shape_le": 1.4448441118052979, "g_shape_ar": 0.057854997035245999, "g_dat_acqu": "2025-01-30 00:00:00.0000000", "g_dat_char": "2025-01-31 00:00:00.0000000", "g_oid": 8801 }, "geometry": { "type": "MultiPolygon", "coordinates": [ [ [ [ -8061275.707898480817676, 5843738.268888756632805 ], [ -8061275.312433509156108, 5843738.466598881408572 ], [ -8061228.216519258916378, 5843765.186417006887496 ], [ -8061275.315399998798966, 5843738.464000000618398 ], [ -8061275.707898480817676, 5843738.268888756632805 ] ] ] ] } },
{ "type": "Feature", "properties": { "level_0": 5, "level_1": 2, "g_objectid": 8801, "g_descript": "Municipalité", "g_mus_co_g": "38010", "g_mus_co_d": "V", "g_mus_nm_m": "Bécancour", "g_mus_co_m": "38", "g_mus_nm_1": "Bécancour", "g_mus_co_r": "17", "g_mus_nm_r": "Centre-du-Québec", "g_mus_nm_a": null, "g_mus_nm_c": null, "g_mus_da_c": "1965-10-09 00:00:00.0000000", "g_mus_co_1": "CORLIM", "g_mus_da_m": "2021-04-23 00:00:00.0000000", "g_mus_co_s": "MRN-BAGQ", "g_mus_co_2": "SDA20K", "g_mus_co_v": "V2025-01", "g_co_inter": "380", "g_mus_va_s": 495.28, "g_shape_le": 1.4448441118052979, "g_shape_ar": 0.057854997035245999, "g_dat_acqu": "2025-01-30 00:00:00.0000000", "g_dat_char": "2025-01-31 00:00:00.0000000", "g_oid": 8801 }, "geometry": { "type": "MultiPolygon", "coordinates": [ [ [ [ -8062062.374368372373283, 5843336.491245565935969 ], [ -8061955.623046656139195, 5843393.244948111474514 ], [ -8061884.477722227573395, 5843427.624301551841199 ], [ -8061955.616399999707937, 5843393.238800003193319 ], [ -8062062.374368372373283, 5843336.491245565935969 ] ] ] ] } },
{ "type": "Feature", "properties": { "level_0": 5, "level_1": 3, "g_objectid": 8801, "g_descript": "Municipalité", "g_mus_co_g": "38010", "g_mus_co_d": "V", "g_mus_nm_m": "Bécancour", "g_mus_co_m": "38", "g_mus_nm_1": "Bécancour", "g_mus_co_r": "17", "g_mus_nm_r": "Centre-du-Québec", "g_mus_nm_a": null, "g_mus_nm_c": null, "g_mus_da_c": "1965-10-09 00:00:00.0000000", "g_mus_co_1": "CORLIM", "g_mus_da_m": "2021-04-23 00:00:00.0000000", "g_mus_co_s": "MRN-BAGQ", "g_mus_co_2": "SDA20K", "g_mus_co_v": "V2025-01", "g_co_inter": "380", "g_mus_va_s": 495.28, "g_shape_le": 1.4448441118052979, "g_shape_ar": 0.057854997035245999, "g_dat_acqu": "2025-01-30 00:00:00.0000000", "g_dat_char": "2025-01-31 00:00:00.0000000", "g_oid": 8801 }, "geometry": { "type": "MultiPolygon", "coordinates": [ [ [ [ -8062695.994444363750517, 5843020.087949273176491 ], [ -8062676.128379743546247, 5843030.110364075750113 ], [ -8062632.838744066655636, 5843048.031177720986307 ], [ -8062283.409043041989207, 5843222.884287140332162 ], [ -8062245.933814676478505, 5843242.436350216157734 ], [ -8062283.405599999241531, 5843222.882399997673929 ], [ -8062632.837299997918308, 5843048.025499997660518 ], [ -8062676.128599998541176, 5843030.108100002631545 ], [ -8062695.994444363750517, 5843020.087949273176491 ] ] ] ] } },
{ "type": "Feature", "properties": { "level_0": 5, "level_1": 4, "g_objectid": 8801, "g_descript": "Municipalité", "g_mus_co_g": "38010", "g_mus_co_d": "V", "g_mus_nm_m": "Bécancour", "g_mus_co_m": "38", "g_mus_nm_1": "Bécancour", "g_mus_co_r": "17", "g_mus_nm_r": "Centre-du-Québec", "g_mus_nm_a": null, "g_mus_nm_c": null, "g_mus_da_c": "1965-10-09 00:00:00.0000000", "g_mus_co_1": "CORLIM", "g_mus_da_m": "2021-04-23 00:00:00.0000000", "g_mus_co_s": "MRN-BAGQ", "g_mus_co_2": "SDA20K", "g_mus_co_v": "V2025-01", "g_co_inter": "380", "g_mus_va_s": 495.28, "g_shape_le": 1.4448441118052979, "g_shape_ar": 0.057854997035245999, "g_dat_acqu": "2025-01-30 00:00:00.0000000", "g_dat_char": "2025-01-31 00:00:00.0000000", "g_oid": 8801 }, "geometry": { "type": "MultiPolygon", "coordinates": [ [ [ [ -8063482.541804324835539, 5842738.907695321366191 ], [ -8063421.376118090935051, 5842756.635708273388445 ], [ -8063371.898098101839423, 5842770.099420004524291 ], [ -8062932.78263271227479, 5842918.022948682308197 ], [ -8062910.393422901630402, 5842927.219297857023776 ], [ -8062932.788199999369681, 5842918.019900000654161 ], [ -8063371.89259999897331, 5842770.098600000143051 ], [ -8063482.541804324835539, 5842738.907695321366191 ] ] ] ] } },
{ "type": "Feature", "properties": { "level_0": 5, "level_1": 5, "g_objectid": 8801, "g_descript": "Municipalité", "g_mus_co_g": "38010", "g_mus_co_d": "V", "g_mus_nm_m": "Bécancour", "g_mus_co_m": "38", "g_mus_nm_1": "Bécancour", "g_mus_co_r": "17", "g_mus_nm_r": "Centre-du-Québec", "g_mus_nm_a": null, "g_mus_nm_c": null, "g_mus_da_c": "1965-10-09 00:00:00.0000000", "g_mus_co_1": "CORLIM", "g_mus_da_m": "2021-04-23 00:00:00.0000000", "g_mus_co_s": "MRN-BAGQ", "g_mus_co_2": "SDA20K", "g_mus_co_v": "V2025-01", "g_co_inter": "380", "g_mus_va_s": 495.28, "g_shape_le": 1.4448441118052979, "g_shape_ar": 0.057854997035245999, "g_dat_acqu": "2025-01-30 00:00:00.0000000", "g_dat_char": "2025-01-31 00:00:00.0000000", "g_oid": 8801 }, "geometry": { "type": "MultiPolygon", "coordinates": [ [ [ [ -8063927.116886783391237, 5842643.266072389669716 ], [ -8063903.775987123139203, 5842649.054249233566225 ], [ -8063727.514513638801873, 5842684.908887307159603 ], [ -8063637.828192682005465, 5842702.844330368563533 ], [ -8063557.852732033468783, 5842721.397613504901528 ], [ -8063637.827499997802079, 5842702.838799996301532 ], [ -8063903.778199997730553, 5842649.053000001236796 ], [ -8063927.116886783391237, 5842643.266072389669716 ] ] ] ] } },
{ "type": "Feature", "properties": { "level_0": 5, "level_1": 6, "g_objectid": 8801, "g_descript": "Municipalité", "g_mus_co_g": "38010", "g_mus_co_d": "V", "g_mus_nm_m": "Bécancour", "g_mus_co_m": "38", "g_mus_nm_1": "Bécancour", "g_mus_co_r": "17", "g_mus_nm_r": "Centre-du-Québec", "g_mus_nm_a": null, "g_mus_nm_c": null, "g_mus_da_c": "1965-10-09 00:00:00.0000000", "g_mus_co_1": "CORLIM", "g_mus_da_m": "2021-04-23 00:00:00.0000000", "g_mus_co_s": "MRN-BAGQ", "g_mus_co_2": "SDA20K", "g_mus_co_v": "V2025-01", "g_co_inter": "380", "g_mus_va_s": 495.28, "g_shape_le": 1.4448441118052979, "g_shape_ar": 0.057854997035245999, "g_dat_acqu": "2025-01-30 00:00:00.0000000", "g_dat_char": "2025-01-31 00:00:00.0000000", "g_oid": 8801 }, "geometry": { "type": "MultiPolygon", "coordinates": [ [ [ [ -8064520.19711868558079, 5842480.976642514578998 ], [ -8064321.232497042044997, 5842541.458288461901248 ], [ -8064226.734332107938826, 5842567.002145433798432 ], [ -8064321.231799998320639, 5842541.451499997638166 ], [ -8064520.19711868558079, 5842480.976642514578998 ] ] ] ] } },
{ "type": "Feature", "properties": { "level_0": 5, "level_1": 7, "g_objectid": 8801, "g_descript": "Municipalité", "g_mus_co_g": "38010", "g_mus_co_d": "V", "g_mus_nm_m": "Bécancour", "g_mus_co_m": "38", "g_mus_nm_1": "Bécancour", "g_mus_co_r": "17", "g_mus_nm_r": "Centre-du-Québec", "g_mus_nm_a": null, "g_mus_nm_c": null, "g_mus_da_c": "1965-10-09 00:00:00.0000000", "g_mus_co_1": "CORLIM", "g_mus_da_m": "2021-04-23 00:00:00.0000000", "g_mus_co_s": "MRN-BAGQ", "g_mus_co_2": "SDA20K", "g_mus_co_v": "V2025-01", "g_co_inter": "380", "g_mus_va_s": 495.28, "g_shape_le": 1.4448441118052979, "g_shape_ar": 0.057854997035245999, "g_dat_acqu": "2025-01-30 00:00:00.0000000", "g_dat_char": "2025-01-31 00:00:00.0000000", "g_oid": 8801 }, "geometry": { "type": "MultiPolygon", "coordinates": [ [ [ [ -8065804.644904104992747, 5841925.16160480119288 ], [ -8065715.875643758103251, 5841976.644301153719425 ], [ -8065545.78440944571048, 5842070.761017765849829 ], [ -8065233.466757817193866, 5842223.173772022128105 ], [ -8065088.123717383481562, 5842285.942917180247605 ], [ -8064945.881047371774912, 5842339.727392247878015 ], [ -8064917.80216446146369, 5842349.906132347881794 ], [ -8064945.884799999184906, 5842339.724300004541874 ], [ -8065088.129099998623133, 5842285.93790000025183 ], [ -8065233.461199998855591, 5842223.174600004218519 ], [ -8065545.78419999871403, 5842070.755500004626811 ], [ -8065715.875799997709692, 5841976.642400002107024 ], [ -8065804.644904104992747, 5841925.16160480119288 ] ] ] ] } },
{ "type": "Feature", "properties": { "level_0": 5, "level_1": 8, "g_objectid": 8801, "g_descript": "Municipalité", "g_mus_co_g": "38010", "g_mus_co_d": "V", "g_mus_nm_m": "Bécancour", "g_mus_co_m": "38", "g_mus_nm_1": "Bécancour", "g_mus_co_r": "17", "g_mus_nm_r": "Centre-du-Québec", "g_mus_nm_a": null, "g_mus_nm_c": null, "g_mus_da_c": "1965-10-09 00:00:00.0000000", "g_mus_co_1": "CORLIM", "g_mus_da_m": "2021-04-23 00:00:00.0000000", "g_mus_co_s": "MRN-BAGQ", "g_mus_co_2": "SDA20K", "g_mus_co_v": "V2025-01", "g_co_inter": "380", "g_mus_va_s": 495.28, "g_shape_le": 1.4448441118052979, "g_shape_ar": 0.057854997035245999, "g_dat_acqu": "2025-01-30 00:00:00.0000000", "g_dat_char": "2025-01-31 00:00:00.0000000", "g_oid": 8801 }, "geometry": { "type": "MultiPolygon", "coordinates": [ [ [ [ -8066158.936649495735765, 5841695.737131549045444 ], [ -8065953.975653141736984, 5841833.191034060902894 ], [ -8065885.946283889003098, 5841878.01537038013339 ], [ -8065847.004493060521781, 5841900.595565238036215 ], [ -8065885.950499999336898, 5841878.009199996478856 ], [ -8066158.936649495735765, 5841695.737131549045444 ] ] ] ] } },
{ "type": "Feature", "properties": { "level_0": 5, "level_1": 9, "g_objectid": 8801, "g_descript": "Municipalité", "g_mus_co_g": "38010", "g_mus_co_d": "V", "g_mus_nm_m": "Bécancour", "g_mus_co_m": "38", "g_mus_nm_1": "Bécancour", "g_mus_co_r": "17", "g_mus_nm_r": "Centre-du-Québec", "g_mus_nm_a": null, "g_mus_nm_c": null, "g_mus_da_c": "1965-10-09 00:00:00.0000000", "g_mus_co_1": "CORLIM", "g_mus_da_m": "2021-04-23 00:00:00.0000000", "g_mus_co_s": "MRN-BAGQ", "g_mus_co_2": "SDA20K", "g_mus_co_v": "V2025-01", "g_co_inter": "380", "g_mus_va_s": 495.28, "g_shape_le": 1.4448441118052979, "g_shape_ar": 0.057854997035245999, "g_dat_acqu": "2025-01-30 00:00:00.0000000", "g_dat_char": "2025-01-31 00:00:00.0000000", "g_oid": 8801 }, "geometry": { "type": "MultiPolygon", "coordinates": [ [ [ [ -8067936.40568223875016, 5840152.137161155231297 ], [ -8067936.155746066942811, 5840152.414061561226845 ], [ -8067781.546882813796401, 5840309.284589603543282 ], [ -8067277.493846952915192, 5840811.246321951970458 ], [ -8067138.337298396043479, 5840936.738803036510944 ], [ -8066895.238911568187177, 5841137.77934125252068 ], [ -8067138.338299998082221, 5840936.732700003311038 ], [ -8067277.488499999046326, 5840811.244699996896088 ], [ -8067781.549599998630583, 5840309.280600002966821 ], [ -8067936.151799999177456, 5840152.41310000512749 ], [ -8067936.40568223875016, 5840152.137161155231297 ] ] ] ] } },
{ "type": "Feature", "properties": { "level_0": 5, "level_1": 10, "g_objectid": 8801, "g_descript": "Municipalité", "g_mus_co_g": "38010", "g_mus_co_d": "V", "g_mus_nm_m": "Bécancour", "g_mus_co_m": "38", "g_mus_nm_1": "Bécancour", "g_mus_co_r": "17", "g_mus_nm_r": "Centre-du-Québec", "g_mus_nm_a": null, "g_mus_nm_c": null, "g_mus_da_c": "1965-10-09 00:00:00.0000000", "g_mus_co_1": "CORLIM", "g_mus_da_m": "2021-04-23 00:00:00.0000000", "g_mus_co_s": "MRN-BAGQ", "g_mus_co_2": "SDA20K", "g_mus_co_v": "V2025-01", "g_co_inter": "380", "g_mus_va_s": 495.28, "g_shape_le": 1.4448441118052979, "g_shape_ar": 0.057854997035245999, "g_dat_acqu": "2025-01-30 00:00:00.0000000", "g_dat_char": "2025-01-31 00:00:00.0000000", "g_oid": 8801 }, "geometry": { "type": "MultiPolygon", "coordinates": [ [ [ [ -8068264.63938491884619, 5839795.387395639903843 ], [ -8068134.075952371582389, 5839937.309107381850481 ], [ -8068132.083490753546357, 5839939.459389999508858 ], [ -8068264.63938491884619, 5839795.387395639903843 ] ] ] ] } },
{ "type": "Feature", "properties": { "level_0": 5, "level_1": 11, "g_objectid": 8801, "g_descript": "Municipalité", "g_mus_co_g": "38010", "g_mus_co_d": "V", "g_mus_nm_m": "Bécancour", "g_mus_co_m": "38", "g_mus_nm_1": "Bécancour", "g_mus_co_r": "17", "g_mus_nm_r": "Centre-du-Québec", "g_mus_nm_a": null, "g_mus_nm_c": null, "g_mus_da_c": "1965-10-09 00:00:00.0000000", "g_mus_co_1": "CORLIM", "g_mus_da_m": "2021-04-23 00:00:00.0000000", "g_mus_co_s": "MRN-BAGQ", "g_mus_co_2": "SDA20K", "g_mus_co_v": "V2025-01", "g_co_inter": "380", "g_mus_va_s": 495.28, "g_shape_le": 1.4448441118052979, "g_shape_ar": 0.057854997035245999, "g_dat_acqu": "2025-01-30 00:00:00.0000000", "g_dat_char": "2025-01-31 00:00:00.0000000", "g_oid": 8801 }, "geometry": { "type": "MultiPolygon", "coordinates": [ [ [ [ -8068566.151840702630579, 5839440.214112642221153 ], [ -8068504.536096734926105, 5839515.936497969552875 ], [ -8068497.847294094972312, 5839523.349158939905465 ], [ -8068504.529499999247491, 5839515.941200003959239 ], [ -8068566.151840702630579, 5839440.214112642221153 ] ] ] ] } },
{ "type": "Feature", "properties": { "level_0": 5, "level_1": 12, "g_objectid": 8801, "g_descript": "Municipalité", "g_mus_co_g": "38010", "g_mus_co_d": "V", "g_mus_nm_m": "Bécancour", "g_mus_co_m": "38", "g_mus_nm_1": "Bécancour", "g_mus_co_r": "17", "g_mus_nm_r": "Centre-du-Québec", "g_mus_nm_a": null, "g_mus_nm_c": null, "g_mus_da_c": "1965-10-09 00:00:00.0000000", "g_mus_co_1": "CORLIM", "g_mus_da_m": "2021-04-23 00:00:00.0000000", "g_mus_co_s": "MRN-BAGQ", "g_mus_co_2": "SDA20K", "g_mus_co_v": "V2025-01", "g_co_inter": "380", "g_mus_va_s": 495.28, "g_shape_le": 1.4448441118052979, "g_shape_ar": 0.057854997035245999, "g_dat_acqu": "2025-01-30 00:00:00.0000000", "g_dat_char": "2025-01-31 00:00:00.0000000", "g_oid": 8801 }, "geometry": { "type": "MultiPolygon", "coordinates": [ [ [ [ -8069254.479634640738368, 5838533.28158272523433 ], [ -8069228.758289820514619, 5838570.545700312592089 ], [ -8069188.562679313123226, 5838633.278829359449446 ], [ -8068975.187820593826473, 5838924.535702933557332 ], [ -8068870.038720875047147, 5839063.44710595253855 ], [ -8068815.039295439608395, 5839134.30585103854537 ], [ -8068975.182299999520183, 5838924.535199998877943 ], [ -8069188.558899998664856, 5838633.280000001192093 ], [ -8069228.75209999922663, 5838570.549699999392033 ], [ -8069254.479634640738368, 5838533.28158272523433 ] ] ] ] } },
{ "type": "Feature", "properties": { "level_0": 5, "level_1": 13, "g_objectid": 8801, "g_descript": "Municipalité", "g_mus_co_g": "38010", "g_mus_co_d": "V", "g_mus_nm_m": "Bécancour", "g_mus_co_m": "38", "g_mus_nm_1": "Bécancour", "g_mus_co_r": "17", "g_mus_nm_r": "Centre-du-Québec", "g_mus_nm_a": null, "g_mus_nm_c": null, "g_mus_da_c": "1965-10-09 00:00:00.0000000", "g_mus_co_1": "CORLIM", "g_mus_da_m": "2021-04-23 00:00:00.0000000", "g_mus_co_s": "MRN-BAGQ", "g_mus_co_2": "SDA20K", "g_mus_co_v": "V2025-01", "g_co_inter": "380", "g_mus_va_s": 495.28, "g_shape_le": 1.4448441118052979, "g_shape_ar": 0.057854997035245999, "g_dat_acqu": "2025-01-30 00:00:00.0000000", "g_dat_char": "2025-01-31 00:00:00.0000000", "g_oid": 8801 }, "geometry": { "type": "MultiPolygon", "coordinates": [ [ [ [ -8069828.150460229255259, 5837739.301362317055464 ], [ -8069800.843143972568214, 5837773.00251859985292 ], [ -8069714.261089614592493, 5837885.000793342478573 ], [ -8069634.77140234503895, 5837986.883893999271095 ], [ -8069800.840199999511242, 5837773.001900003291667 ], [ -8069828.150460229255259, 5837739.301362317055464 ] ] ] ] } },
{ "type": "Feature", "properties": { "level_0": 5, "level_1": 14, "g_objectid": 8801, "g_descript": "Municipalité", "g_mus_co_g": "38010", "g_mus_co_d": "V", "g_mus_nm_m": "Bécancour", "g_mus_co_m": "38", "g_mus_nm_1": "Bécancour", "g_mus_co_r": "17", "g_mus_nm_r": "Centre-du-Québec", "g_mus_nm_a": null, "g_mus_nm_c": null, "g_mus_da_c": "1965-10-09 00:00:00.0000000", "g_mus_co_1": "CORLIM", "g_mus_da_m": "2021-04-23 00:00:00.0000000", "g_mus_co_s": "MRN-BAGQ", "g_mus_co_2": "SDA20K", "g_mus_co_v": "V2025-01", "g_co_inter": "380", "g_mus_va_s": 495.28, "g_shape_le": 1.4448441118052979, "g_shape_ar": 0.057854997035245999, "g_dat_acqu": "2025-01-30 00:00:00.0000000", "g_dat_char": "2025-01-31 00:00:00.0000000", "g_oid": 8801 }, "geometry": { "type": "MultiPolygon", "coordinates": [ [ [ [ -8070316.542123478837311, 5837230.044830490835011 ], [ -8070175.013246488757432, 5837356.325889223255217 ], [ -8070050.575971119105816, 5837479.629181088879704 ], [ -8070039.49551157746464, 5837492.116404547356069 ], [ -8070050.58, 5837479.623500003479421 ], [ -8070175.011799998581409, 5837356.326699999161065 ], [ -8070316.542123478837311, 5837230.044830490835011 ] ] ] ] } },
{ "type": "Feature", "properties": { "level_0": 5, "level_1": 15, "g_objectid": 8801, "g_descript": "Municipalité", "g_mus_co_g": "38010", "g_mus_co_d": "V", "g_mus_nm_m": "Bécancour", "g_mus_co_m": "38", "g_mus_nm_1": "Bécancour", "g_mus_co_r": "17", "g_mus_nm_r": "Centre-du-Québec", "g_mus_nm_a": null, "g_mus_nm_c": null, "g_mus_da_c": "1965-10-09 00:00:00.0000000", "g_mus_co_1": "CORLIM", "g_mus_da_m": "2021-04-23 00:00:00.0000000", "g_mus_co_s": "MRN-BAGQ", "g_mus_co_2": "SDA20K", "g_mus_co_v": "V2025-01", "g_co_inter": "380", "g_mus_va_s": 495.28, "g_shape_le": 1.4448441118052979, "g_shape_ar": 0.057854997035245999, "g_dat_acqu": "2025-01-30 00:00:00.0000000", "g_dat_char": "2025-01-31 00:00:00.0000000", "g_oid": 8801 }, "geometry": { "type": "MultiPolygon", "coordinates": [ [ [ [ -8071422.821079469285905, 5836414.745911134406924 ], [ -8071223.322721113450825, 5836532.022196016274393 ], [ -8071223.047364609315991, 5836532.205483383499086 ], [ -8071223.318799997679889, 5836532.022799995727837 ], [ -8071422.821079469285905, 5836414.745911134406924 ] ] ] ] } },
{ "type": "Feature", "properties": { "level_0": 5, "level_1": 16, "g_objectid": 8801, "g_descript": "Municipalité", "g_mus_co_g": "38010", "g_mus_co_d": "V", "g_mus_nm_m": "Bécancour", "g_mus_co_m": "38", "g_mus_nm_1": "Bécancour", "g_mus_co_r": "17", "g_mus_nm_r": "Centre-du-Québec", "g_mus_nm_a": null, "g_mus_nm_c": null, "g_mus_da_c": "1965-10-09 00:00:00.0000000", "g_mus_co_1": "CORLIM", "g_mus_da_m": "2021-04-23 00:00:00.0000000", "g_mus_co_s": "MRN-BAGQ", "g_mus_co_2": "SDA20K", "g_mus_co_v": "V2025-01", "g_co_inter": "380", "g_mus_va_s": 495.28, "g_shape_le": 1.4448441118052979, "g_shape_ar": 0.057854997035245999, "g_dat_acqu": "2025-01-30 00:00:00.0000000", "g_dat_char": "2025-01-31 00:00:00.0000000", "g_oid": 8801 }, "geometry": { "type": "MultiPolygon", "coordinates": [ [ [ [ -8071934.499499865807593, 5836099.303236708976328 ], [ -8071888.176010170951486, 5836128.85908321570605 ], [ -8071588.227223451249301, 5836312.525694152340293 ], [ -8071558.617103294469416, 5836330.000316726975143 ], [ -8071588.222999998368323, 5836312.526700003072619 ], [ -8071888.180499997921288, 5836128.854399997740984 ], [ -8071934.499499865807593, 5836099.303236708976328 ] ] ] ] } },
{ "type": "Feature", "properties": { "level_0": 5, "level_1": 17, "g_objectid": 8801, "g_descript": "Municipalité", "g_mus_co_g": "38010", "g_mus_co_d": "V", "g_mus_nm_m": "Bécancour", "g_mus_co_m": "38", "g_mus_nm_1": "Bécancour", "g_mus_co_r": "17", "g_mus_nm_r": "Centre-du-Québec", "g_mus_nm_a": null, "g_mus_nm_c": null, "g_mus_da_c": "1965-10-09 00:00:00.0000000", "g_mus_co_1": "CORLIM", "g_mus_da_m": "2021-04-23 00:00:00.0000000", "g_mus_co_s": "MRN-BAGQ", "g_mus_co_2": "SDA20K", "g_mus_co_v": "V2025-01", "g_co_inter": "380", "g_mus_va_s": 495.28, "g_shape_le": 1.4448441118052979, "g_shape_ar": 0.057854997035245999, "g_dat_acqu": "2025-01-30 00:00:00.0000000", "g_dat_char": "2025-01-31 00:00:00.0000000", "g_oid": 8801 }, "geometry": { "type": "MultiPolygon", "coordinates": [ [ [ [ -8073154.347640359774232, 5835216.434139836579561 ], [ -8073081.82718938216567, 5835273.320056425407529 ], [ -8072488.102192824706435, 5835734.674723540432751 ], [ -8072311.611612941138446, 5835854.159563420340419 ], [ -8072488.095999998040497, 5835734.674900002777576 ], [ -8073154.347640359774232, 5835216.434139836579561 ] ] ] ] } },
{ "type": "Feature", "properties": { "level_0": 5, "level_1": 18, "g_objectid": 8801, "g_descript": "Municipalité", "g_mus_co_g": "38010", "g_mus_co_d": "V", "g_mus_nm_m": "Bécancour", "g_mus_co_m": "38", "g_mus_nm_1": "Bécancour", "g_mus_co_r": "17", "g_mus_nm_r": "Centre-du-Québec", "g_mus_nm_a": null, "g_mus_nm_c": null, "g_mus_da_c": "1965-10-09 00:00:00.0000000", "g_mus_co_1": "CORLIM", "g_mus_da_m": "2021-04-23 00:00:00.0000000", "g_mus_co_s": "MRN-BAGQ", "g_mus_co_2": "SDA20K", "g_mus_co_v": "V2025-01", "g_co_inter": "380", "g_mus_va_s": 495.28, "g_shape_le": 1.4448441118052979, "g_shape_ar": 0.057854997035245999, "g_dat_acqu": "2025-01-30 00:00:00.0000000", "g_dat_char": "2025-01-31 00:00:00.0000000", "g_oid": 8801 }, "geometry": { "type": "MultiPolygon", "coordinates": [ [ [ [ -8073998.856459679082036, 5834357.497233263216913 ], [ -8073870.386048146523535, 5834502.959224294871092 ], [ -8073858.024196391925216, 5834520.870768270455301 ], [ -8073827.100753945298493, 5834552.232544247992337 ], [ -8073765.251308686099946, 5834614.919991107657552 ], [ -8073261.19927470292896, 5835112.084039982408285 ], [ -8073158.295501220971346, 5835212.89947865717113 ], [ -8073765.251199998892844, 5834614.920000000856817 ], [ -8073858.01899999845773, 5834520.867700002156198 ], [ -8073870.382799999788404, 5834502.954900003969669 ], [ -8073998.856459679082036, 5834357.497233263216913 ] ] ] ] } },
{ "type": "Feature", "properties": { "level_0": 5, "level_1": 19, "g_objectid": 8801, "g_descript": "Municipalité", "g_mus_co_g": "38010", "g_mus_co_d": "V", "g_mus_nm_m": "Bécancour", "g_mus_co_m": "38", "g_mus_nm_1": "Bécancour", "g_mus_co_r": "17", "g_mus_nm_r": "Centre-du-Québec", "g_mus_nm_a": null, "g_mus_nm_c": null, "g_mus_da_c": "1965-10-09 00:00:00.0000000", "g_mus_co_1": "CORLIM", "g_mus_da_m": "2021-04-23 00:00:00.0000000", "g_mus_co_s": "MRN-BAGQ", "g_mus_co_2": "SDA20K", "g_mus_co_v": "V2025-01", "g_co_inter": "380", "g_mus_va_s": 495.28, "g_shape_le": 1.4448441118052979, "g_shape_ar": 0.057854997035245999, "g_dat_acqu": "2025-01-30 00:00:00.0000000", "g_dat_char": "2025-01-31 00:00:00.0000000", "g_oid": 8801 }, "geometry": { "type": "MultiPolygon", "coordinates": [ [ [ [ -8074450.774079273454845, 5833727.616475510410964 ], [ -8074423.93625102005899, 5833772.966384926810861 ], [ -8074423.664447570219636, 5833773.369588378816843 ], [ -8074423.93099999986589, 5833772.970700002275407 ], [ -8074450.774079273454845, 5833727.616475510410964 ] ] ] ] } },
{ "type": "Feature", "properties": { "level_0": 5, "level_1": 20, "g_objectid": 8801, "g_descript": "Municipalité", "g_mus_co_g": "38010", "g_mus_co_d": "V", "g_mus_nm_m": "Bécancour", "g_mus_co_m": "38", "g_mus_nm_1": "Bécancour", "g_mus_co_r": "17", "g_mus_nm_r": "Centre-du-Québec", "g_mus_nm_a": null, "g_mus_nm_c": null, "g_mus_da_c": "1965-10-09 00:00:00.0000000", "g_mus_co_1": "CORLIM", "g_mus_da_m": "2021-04-23 00:00:00.0000000", "g_mus_co_s": "MRN-BAGQ", "g_mus_co_2": "SDA20K", "g_mus_co_v": "V2025-01", "g_co_inter": "380", "g_mus_va_s": 495.28, "g_shape_le": 1.4448441118052979, "g_shape_ar": 0.057854997035245999, "g_dat_acqu": "2025-01-30 00:00:00.0000000", "g_dat_char": "2025-01-31 00:00:00.0000000", "g_oid": 8801 }, "geometry": { "type": "MultiPolygon", "coordinates": [ [ [ [ -8074660.462002382613719, 5833364.603647232055664 ], [ -8074603.292751553468406, 5833463.960884287953377 ], [ -8074587.828970912843943, 5833495.311323950067163 ], [ -8074538.354513159953058, 5833575.917325587943196 ], [ -8074527.765107675455511, 5833594.787456351332366 ], [ -8074538.348799998871982, 5833575.92440000269562 ], [ -8074587.83149999845773, 5833495.30599999986589 ], [ -8074603.296099998988211, 5833463.953600002452731 ], [ -8074660.462002382613719, 5833364.603647232055664 ] ] ] ] } },
{ "type": "Feature", "properties": { "level_0": 5, "level_1": 21, "g_objectid": 8801, "g_descript": "Municipalité", "g_mus_co_g": "38010", "g_mus_co_d": "V", "g_mus_nm_m": "Bécancour", "g_mus_co_m": "38", "g_mus_nm_1": "Bécancour", "g_mus_co_r": "17", "g_mus_nm_r": "Centre-du-Québec", "g_mus_nm_a": null, "g_mus_nm_c": null, "g_mus_da_c": "1965-10-09 00:00:00.0000000", "g_mus_co_1": "CORLIM", "g_mus_da_m": "2021-04-23 00:00:00.0000000", "g_mus_co_s": "MRN-BAGQ", "g_mus_co_2": "SDA20K", "g_mus_co_v": "V2025-01", "g_co_inter": "380", "g_mus_va_s": 495.28, "g_shape_le": 1.4448441118052979, "g_shape_ar": 0.057854997035245999, "g_dat_acqu": "2025-01-30 00:00:00.0000000", "g_dat_char": "2025-01-31 00:00:00.0000000", "g_oid": 8801 }, "geometry": { "type": "MultiPolygon", "coordinates": [ [ [ [ -8074763.2675994746387, 5833161.099992269650102 ], [ -8074674.414142224006355, 5833338.580392049625516 ], [ -8074665.135440357029438, 5833356.481231349520385 ], [ -8074763.2675994746387, 5833161.099992269650102 ] ] ] ] } },
{ "type": "Feature", "properties": { "level_0": 5, "level_1": 22, "g_objectid": 8801, "g_descript": "Municipalité", "g_mus_co_g": "38010", "g_mus_co_d": "V", "g_mus_nm_m": "Bécancour", "g_mus_co_m": "38", "g_mus_nm_1": "Bécancour", "g_mus_co_r": "17", "g_mus_nm_r": "Centre-du-Québec", "g_mus_nm_a": null, "g_mus_nm_c": null, "g_mus_da_c": "1965-10-09 00:00:00.0000000", "g_mus_co_1": "CORLIM", "g_mus_da_m": "2021-04-23 00:00:00.0000000", "g_mus_co_s": "MRN-BAGQ", "g_mus_co_2": "SDA20K", "g_mus_co_v": "V2025-01", "g_co_inter": "380", "g_mus_va_s": 495.28, "g_shape_le": 1.4448441118052979, "g_shape_ar": 0.057854997035245999, "g_dat_acqu": "2025-01-30 00:00:00.0000000", "g_dat_char": "2025-01-31 00:00:00.0000000", "g_oid": 8801 }, "geometry": { "type": "MultiPolygon", "coordinates": [ [ [ [ -8075041.128843552432954, 5832655.693492114543915 ], [ -8074999.113015265204012, 5832729.580980656668544 ], [ -8074811.535025982186198, 5833058.147193556651473 ], [ -8075041.128843552432954, 5832655.693492114543915 ] ] ] ] } },
{ "type": "Feature", "properties": { "level_0": 5, "level_1": 23, "g_objectid": 8801, "g_descript": "Municipalité", "g_mus_co_g": "38010", "g_mus_co_d": "V", "g_mus_nm_m": "Bécancour", "g_mus_co_m": "38", "g_mus_nm_1": "Bécancour", "g_mus_co_r": "17", "g_mus_nm_r": "Centre-du-Québec", "g_mus_nm_a": null, "g_mus_nm_c": null, "g_mus_da_c": "1965-10-09 00:00:00.0000000", "g_mus_co_1": "CORLIM", "g_mus_da_m": "2021-04-23 00:00:00.0000000", "g_mus_co_s": "MRN-BAGQ", "g_mus_co_2": "SDA20K", "g_mus_co_v": "V2025-01", "g_co_inter": "380", "g_mus_va_s": 495.28, "g_shape_le": 1.4448441118052979, "g_shape_ar": 0.057854997035245999, "g_dat_acqu": "2025-01-30 00:00:00.0000000", "g_dat_char": "2025-01-31 00:00:00.0000000", "g_oid": 8801 }, "geometry": { "type": "MultiPolygon", "coordinates": [ [ [ [ -8075155.94268242828548, 5832478.875662060454488 ], [ -8075150.632751415483654, 5832487.778238132596016 ], [ -8075132.999422561377287, 5832514.7707255249843 ], [ -8075150.634299998171628, 5832487.774500002153218 ], [ -8075155.94268242828548, 5832478.875662060454488 ] ] ] ] } },
{ "type": "Feature", "properties": { "level_0": 5, "level_1": 24, "g_objectid": 8801, "g_descript": "Municipalité", "g_mus_co_g": "38010", "g_mus_co_d": "V", "g_mus_nm_m": "Bécancour", "g_mus_co_m": "38", "g_mus_nm_1": "Bécancour", "g_mus_co_r": "17", "g_mus_nm_r": "Centre-du-Québec", "g_mus_nm_a": null, "g_mus_nm_c": null, "g_mus_da_c": "1965-10-09 00:00:00.0000000", "g_mus_co_1": "CORLIM", "g_mus_da_m": "2021-04-23 00:00:00.0000000", "g_mus_co_s": "MRN-BAGQ", "g_mus_co_2": "SDA20K", "g_mus_co_v": "V2025-01", "g_co_inter": "380", "g_mus_va_s": 495.28, "g_shape_le": 1.4448441118052979, "g_shape_ar": 0.057854997035245999, "g_dat_acqu": "2025-01-30 00:00:00.0000000", "g_dat_char": "2025-01-31 00:00:00.0000000", "g_oid": 8801 }, "geometry": { "type": "MultiPolygon", "coordinates": [ [ [ [ -8075737.48835872579366, 5831678.215211943723261 ], [ -8075654.692355153150856, 5831780.322536210529506 ], [ -8075461.906453059054911, 5832038.794038628228009 ], [ -8075654.693699998781085, 5831780.318199996836483 ], [ -8075737.48835872579366, 5831678.215211943723261 ] ] ] ] } },
{ "type": "Feature", "properties": { "level_0": 5, "level_1": 25, "g_objectid": 8801, "g_descript": "Municipalité", "g_mus_co_g": "38010", "g_mus_co_d": "V", "g_mus_nm_m": "Bécancour", "g_mus_co_m": "38", "g_mus_nm_1": "Bécancour", "g_mus_co_r": "17", "g_mus_nm_r": "Centre-du-Québec", "g_mus_nm_a": null, "g_mus_nm_c": null, "g_mus_da_c": "1965-10-09 00:00:00.0000000", "g_mus_co_1": "CORLIM", "g_mus_da_m": "2021-04-23 00:00:00.0000000", "g_mus_co_s": "MRN-BAGQ", "g_mus_co_2": "SDA20K", "g_mus_co_v": "V2025-01", "g_co_inter": "380", "g_mus_va_s": 495.28, "g_shape_le": 1.4448441118052979, "g_shape_ar": 0.057854997035245999, "g_dat_acqu": "2025-01-30 00:00:00.0000000", "g_dat_char": "2025-01-31 00:00:00.0000000", "g_oid": 8801 }, "geometry": { "type": "MultiPolygon", "coordinates": [ [ [ [ -8076355.372474445030093, 5830896.762344824150205 ], [ -8076198.953358029946685, 5831090.857169566676021 ], [ -8076093.811382777057588, 5831229.64680805709213 ], [ -8076056.706235214136541, 5831274.414033271372318 ], [ -8076056.486378327943385, 5831274.700448805466294 ], [ -8076056.707699998281896, 5831274.409200005233288 ], [ -8076093.806699997745454, 5831229.647499998100102 ], [ -8076198.950399997644126, 5831090.851199997588992 ], [ -8076355.372474445030093, 5830896.762344824150205 ] ] ] ] } },
{ "type": "Feature", "properties": { "level_0": 5, "level_1": 26, "g_objectid": 8801, "g_descript": "Municipalité", "g_mus_co_g": "38010", "g_mus_co_d": "V", "g_mus_nm_m": "Bécancour", "g_mus_co_m": "38", "g_mus_nm_1": "Bécancour", "g_mus_co_r": "17", "g_mus_nm_r": "Centre-du-Québec", "g_mus_nm_a": null, "g_mus_nm_c": null, "g_mus_da_c": "1965-10-09 00:00:00.0000000", "g_mus_co_1": "CORLIM", "g_mus_da_m": "2021-04-23 00:00:00.0000000", "g_mus_co_s": "MRN-BAGQ", "g_mus_co_2": "SDA20K", "g_mus_co_v": "V2025-01", "g_co_inter": "380", "g_mus_va_s": 495.28, "g_shape_le": 1.4448441118052979, "g_shape_ar": 0.057854997035245999, "g_dat_acqu": "2025-01-30 00:00:00.0000000", "g_dat_char": "2025-01-31 00:00:00.0000000", "g_oid": 8801 }, "geometry": { "type": "MultiPolygon", "coordinates": [ [ [ [ -8076626.189334783703089, 5830535.295151371508837 ], [ -8076626.128762746229768, 5830535.3739531673491 ], [ -8076626.110863860696554, 5830535.397557783871889 ], [ -8076626.133499997667968, 5830535.367300003767014 ], [ -8076626.189334783703089, 5830535.295151371508837 ] ] ] ] } },
{ "type": "Feature", "properties": { "level_0": 5, "level_1": 27, "g_objectid": 8801, "g_descript": "Municipalité", "g_mus_co_g": "38010", "g_mus_co_d": "V", "g_mus_nm_m": "Bécancour", "g_mus_co_m": "38", "g_mus_nm_1": "Bécancour", "g_mus_co_r": "17", "g_mus_nm_r": "Centre-du-Québec", "g_mus_nm_a": null, "g_mus_nm_c": null, "g_mus_da_c": "1965-10-09 00:00:00.0000000", "g_mus_co_1": "CORLIM", "g_mus_da_m": "2021-04-23 00:00:00.0000000", "g_mus_co_s": "MRN-BAGQ", "g_mus_co_2": "SDA20K", "g_mus_co_v": "V2025-01", "g_co_inter": "380", "g_mus_va_s": 495.28, "g_shape_le": 1.4448441118052979, "g_shape_ar": 0.057854997035245999, "g_dat_acqu": "2025-01-30 00:00:00.0000000", "g_dat_char": "2025-01-31 00:00:00.0000000", "g_oid": 8801 }, "geometry": { "type": "MultiPolygon", "coordinates": [ [ [ [ -8077534.329838002100587, 5829385.513227118179202 ], [ -8077534.003179810941219, 5829385.854496815241873 ], [ -8077263.262395950965583, 5829766.925249481573701 ], [ -8077241.158940139226615, 5829782.234602891840041 ], [ -8077176.983465669676661, 5829842.352446448989213 ], [ -8077176.390267566777766, 5829843.074351606890559 ], [ -8077176.983999999240041, 5829842.347000002861023 ], [ -8077241.155199998058379, 5829782.235600003041327 ], [ -8077263.265499998815358, 5829766.918499998748302 ], [ -8077534.00650000013411, 5829385.847900003194809 ], [ -8077534.329838002100587, 5829385.513227118179202 ] ] ] ] } },
{ "type": "Feature", "properties": { "level_0": 5, "level_1": 28, "g_objectid": 8801, "g_descript": "Municipalité", "g_mus_co_g": "38010", "g_mus_co_d": "V", "g_mus_nm_m": "Bécancour", "g_mus_co_m": "38", "g_mus_nm_1": "Bécancour", "g_mus_co_r": "17", "g_mus_nm_r": "Centre-du-Québec", "g_mus_nm_a": null, "g_mus_nm_c": null, "g_mus_da_c": "1965-10-09 00:00:00.0000000", "g_mus_co_1": "CORLIM", "g_mus_da_m": "2021-04-23 00:00:00.0000000", "g_mus_co_s": "MRN-BAGQ", "g_mus_co_2": "SDA20K", "g_mus_co_v": "V2025-01", "g_co_inter": "380", "g_mus_va_s": 495.28, "g_shape_le": 1.4448441118052979, "g_shape_ar": 0.057854997035245999, "g_dat_acqu": "2025-01-30 00:00:00.0000000", "g_dat_char": "2025-01-31 00:00:00.0000000", "g_oid": 8801 }, "geometry": { "type": "MultiPolygon", "coordinates": [ [ [ [ -8077769.195143514312804, 5829144.686831274069846 ], [ -8077768.830272950232029, 5829145.047388447448611 ], [ -8077689.812405492179096, 5829224.586538613773882 ], [ -8077689.1423100810498, 5829225.27367530670017 ], [ -8077689.809399999678135, 5829224.583200000226498 ], [ -8077768.829499998129904, 5829145.044799998402596 ], [ -8077769.195143514312804, 5829144.686831274069846 ] ] ] ] } },
{ "type": "Feature", "properties": { "level_0": 5, "level_1": 29, "g_objectid": 8801, "g_descript": "Municipalité", "g_mus_co_g": "38010", "g_mus_co_d": "V", "g_mus_nm_m": "Bécancour", "g_mus_co_m": "38", "g_mus_nm_1": "Bécancour", "g_mus_co_r": "17", "g_mus_nm_r": "Centre-du-Québec", "g_mus_nm_a": null, "g_mus_nm_c": null, "g_mus_da_c": "1965-10-09 00:00:00.0000000", "g_mus_co_1": "CORLIM", "g_mus_da_m": "2021-04-23 00:00:00.0000000", "g_mus_co_s": "MRN-BAGQ", "g_mus_co_2": "SDA20K", "g_mus_co_v": "V2025-01", "g_co_inter": "380", "g_mus_va_s": 495.28, "g_shape_le": 1.4448441118052979, "g_shape_ar": 0.057854997035245999, "g_dat_acqu": "2025-01-30 00:00:00.0000000", "g_dat_char": "2025-01-31 00:00:00.0000000", "g_oid": 8801 }, "geometry": { "type": "MultiPolygon", "coordinates": [ [ [ [ -8078092.401879094541073, 5828834.102896886877716 ], [ -8078092.129854911006987, 5828834.352415666915476 ], [ -8078091.853808506391943, 5828834.610419658944011 ], [ -8078092.126799998804927, 5828834.352899997495115 ], [ -8078092.401879094541073, 5828834.102896886877716 ] ] ] ] } },
{ "type": "Feature", "properties": { "level_0": 5, "level_1": 30, "g_objectid": 8801, "g_descript": "Municipalité", "g_mus_co_g": "38010", "g_mus_co_d": "V", "g_mus_nm_m": "Bécancour", "g_mus_co_m": "38", "g_mus_nm_1": "Bécancour", "g_mus_co_r": "17", "g_mus_nm_r": "Centre-du-Québec", "g_mus_nm_a": null, "g_mus_nm_c": null, "g_mus_da_c": "1965-10-09 00:00:00.0000000", "g_mus_co_1": "CORLIM", "g_mus_da_m": "2021-04-23 00:00:00.0000000", "g_mus_co_s": "MRN-BAGQ", "g_mus_co_2": "SDA20K", "g_mus_co_v": "V2025-01", "g_co_inter": "380", "g_mus_va_s": 495.28, "g_shape_le": 1.4448441118052979, "g_shape_ar": 0.057854997035245999, "g_dat_acqu": "2025-01-30 00:00:00.0000000", "g_dat_char": "2025-01-31 00:00:00.0000000", "g_oid": 8801 }, "geometry": { "type": "MultiPolygon", "coordinates": [ [ [ [ -8078258.877966648899019, 5828682.83082440122962 ], [ -8078258.033680031076074, 5828683.576971082948148 ], [ -8078257.199674296192825, 5828684.327933341264725 ], [ -8078258.032199999317527, 5828683.571299997158349 ], [ -8078258.877966648899019, 5828682.83082440122962 ] ] ] ] } },
{ "type": "Feature", "properties": { "level_0": 5, "level_1": 31, "g_objectid": 8801, "g_descript": "Municipalité", "g_mus_co_g": "38010", "g_mus_co_d": "V", "g_mus_nm_m": "Bécancour", "g_mus_co_m": "38", "g_mus_nm_1": "Bécancour", "g_mus_co_r": "17", "g_mus_nm_r": "Centre-du-Québec", "g_mus_nm_a": null, "g_mus_nm_c": null, "g_mus_da_c": "1965-10-09 00:00:00.0000000", "g_mus_co_1": "CORLIM", "g_mus_da_m": "2021-04-23 00:00:00.0000000", "g_mus_co_s": "MRN-BAGQ", "g_mus_co_2": "SDA20K", "g_mus_co_v": "V2025-01", "g_co_inter": "380", "g_mus_va_s": 495.28, "g_shape_le": 1.4448441118052979, "g_shape_ar": 0.057854997035245999, "g_dat_acqu": "2025-01-30 00:00:00.0000000", "g_dat_char": "2025-01-31 00:00:00.0000000", "g_oid": 8801 }, "geometry": { "type": "MultiPolygon", "coordinates": [ [ [ [ -8078491.291154141537845, 5828480.928415431641042 ], [ -8078426.685770741663873, 5828535.919327672570944 ], [ -8078425.999782432802022, 5828536.514311938546598 ], [ -8078426.681799998506904, 5828535.917199998162687 ], [ -8078491.291154141537845, 5828480.928415431641042 ] ] ] ] } },
{ "type": "Feature", "properties": { "level_0": 5, "level_1": 32, "g_objectid": 8801, "g_descript": "Municipalité", "g_mus_co_g": "38010", "g_mus_co_d": "V", "g_mus_nm_m": "Bécancour", "g_mus_co_m": "38", "g_mus_nm_1": "Bécancour", "g_mus_co_r": "17", "g_mus_nm_r": "Centre-du-Québec", "g_mus_nm_a": null, "g_mus_nm_c": null, "g_mus_da_c": "1965-10-09 00:00:00.0000000", "g_mus_co_1": "CORLIM", "g_mus_da_m": "2021-04-23 00:00:00.0000000", "g_mus_co_s": "MRN-BAGQ", "g_mus_co_2": "SDA20K", "g_mus_co_v": "V2025-01", "g_co_inter": "380", "g_mus_va_s": 495.28, "g_shape_le": 1.4448441118052979, "g_shape_ar": 0.057854997035245999, "g_dat_acqu": "2025-01-30 00:00:00.0000000", "g_dat_char": "2025-01-31 00:00:00.0000000", "g_oid": 8801 }, "geometry": { "type": "MultiPolygon", "coordinates": [ [ [ [ -8078894.952304592356086, 5828141.490247779525816 ], [ -8078842.91008073836565, 5828185.782021739520133 ], [ -8078700.661288128234446, 5828306.620550309307873 ], [ -8078567.696463475935161, 5828418.50928994640708 ], [ -8078541.287931891158223, 5828439.746803034096956 ], [ -8078567.702399998903275, 5828418.502999997697771 ], [ -8078894.952304592356086, 5828141.490247779525816 ] ] ] ] } },
{ "type": "Feature", "properties": { "level_0": 5, "level_1": 33, "g_objectid": 8801, "g_descript": "Municipalité", "g_mus_co_g": "38010", "g_mus_co_d": "V", "g_mus_nm_m": "Bécancour", "g_mus_co_m": "38", "g_mus_nm_1": "Bécancour", "g_mus_co_r": "17", "g_mus_nm_r": "Centre-du-Québec", "g_mus_nm_a": null, "g_mus_nm_c": null, "g_mus_da_c": "1965-10-09 00:00:00.0000000", "g_mus_co_1": "CORLIM", "g_mus_da_m": "2021-04-23 00:00:00.0000000", "g_mus_co_s": "MRN-BAGQ", "g_mus_co_2": "SDA20K", "g_mus_co_v": "V2025-01", "g_co_inter": "380", "g_mus_va_s": 495.28, "g_shape_le": 1.4448441118052979, "g_shape_ar": 0.057854997035245999, "g_dat_acqu": "2025-01-30 00:00:00.0000000", "g_dat_char": "2025-01-31 00:00:00.0000000", "g_oid": 8801 }, "geometry": { "type": "MultiPolygon", "coordinates": [ [ [ [ -8079009.653512861579657, 5828051.517436218447983 ], [ -8079003.716567849740386, 5828056.000516698695719 ], [ -8078989.415336683392525, 5828067.236879959702492 ], [ -8079003.715699998661876, 5828056.000799998641014 ], [ -8079009.653512861579657, 5828051.517436218447983 ] ] ] ] } },
{ "type": "Feature", "properties": { "level_0": 5, "level_1": 34, "g_objectid": 8801, "g_descript": "Municipalité", "g_mus_co_g": "38010", "g_mus_co_d": "V", "g_mus_nm_m": "Bécancour", "g_mus_co_m": "38", "g_mus_nm_1": "Bécancour", "g_mus_co_r": "17", "g_mus_nm_r": "Centre-du-Québec", "g_mus_nm_a": null, "g_mus_nm_c": null, "g_mus_da_c": "1965-10-09 00:00:00.0000000", "g_mus_co_1": "CORLIM", "g_mus_da_m": "2021-04-23 00:00:00.0000000", "g_mus_co_s": "MRN-BAGQ", "g_mus_co_2": "SDA20K", "g_mus_co_v": "V2025-01", "g_co_inter": "380", "g_mus_va_s": 495.28, "g_shape_le": 1.4448441118052979, "g_shape_ar": 0.057854997035245999, "g_dat_acqu": "2025-01-30 00:00:00.0000000", "g_dat_char": "2025-01-31 00:00:00.0000000", "g_oid": 8801 }, "geometry": { "type": "MultiPolygon", "coordinates": [ [ [ [ -8079397.858255615457892, 5827757.50951724499464 ], [ -8079393.344996337778866, 5827760.633467249572277 ], [ -8079376.923804112710059, 5827772.682509775273502 ], [ -8079393.338999998755753, 5827760.637500002980232 ], [ -8079397.858255615457892, 5827757.50951724499464 ] ] ] ] } },
{ "type": "Feature", "properties": { "level_0": 5, "level_1": 35, "g_objectid": 8801, "g_descript": "Municipalité", "g_mus_co_g": "38010", "g_mus_co_d": "V", "g_mus_nm_m": "Bécancour", "g_mus_co_m": "38", "g_mus_nm_1": "Bécancour", "g_mus_co_r": "17", "g_mus_nm_r": "Centre-du-Québec", "g_mus_nm_a": null, "g_mus_nm_c": null, "g_mus_da_c": "1965-10-09 00:00:00.0000000", "g_mus_co_1": "CORLIM", "g_mus_da_m": "2021-04-23 00:00:00.0000000", "g_mus_co_s": "MRN-BAGQ", "g_mus_co_2": "SDA20K", "g_mus_co_v": "V2025-01", "g_co_inter": "380", "g_mus_va_s": 495.28, "g_shape_le": 1.4448441118052979, "g_shape_ar": 0.057854997035245999, "g_dat_acqu": "2025-01-30 00:00:00.0000000", "g_dat_char": "2025-01-31 00:00:00.0000000", "g_oid": 8801 }, "geometry": { "type": "MultiPolygon", "coordinates": [ [ [ [ -8079866.024635912850499, 5827438.893213516101241 ], [ -8079813.896088032051921, 5827469.752348452806473 ], [ -8079801.312790894880891, 5827479.463061965070665 ], [ -8079813.89429999794811, 5827469.751500003039837 ], [ -8079866.024635912850499, 5827438.893213516101241 ] ] ] ] } },
{ "type": "Feature", "properties": { "level_0": 5, "level_1": 36, "g_objectid": 8801, "g_descript": "Municipalité", "g_mus_co_g": "38010", "g_mus_co_d": "V", "g_mus_nm_m": "Bécancour", "g_mus_co_m": "38", "g_mus_nm_1": "Bécancour", "g_mus_co_r": "17", "g_mus_nm_r": "Centre-du-Québec", "g_mus_nm_a": null, "g_mus_nm_c": null, "g_mus_da_c": "1965-10-09 00:00:00.0000000", "g_mus_co_1": "CORLIM", "g_mus_da_m": "2021-04-23 00:00:00.0000000", "g_mus_co_s": "MRN-BAGQ", "g_mus_co_2": "SDA20K", "g_mus_co_v": "V2025-01", "g_co_inter": "380", "g_mus_va_s": 495.28, "g_shape_le": 1.4448441118052979, "g_shape_ar": 0.057854997035245999, "g_dat_acqu": "2025-01-30 00:00:00.0000000", "g_dat_char": "2025-01-31 00:00:00.0000000", "g_oid": 8801 }, "geometry": { "type": "MultiPolygon", "coordinates": [ [ [ [ -8080366.730276860296726, 5827132.975466996431351 ], [ -8080222.086552494205534, 5827214.659709383733571 ], [ -8080089.11360149178654, 5827295.222834840416908 ], [ -8079945.483046256937087, 5827388.295442944392562 ], [ -8080089.114499998278916, 5827295.221499999053776 ], [ -8080222.087099999189377, 5827214.65889999922365 ], [ -8080366.730276860296726, 5827132.975466996431351 ] ] ] ] } },
{ "type": "Feature", "properties": { "level_0": 5, "level_1": 37, "g_objectid": 8801, "g_descript": "Municipalité", "g_mus_co_g": "38010", "g_mus_co_d": "V", "g_mus_nm_m": "Bécancour", "g_mus_co_m": "38", "g_mus_nm_1": "Bécancour", "g_mus_co_r": "17", "g_mus_nm_r": "Centre-du-Québec", "g_mus_nm_a": null, "g_mus_nm_c": null, "g_mus_da_c": "1965-10-09 00:00:00.0000000", "g_mus_co_1": "CORLIM", "g_mus_da_m": "2021-04-23 00:00:00.0000000", "g_mus_co_s": "MRN-BAGQ", "g_mus_co_2": "SDA20K", "g_mus_co_v": "V2025-01", "g_co_inter": "380", "g_mus_va_s": 495.28, "g_shape_le": 1.4448441118052979, "g_shape_ar": 0.057854997035245999, "g_dat_acqu": "2025-01-30 00:00:00.0000000", "g_dat_char": "2025-01-31 00:00:00.0000000", "g_oid": 8801 }, "geometry": { "type": "MultiPolygon", "coordinates": [ [ [ [ -8081746.574415548704565, 5826445.00504419952631 ], [ -8081700.224407584406435, 5826467.382771384902298 ], [ -8081379.41249533277005, 5826614.669552193954587 ], [ -8081746.574415548704565, 5826445.00504419952631 ] ] ] ] } },
{ "type": "Feature", "properties": { "level_0": 5, "level_1": 38, "g_objectid": 8801, "g_descript": "Municipalité", "g_mus_co_g": "38010", "g_mus_co_d": "V", "g_mus_nm_m": "Bécancour", "g_mus_co_m": "38", "g_mus_nm_1": "Bécancour", "g_mus_co_r": "17", "g_mus_nm_r": "Centre-du-Québec", "g_mus_nm_a": null, "g_mus_nm_c": null, "g_mus_da_c": "1965-10-09 00:00:00.0000000", "g_mus_co_1": "CORLIM", "g_mus_da_m": "2021-04-23 00:00:00.0000000", "g_mus_co_s": "MRN-BAGQ", "g_mus_co_2": "SDA20K", "g_mus_co_v": "V2025-01", "g_co_inter": "380", "g_mus_va_s": 495.28, "g_shape_le": 1.4448441118052979, "g_shape_ar": 0.057854997035245999, "g_dat_acqu": "2025-01-30 00:00:00.0000000", "g_dat_char": "2025-01-31 00:00:00.0000000", "g_oid": 8801 }, "geometry": { "type": "MultiPolygon", "coordinates": [ [ [ [ -8083029.485598064959049, 5825852.97842363640666 ], [ -8083029.487821198999882, 5825852.980769253335893 ], [ -8083026.009408422745764, 5825854.677401680499315 ], [ -8082695.955491807311773, 5826015.446602418087423 ], [ -8082001.604322880506516, 5826328.080551068298519 ], [ -8081848.645777077414095, 5826400.252570673823357 ], [ -8081751.246090552769601, 5826442.955516462214291 ], [ -8081848.639999997802079, 5826400.245599998161197 ], [ -8082001.5976, 5826328.079100005328655 ], [ -8082695.958699999377131, 5826015.444499997422099 ], [ -8083029.485598064959049, 5825852.97842363640666 ] ] ] ] } },
{ "type": "Feature", "properties": { "level_0": 6, "level_1": 0, "g_objectid": 453, "g_descript": "Municipalité", "g_mus_co_g": "50072", "g_mus_co_d": "V", "g_mus_nm_m": "Nicolet", "g_mus_co_m": "50", "g_mus_nm_1": "Nicolet-Yamaska", "g_mus_co_r": "17", "g_mus_nm_r": "Centre-du-Québec", "g_mus_nm_a": null, "g_mus_nm_c": null, "g_mus_da_c": "2000-12-27 00:00:00.0000000", "g_mus_co_1": "ERERGR", "g_mus_da_m": "2000-12-27 00:00:00.0000000", "g_mus_co_s": "MRN-BAGQ", "g_mus_co_2": "SDA20K", "g_mus_co_v": "V2025-01", "g_co_inter": "500", "g_mus_va_s": 129.3, "g_shape_le": 0.547944336101303, "g_shape_ar": 0.015076610974661, "g_dat_acqu": "2025-01-30 00:00:00.0000000", "g_dat_char": "2025-01-31 00:00:00.0000000", "g_oid": 453 }, "geometry": { "type": "MultiPolygon", "coordinates": [ [ [ [ -8084438.368256573565304, 5825139.356051034294069 ], [ -8083966.898634810931981, 5825384.58272045943886 ], [ -8083861.75443316809833, 5825438.273056889884174 ], [ -8083029.487821198999882, 5825852.980769253335893 ], [ -8083029.485598064959049, 5825852.97842363640666 ], [ -8083029.491599998436868, 5825852.97550000064075 ], [ -8083861.759799999184906, 5825438.269500000402331 ], [ -8084438.368256573565304, 5825139.356051034294069 ] ] ] ] } },
{ "type": "Feature", "properties": { "level_0": 6, "level_1": 1, "g_objectid": 453, "g_descript": "Municipalité", "g_mus_co_g": "50072", "g_mus_co_d": "V", "g_mus_nm_m": "Nicolet", "g_mus_co_m": "50", "g_mus_nm_1": "Nicolet-Yamaska", "g_mus_co_r": "17", "g_mus_nm_r": "Centre-du-Québec", "g_mus_nm_a": null, "g_mus_nm_c": null, "g_mus_da_c": "2000-12-27 00:00:00.0000000", "g_mus_co_1": "ERERGR", "g_mus_da_m": "2000-12-27 00:00:00.0000000", "g_mus_co_s": "MRN-BAGQ", "g_mus_co_2": "SDA20K", "g_mus_co_v": "V2025-01", "g_co_inter": "500", "g_mus_va_s": 129.3, "g_shape_le": 0.547944336101303, "g_shape_ar": 0.015076610974661, "g_dat_acqu": "2025-01-30 00:00:00.0000000", "g_dat_char": "2025-01-31 00:00:00.0000000", "g_oid": 453 }, "geometry": { "type": "MultiPolygon", "coordinates": [ [ [ [ -8088366.789445679634809, 5822980.367058652453125 ], [ -8087349.910815361887217, 5823532.487518950365484 ], [ -8087300.432906690053642, 5823559.326369382441044 ], [ -8086647.944141063839197, 5823921.663347044028342 ], [ -8086530.382171738892794, 5823983.17413563746959 ], [ -8086647.943, 5823921.660599999129772 ], [ -8087300.433799998834729, 5823559.323300004005432 ], [ -8088366.789445679634809, 5822980.367058652453125 ] ] ] ] } },
{ "type": "Feature", "properties": { "level_0": 6, "level_1": 2, "g_objectid": 453, "g_descript": "Municipalité", "g_mus_co_g": "50072", "g_mus_co_d": "V", "g_mus_nm_m": "Nicolet", "g_mus_co_m": "50", "g_mus_nm_1": "Nicolet-Yamaska", "g_mus_co_r": "17", "g_mus_nm_r": "Centre-du-Québec", "g_mus_nm_a": null, "g_mus_nm_c": null, "g_mus_da_c": "2000-12-27 00:00:00.0000000", "g_mus_co_1": "ERERGR", "g_mus_da_m": "2000-12-27 00:00:00.0000000", "g_mus_co_s": "MRN-BAGQ", "g_mus_co_2": "SDA20K", "g_mus_co_v": "V2025-01", "g_co_inter": "500", "g_mus_va_s": 129.3, "g_shape_le": 0.547944336101303, "g_shape_ar": 0.015076610974661, "g_dat_acqu": "2025-01-30 00:00:00.0000000", "g_dat_char": "2025-01-31 00:00:00.0000000", "g_oid": 453 }, "geometry": { "type": "MultiPolygon", "coordinates": [ [ [ [ -8089478.704285540618002, 5822392.187531683593988 ], [ -8089353.746412831358612, 5822458.98028429877013 ], [ -8089032.138670639134943, 5822624.475376957096159 ], [ -8088642.840565086342394, 5822832.384348919615149 ], [ -8089032.138999997638166, 5822624.472299998626113 ], [ -8089353.748499998822808, 5822458.978000001050532 ], [ -8089478.704285540618002, 5822392.187531683593988 ] ] ] ] } },
{ "type": "Feature", "properties": { "level_0": 6, "level_1": 3, "g_objectid": 453, "g_descript": "Municipalité", "g_mus_co_g": "50072", "g_mus_co_d": "V", "g_mus_nm_m": "Nicolet", "g_mus_co_m": "50", "g_mus_nm_1": "Nicolet-Yamaska", "g_mus_co_r": "17", "g_mus_nm_r": "Centre-du-Québec", "g_mus_nm_a": null, "g_mus_nm_c": null, "g_mus_da_c": "2000-12-27 00:00:00.0000000", "g_mus_co_1": "ERERGR", "g_mus_da_m": "2000-12-27 00:00:00.0000000", "g_mus_co_s": "MRN-BAGQ", "g_mus_co_2": "SDA20K", "g_mus_co_v": "V2025-01", "g_co_inter": "500", "g_mus_va_s": 129.3, "g_shape_le": 0.547944336101303, "g_shape_ar": 0.015076610974661, "g_dat_acqu": "2025-01-30 00:00:00.0000000", "g_dat_char": "2025-01-31 00:00:00.0000000", "g_oid": 453 }, "geometry": { "type": "MultiPolygon", "coordinates": [ [ [ [ -8091717.20805287361145, 5821120.511214298196137 ], [ -8091577.154715522192419, 5821206.776844678446651 ], [ -8091354.508356666192412, 5821340.921912485733628 ], [ -8091144.225964644923806, 5821466.135088180191815 ], [ -8090510.289104877971113, 5821828.387766635976732 ], [ -8090377.324836831539869, 5821904.41273823659867 ], [ -8090259.812549512833357, 5821971.49538940563798 ], [ -8089907.271902684122324, 5822163.800494270399213 ], [ -8089902.01385822892189, 5822166.083154593594372 ], [ -8089907.269899998791516, 5822163.80080000218004 ], [ -8090259.806899999268353, 5821971.48860000167042 ], [ -8091144.22339999768883, 5821466.130400003865361 ], [ -8091577.160399998538196, 5821206.771999998018146 ], [ -8091717.20805287361145, 5821120.511214298196137 ] ] ] ] } },
{ "type": "Feature", "properties": { "level_0": 7, "level_1": 0, "g_objectid": 8786, "g_descript": "Municipalité", "g_mus_co_g": "37067", "g_mus_co_d": "V", "g_mus_nm_m": "Trois-Rivières", "g_mus_co_m": "371", "g_mus_nm_1": "Trois-Rivières", "g_mus_co_r": "04", "g_mus_nm_r": "Mauricie", "g_mus_nm_a": null, "g_mus_nm_c": null, "g_mus_da_c": "2002-01-01 00:00:00.0000000", "g_mus_co_1": "DEMEMB", "g_mus_da_m": "2011-01-01 00:00:00.0000000", "g_mus_co_s": "MRN-BAGQ", "g_mus_co_2": "SDA20K", "g_mus_co_v": "V2025-01", "g_co_inter": "37067", "g_mus_va_s": 334.2, "g_shape_le": 1.062146224935026, "g_shape_ar": 0.039069219063172997, "g_dat_acqu": "2025-01-30 00:00:00.0000000", "g_dat_char": "2025-01-31 00:00:00.0000000", "g_oid": 8786 }, "geometry": { "type": "MultiPolygon", "coordinates": [ [ [ [ -8092191.569854486733675, 5820828.333367164246738 ], [ -8097395.797673916444182, 5826472.75348013266921 ], [ -8097427.72956329677254, 5826507.363539786078036 ], [ -8097642.487683035433292, 5826740.127570507116616 ], [ -8097772.956381668336689, 5826881.529745450243354 ], [ -8098796.202181817963719, 5827990.369664992205799 ], [ -8098823.132245657034218, 5828019.555699953809381 ], [ -8098854.276730180718005, 5828053.291242130100727 ], [ -8098855.516099998727441, 5828054.635200000368059 ], [ -8098876.451099998317659, 5828074.860700003802776 ], [ -8098877.926470594480634, 5828076.435530920512974 ], [ -8098884.212247796356678, 5828083.177620868198574 ], [ -8098888.827459339052439, 5828088.103498094715178 ], [ -8099586.803092745132744, 5828833.106702592223883 ], [ -8099851.328916000202298, 5829121.363477201201022 ], [ -8099937.446599998511374, 5829215.208999997004867 ], [ -8100044.71199999935925, 5829315.998000003397465 ], [ -8100194.293272372335196, 5829472.187941572628915 ], [ -8100347.44334542285651, 5829632.112940047867596 ], [ -8100246.4024, 5829730.433999999426305 ], [ -8100279.58476809039712, 5829764.912996539846063 ], [ -8100757.290382823906839, 5830261.344689631834626 ], [ -8100771.388936266303062, 5830275.991894861683249 ], [ -8101012.980605496093631, 5830527.023119973950088 ], [ -8101603.246336299926043, 5831140.310961409471929 ], [ -8101724.665951396338642, 5831266.461921058595181 ], [ -8101726.565548617392778, 5831268.43574660923332 ], [ -8101727.139590832404792, 5831272.528931256383657 ], [ -8101767.709199998527765, 5831561.830999997444451 ], [ -8101724.469862791709602, 5831524.151807639747858 ], [ -8101408.643462878651917, 5831248.932985578663647 ], [ -8101392.162053267471492, 5831270.64201595634222 ], [ -8101357.151199999265373, 5831316.753500000573695 ], [ -8101313.892799999564886, 5831359.660999998450279 ], [ -8101313.893802780658007, 5831359.662010308355093 ], [ -8101313.892531950958073, 5831359.663270733319223 ], [ -8101337.049686700105667, 5831382.991694766096771 ], [ -8101439.662027271464467, 5831486.374210216104984 ], [ -8101402.934978636913002, 5831517.520829864777625 ], [ -8101349.266098540276289, 5831563.039818834513426 ], [ -8101283.049450285732746, 5831507.570465300232172 ], [ -8101184.278299999423325, 5831424.829699999652803 ], [ -8100587.956000000238419, 5830814.72240000218153 ], [ -8100587.955948256887496, 5830814.722460547462106 ], [ -8100587.95178232435137, 5830814.71819831058383 ], [ -8100548.001920454204082, 5830861.475653427653015 ], [ -8100510.873685210011899, 5830904.922175318934023 ], [ -8100505.659012286923826, 5830911.023421897552907 ], [ -8100486.74490082077682, 5830892.578054815530777 ], [ -8100335.808100204914808, 5830745.372061504051089 ], [ -8100310.11836263909936, 5830771.240229513496161 ], [ -8100284.403801690787077, 5830797.139549639075994 ], [ -8100245.348799998871982, 5830836.469800002872944 ], [ -8100245.351431743241847, 5830836.472510952502489 ], [ -8100245.350888968445361, 5830836.47305762488395 ], [ -8100382.042712855152786, 5830977.277786307036877 ], [ -8100483.870106660760939, 5831082.169876768253744 ], [ -8100380.424557712860405, 5831099.048491233028471 ], [ -8100339.506678222678602, 5831105.727030592039227 ], [ -8100323.739999999292195, 5831108.299699999392033 ], [ -8100304.345032343640924, 5831113.351058730855584 ], [ -8100178.781257502734661, 5831146.048608814366162 ], [ -8099958.299514013342559, 5830918.388928048312664 ], [ -8099958.298360117711127, 5830918.389608736149967 ], [ -8099958.293800000101328, 5830918.384900001809001 ], [ -8099759.682655923068523, 5831035.562201622873545 ], [ -8099754.456866630353034, 5831038.64518744405359 ], [ -8099740.200906853191555, 5831047.055655415169895 ], [ -8099696.173108946532011, 5831073.030921327881515 ], [ -8099629.308145800605416, 5831112.471360540017486 ], [ -8099617.053495105355978, 5831119.700977152213454 ], [ -8099617.060518614947796, 5831119.706912025809288 ], [ -8099617.060200000181794, 5831119.707100001163781 ], [ -8099619.827192248776555, 5831122.044755444861948 ], [ -8099815.713867397047579, 5831287.569293229840696 ], [ -8099865.801252498291433, 5831329.885297616943717 ], [ -8099915.881958399899304, 5831372.201505034230649 ], [ -8100014.733023717999458, 5831455.727705080993474 ], [ -8100113.586204106919467, 5831539.253567904233932 ], [ -8100223.828968290239573, 5831632.388355367816985 ], [ -8100458.306294319219887, 5831830.494252468459308 ], [ -8100591.076420467346907, 5831942.657717457041144 ], [ -8100705.282952171750367, 5832039.144213327206671 ], [ -8100739.725995751097798, 5832068.238551099784672 ], [ -8100855.034260458312929, 5832165.646833399310708 ], [ -8100951.166226010769606, 5832246.855316527187824 ], [ -8101086.323162036016583, 5832361.025817010551691 ], [ -8101174.067284780554473, 5832435.141288407146931 ], [ -8101309.602697771042585, 5832549.628410055302083 ], [ -8101320.521725970320404, 5832558.853201235644519 ], [ -8101243.156196801923215, 5832604.29362590610981 ], [ -8101003.358225047588348, 5832745.138250281102955 ], [ -8100964.400046504102647, 5832768.015983543358743 ], [ -8100964.401368613354862, 5832768.019159702584147 ], [ -8100964.4013, 5832768.019200004637241 ], [ -8100966.873531986027956, 5832773.95814398676157 ], [ -8101066.659393060952425, 5833013.678005252033472 ], [ -8101084.443525604903698, 5833056.407250862568617 ], [ -8101138.159160058014095, 5833185.439367313869298 ], [ -8101083.695678548887372, 5833230.249570473097265 ], [ -8101083.69359269272536, 5833230.25411375425756 ], [ -8101083.691299999132752, 5833230.256000004708767 ], [ -8101003.505899998359382, 5833404.894500001333654 ], [ -8100911.72653447277844, 5833578.152785659767687 ], [ -8100906.596745488233864, 5833587.836083230562508 ], [ -8100908.229697041213512, 5833595.785638640634716 ], [ -8100909.381301358342171, 5833601.372209158726037 ], [ -8100912.800046670250595, 5833618.010865999385715 ], [ -8100913.614574343897402, 5833621.952848207205534 ], [ -8100920.858271263539791, 5833657.183132875710726 ], [ -8100912.985171651467681, 5833667.461742420680821 ], [ -8100889.056704492308199, 5833698.695384399034083 ], [ -8100868.684099999256432, 5833725.285300001502037 ], [ -8100864.505782335996628, 5833730.237482494674623 ], [ -8100860.974178762175143, 5833734.421884874813259 ], [ -8100849.736252285540104, 5833747.742472308687866 ], [ -8100675.136036805808544, 5833954.68033579736948 ], [ -8100572.934171824716032, 5834075.800747402012348 ], [ -8100655.009707430377603, 5834164.913179153576493 ], [ -8100669.364028647542, 5834180.499078050255775 ], [ -8100720.710769049823284, 5834236.255667190998793 ], [ -8100370.006446843966842, 5834576.46645038947463 ], [ -8100252.670172093436122, 5834690.281279146671295 ], [ -8100124.258442493155599, 5834814.842538363300264 ], [ -8099943.977318902499974, 5834989.701028195209801 ], [ -8099898.916361047886312, 5835033.411355174146593 ], [ -8099843.137078374624252, 5835087.505522917024791 ], [ -8099760.632226510904729, 5835167.526723389513791 ], [ -8099682.223946800455451, 5835243.579818720929325 ], [ -8099641.188984288834035, 5835283.369962620548904 ], [ -8099580.095735082402825, 5835342.624248906038702 ], [ -8099567.685236536897719, 5835354.665366106666625 ], [ -8099446.444066680036485, 5835472.302591119892895 ], [ -8099361.233696077018976, 5835554.985896174795926 ], [ -8099259.374210584908724, 5835653.809839230962098 ], [ -8099156.073355086147785, 5835754.035744327120483 ], [ -8099138.946789161302149, 5835770.655887916684151 ], [ -8099100.889077252708375, 5835807.577181780710816 ], [ -8099036.101899956353009, 5835870.432558703236282 ], [ -8098914.660465612076223, 5835988.254700751043856 ], [ -8098852.783190383575857, 5836048.281825892627239 ], [ -8098640.857902057468891, 5836253.87657464761287 ], [ -8098618.456599999219179, 5836275.607600002549589 ], [ -8097729.819899997673929, 5837281.54839999973774 ], [ -8093501.082899998873472, 5837636.162100002169609 ], [ -8093495.235299997963011, 5837630.385099999606609 ], [ -8093495.233926931396127, 5837630.386486905626953 ], [ -8093495.232359820976853, 5837630.38493852969259 ], [ -8093450.12024840246886, 5837675.954859650693834 ], [ -8092123.055599997751415, 5839016.394799998961389 ], [ -8091835.574899998493493, 5839308.939699998125434 ], [ -8091856.572067061439157, 5839331.461532240733504 ], [ -8091964.665950916707516, 5839447.407405654899776 ], [ -8091971.721071932464838, 5839454.972321195527911 ], [ -8092098.474135089665651, 5839581.545588493347168 ], [ -8092110.572270013391972, 5839593.629442323930562 ], [ -8092242.921273001469672, 5839725.795154615305364 ], [ -8092303.53707117587328, 5839786.323671315796673 ], [ -8092366.617714473977685, 5839849.304229525849223 ], [ -8092369.90610418561846, 5839852.587853834033012 ], [ -8092502.872042031958699, 5839985.357781937345862 ], [ -8092513.615859103389084, 5839996.08841626252979 ], [ -8092640.116671382449567, 5840122.393567273393273 ], [ -8092657.338081858120859, 5840139.588411561213434 ], [ -8092776.387919570319355, 5840258.454079114831984 ], [ -8092898.107097056694329, 5840379.992550469003618 ], [ -8092914.05556452460587, 5840395.123505334369838 ], [ -8092928.476500384509563, 5840408.809328843839467 ], [ -8092987.848744003102183, 5840465.141114702448249 ], [ -8093003.900132426992059, 5840483.254902328364551 ], [ -8093027.481099997647107, 5840509.868799997493625 ], [ -8093049.98964333999902, 5840532.458416656590998 ], [ -8093050.021239598281682, 5840532.490130611695349 ], [ -8093139.419130708090961, 5840622.235513988882303 ], [ -8093186.422509417869151, 5840669.416802110150456 ], [ -8093202.951176181435585, 5840686.012173045426607 ], [ -8093244.992804512381554, 5840728.211482691578567 ], [ -8093335.08132425416261, 5840818.651057062670588 ], [ -8093371.630317621864378, 5840855.339374992996454 ], [ -8093392.205462581478059, 5840875.996174866333604 ], [ -8093437.023186469450593, 5840920.978285697288811 ], [ -8093459.240077248774469, 5840943.284273887053132 ], [ -8093469.126508488319814, 5840953.199785650707781 ], [ -8093498.155731595121324, 5840982.343245143070817 ], [ -8093623.698858816176653, 5841108.357570399530232 ], [ -8093732.07590154837817, 5841217.144768066704273 ], [ -8093743.157797142863274, 5841228.263034447096288 ], [ -8093876.192419368773699, 5841361.795471519231796 ], [ -8094004.930538902059197, 5841491.005061267875135 ], [ -8094046.225544698536396, 5841532.448522693477571 ], [ -8094167.593173954635859, 5841654.25743072014302 ], [ -8094277.804323286749423, 5841764.872737773694098 ], [ -8094281.66589913982898, 5841768.748492648825049 ], [ -8094416.630029112100601, 5841904.197982447221875 ], [ -8094550.68923965189606, 5842038.733597345650196 ], [ -8094577.675742677412927, 5842065.815218769013882 ], [ -8094671.887773985974491, 5842160.364245962351561 ], [ -8094686.179244812577963, 5842174.705739972181618 ], [ -8094726.772378660738468, 5842215.441552117466927 ], [ -8094821.974266484379768, 5842310.972883642651141 ], [ -8094824.194319155998528, 5842313.199264851398766 ], [ -8094911.103765328414738, 5842400.408944310620427 ], [ -8094963.748613705858588, 5842453.239224828779697 ], [ -8095002.101100696250796, 5842491.721172038465738 ], [ -8095093.100551144219935, 5842583.033539333380759 ], [ -8095103.307472361251712, 5842593.272212093695998 ], [ -8095192.844735979102552, 5842683.121058061718941 ], [ -8095312.312245942652225, 5842802.985338598489761 ], [ -8095366.319315880537033, 5842857.176119536161423 ], [ -8095372.140678491443396, 5842863.024526415392756 ], [ -8095488.830757063813508, 5842980.106130202300847 ], [ -8095518.198058690875769, 5843009.565037512220442 ], [ -8095520.818561221472919, 5843006.997024891898036 ], [ -8095523.123863838613033, 5843004.740319458767772 ], [ -8095637.786350739188492, 5843117.028240350075066 ], [ -8095782.186956931836903, 5843258.434608329087496 ], [ -8095917.368828620761633, 5843390.80992844235152 ], [ -8096054.426329227164388, 5843525.01736331358552 ], [ -8096143.457421280443668, 5843612.19707599375397 ], [ -8096191.495963701978326, 5843659.231685110367835 ], [ -8096327.430580521002412, 5843792.326926733367145 ], [ -8096463.36998409871012, 5843925.429505964741111 ], [ -8096745.550668342970312, 5844201.700942580588162 ], [ -8096798.664062158204615, 5844253.703964277170599 ], [ -8096833.641997842118144, 5844287.946949527598917 ], [ -8096896.791325512342155, 5844349.777163280174136 ], [ -8097018.14760014321655, 5844468.577619263902307 ], [ -8097160.240878860466182, 5844607.684293725527823 ], [ -8097216.209182720631361, 5844662.473108422011137 ], [ -8097302.339166977442801, 5844746.790905346162617 ], [ -8097347.955509028397501, 5844791.43839458655566 ], [ -8097349.727072361856699, 5844793.172948022373021 ], [ -8097356.904122147709131, 5844800.203757349401712 ], [ -8097242.555708204396069, 5844913.303610794246197 ], [ -8097178.953864609822631, 5844976.207157801836729 ], [ -8097177.795367554761469, 5844977.329385715536773 ], [ -8096312.055106374435127, 5845813.172297528013587 ], [ -8096309.957364444620907, 5845815.192306117154658 ], [ -8095865.479550421237946, 5846237.976729264482856 ], [ -8095623.679399997927248, 5846467.972599997185171 ], [ -8095575.612199999392033, 5846506.150499996729195 ], [ -8093348.953299999237061, 5848555.823700002394617 ], [ -8093315.927784859202802, 5848544.68535160087049 ], [ -8093291.606340950354934, 5848536.476875561289489 ], [ -8093151.749256294220686, 5848495.145785552449524 ], [ -8092990.71100115776062, 5848452.07530514523387 ], [ -8092895.965770971961319, 5848433.821678946726024 ], [ -8092839.33289999794215, 5848422.909399999305606 ], [ -8092732.026077970862389, 5848388.04836492612958 ], [ -8092652.567579053342342, 5848342.738139484077692 ], [ -8092563.769156512804329, 5848294.489527971483767 ], [ -8092563.35080000013113, 5848294.256900002248585 ], [ -8092510.567093260586262, 5848276.78063802793622 ], [ -8092482.072476159781218, 5848267.343149034306407 ], [ -8092457.944509655237198, 5848264.513012112118304 ], [ -8092410.402499998919666, 5848258.929000005125999 ], [ -8092357.380221580155194, 5848255.456410523504019 ], [ -8092327.28138224221766, 5848253.481037817895412 ], [ -8092247.791062988340855, 5848245.176112022250891 ], [ -8092213.239599998109043, 5848241.564500002190471 ], [ -8092161.119062446989119, 5848233.358373462222517 ], [ -8092109.013902795501053, 5848225.152595983818173 ], [ -8092046.489671834744513, 5848208.553696993738413 ], [ -8091970.75889999885112, 5848188.446000002324581 ], [ -8091879.794999998994172, 5848153.743099998682737 ], [ -8091702.754699998535216, 5848079.787399999797344 ], [ -8091614.349232286214828, 5848035.59453734382987 ], [ -8091564.837837005034089, 5848010.841105333529413 ], [ -8091505.505134001374245, 5847973.045298924669623 ], [ -8091454.654599999077618, 5847940.64950000308454 ], [ -8091365.653899999335408, 5847872.215599998831749 ], [ -8091299.507199998013675, 5847802.4737000009045 ], [ -8091251.170799998566508, 5847745.194099997170269 ], [ -8091239.625344113446772, 5847728.108270014636219 ], [ -8091188.517702019773424, 5847652.470014691352844 ], [ -8091187.762050891295075, 5847650.769805988296866 ], [ -8091021.167899998836219, 5847274.77379999961704 ], [ -8090979.959199997596443, 5847159.25590000115335 ], [ -8090979.696143089793622, 5847158.385706475935876 ], [ -8090937.391261108219624, 5847016.101494287140667 ], [ -8090894.868426758795977, 5846877.775209239684045 ], [ -8090894.802099999040365, 5846877.555799997411668 ], [ -8090888.261511226184666, 5846860.97212952375412 ], [ -8090853.482888001017272, 5846772.779741884209216 ], [ -8090829.737589195370674, 5846731.875295945443213 ], [ -8090800.614799997769296, 5846681.69990000128746 ], [ -8090763.46736051235348, 5846625.037737155333161 ], [ -8090734.781592881307006, 5846581.276915524154902 ], [ -8090678.578515362925828, 5846497.839406612329185 ], [ -8090678.577672674320638, 5846497.838553296402097 ], [ -8090678.577299999073148, 5846497.837999999523163 ], [ -8090673.486299998126924, 5846492.680600002408028 ], [ -8090671.785847568884492, 5846494.467469011433423 ], [ -8090567.770023475401103, 5846603.399618486873806 ], [ -8090371.052962594665587, 5846809.418919222429395 ], [ -8090288.618798865936697, 5846895.746334142051637 ], [ -8090268.520103056915104, 5846916.896204361692071 ], [ -8089532.131758596748114, 5847691.851831145584583 ], [ -8089402.259196080267429, 5847828.511157864704728 ], [ -8089401.970999998040497, 5847828.814000001177192 ], [ -8088943.716990092769265, 5848308.152126272208989 ], [ -8088904.186246924102306, 5848349.495823002420366 ], [ -8088892.563893238082528, 5848360.23164592962712 ], [ -8088764.445980931632221, 5848478.615626225247979 ], [ -8088459.967214344069362, 5848759.94148644991219 ], [ -8088399.424325970001519, 5848815.877659250982106 ], [ -8088317.887163303792477, 5848899.694794004783034 ], [ -8088292.037012666463852, 5848926.266988034360111 ], [ -8088209.108827001415193, 5849011.506524127908051 ], [ -8088203.1520433453843, 5849017.634681951254606 ], [ -8088192.518738511018455, 5849028.564995014108717 ], [ -8088026.656408851966262, 5849199.043809885159135 ], [ -8087998.037510883063078, 5849228.461025808006525 ], [ -8087844.099572641775012, 5849386.681349847465754 ], [ -8087796.876114495098591, 5849435.216224242933095 ], [ -8087600.120870891958475, 5849637.497359352186322 ], [ -8087477.903314239345491, 5849763.140545345842838 ], [ -8087472.453545022755861, 5849768.742965519428253 ], [ -8087422.61839999910444, 5849819.970100000500679 ], [ -8087413.717743085697293, 5849829.197013949044049 ], [ -8087294.326119864359498, 5849952.912466744892299 ], [ -8087245.810126408003271, 5850003.19019225332886 ], [ -8087116.217849317006767, 5850137.464041715487838 ], [ -8087068.994168532080948, 5850186.39927195571363 ], [ -8086938.246056959964335, 5850322.007694645784795 ], [ -8086761.405386061407626, 5850505.407391709275544 ], [ -8086723.947224365547299, 5850544.25133887771517 ], [ -8086723.906038900837302, 5850544.294034009799361 ], [ -8086723.520284447818995, 5850544.688749405555427 ], [ -8086310.577997960150242, 5850967.212903550826013 ], [ -8086307.184478778392076, 5850970.684987634420395 ], [ -8086307.10757989808917, 5850970.761952579952776 ], [ -8085947.814608880318701, 5851330.195308516733348 ], [ -8085947.603961759246886, 5851330.401477702893317 ], [ -8085924.082510996609926, 5851354.608649267815053 ], [ -8084799.853000000119209, 5852511.395900002680719 ], [ -8084427.343528192490339, 5852854.352945806458592 ], [ -8084413.500140532851219, 5852867.097167343832552 ], [ -8084409.665823909454048, 5852870.951536680571735 ], [ -8083220.784799998626113, 5854065.906199998222291 ], [ -8081470.67815001681447, 5855852.428771952167153 ], [ -8081470.650055032223463, 5855852.397337592206895 ], [ -8081447.568319984711707, 5855828.753418632782996 ], [ -8081446.974205697886646, 5855828.146187078207731 ], [ -8080301.256816886365414, 5854654.175740593113005 ], [ -8080254.803024496883154, 5854606.7746572624892 ], [ -8080241.961829277686775, 5854593.679388424381614 ], [ -8080228.917776700109243, 5854606.653035249561071 ], [ -8080187.953535093925893, 5854647.393691297620535 ], [ -8079133.513257942162454, 5853560.501224435865879 ], [ -8078955.088999998755753, 5853376.583999999798834 ], [ -8079044.117476237006485, 5853285.735697965137661 ], [ -8079044.31370921432972, 5853285.5354771791026 ], [ -8078594.126306872814894, 5852823.905297602526844 ], [ -8077818.22339999768883, 5852028.274300002492964 ], [ -8077498.57548569701612, 5851702.415559101849794 ], [ -8077497.893454755656421, 5851701.717317739501595 ], [ -8076603.104802721180022, 5850810.311525536701083 ], [ -8076695.912267029285431, 5850710.85534093901515 ], [ -8076706.676599999889731, 5850699.320899998769164 ], [ -8076706.676102299243212, 5850699.320385263301432 ], [ -8076706.681842879392207, 5850699.314233428798616 ], [ -8076700.373901003971696, 5850692.789937032386661 ], [ -8075890.810835868120193, 5849855.527463724836707 ], [ -8075574.599899999797344, 5849528.492399995215237 ], [ -8075525.622469146735966, 5849479.07639629393816 ], [ -8075512.353143489919603, 5849465.686936588957906 ], [ -8075512.651379770599306, 5849465.379467721097171 ], [ -8075543.439585561864078, 5849434.236185661517084 ], [ -8075560.132115211337805, 5849416.531875351443887 ], [ -8075591.467552590183914, 5849385.332108413800597 ], [ -8075616.633890829049051, 5849358.177939440123737 ], [ -8075616.776999997906387, 5849358.030399999581277 ], [ -8075179.685473078861833, 5848880.725600942969322 ], [ -8075179.103148652240634, 5848880.0878717424348 ], [ -8075170.866491871885955, 5848864.849632889963686 ], [ -8075142.326599999330938, 5848812.035800002515316 ], [ -8075129.853890708647668, 5848792.47631405480206 ], [ -8075097.04045941401273, 5848741.010425159707665 ], [ -8075096.966900805011392, 5848740.962924747727811 ], [ -8075014.954599998891354, 5848683.908600002527237 ], [ -8074999.458827161230147, 5848674.824283404275775 ], [ -8074979.221708424389362, 5848662.958012004382908 ], [ -8074919.392607954330742, 5848598.818018067628145 ], [ -8074910.500241016037762, 5848589.288392873480916 ], [ -8074900.05981370806694, 5848578.095929943025112 ], [ -8074900.162458747625351, 5848578.000014784745872 ], [ -8074947.61849999986589, 5848535.12920000217855 ], [ -8074947.618104006163776, 5848535.128775502555072 ], [ -8074947.619771213270724, 5848535.127279952168465 ], [ -8074936.617406743578613, 5848523.336133534088731 ], [ -8074906.910299999639392, 5848491.490400000475347 ], [ -8074907.661519261077046, 5848490.803201444447041 ], [ -8074908.547155812382698, 5848490.003717491403222 ], [ -8074908.541781734675169, 5848489.997957048937678 ], [ -8074908.54249999858439, 5848489.997299998067319 ], [ -8074887.437599998898804, 5848467.374000005424023 ], [ -8074887.436326210387051, 5848467.375144022516906 ], [ -8074887.435894234105945, 5848467.374680993147194 ], [ -8074885.791588054038584, 5848468.851360105909407 ], [ -8074883.235250328667462, 5848466.111893209628761 ], [ -8074559.909824416972697, 5848119.231301051564515 ], [ -8074627.776971595361829, 5848057.945644748397171 ], [ -8074635.378299999050796, 5848051.082000000402331 ], [ -8074635.378028745763004, 5848051.081708434037864 ], [ -8074635.38449630420655, 5848051.075868075713515 ], [ -8074620.552567391656339, 5848035.140001110732555 ], [ -8074590.432409311644733, 5848002.769855498336256 ], [ -8074586.755182315595448, 5848006.081405916251242 ], [ -8074582.216602895408869, 5848010.164128853939474 ], [ -8074552.099403296597302, 5847977.803802939131856 ], [ -8074502.823985516093671, 5848022.154625918716192 ], [ -8074486.394259538501501, 5848036.944255014881492 ], [ -8074437.119299997575581, 5848081.293300000950694 ], [ -8074425.034632341004908, 5848068.352038665674627 ], [ -8074499.746924782171845, 5848001.113892349414527 ], [ -8074520.327599998563528, 5847982.595200000330806 ], [ -8074520.32602421939373, 5847982.593506289646029 ], [ -8074520.332267358899117, 5847982.587887711822987 ], [ -8074490.205430084839463, 5847950.218096788972616 ], [ -8074460.568845629692078, 5847976.877377321012318 ], [ -8074427.706210598349571, 5848006.442465421743691 ], [ -8074401.736489517614245, 5848029.806239649653435 ], [ -8074394.291299997828901, 5848036.503200001083314 ], [ -8074355.155020833015442, 5847995.963653253391385 ], [ -8074351.247030941769481, 5847991.912387403659523 ], [ -8074326.125467051751912, 5847965.893217901699245 ], [ -8074164.990299999713898, 5847798.98040000256151 ], [ -8074164.833545308560133, 5847799.140096282586455 ], [ -8074162.179873284883797, 5847801.749159947037697 ], [ -8074141.456561539322138, 5847822.361864140257239 ], [ -8074062.414537667296827, 5847902.584722379222512 ], [ -8074054.752389256842434, 5847910.240873267874122 ], [ -8074047.090129529125988, 5847917.897030810825527 ], [ -8073919.129690782167017, 5848048.912467963993549 ], [ -8073878.438150144182146, 5848090.575251997448504 ], [ -8073813.687768504954875, 5848156.875318956561387 ], [ -8073812.562699999660254, 5848158.021500000730157 ], [ -8073804.700351447798312, 5848165.456761551089585 ], [ -8073689.221155905164778, 5848274.580394145101309 ], [ -8073624.914769236929715, 5848335.344355350360274 ], [ -8073608.841512166894972, 5848350.531454687006772 ], [ -8073504.191570858471096, 5848449.421196065843105 ], [ -8073319.153636815957725, 5848624.254004118032753 ], [ -8073226.628101919777691, 5848711.674132567830384 ], [ -8073042.835326864384115, 5848885.93686849437654 ], [ -8073041.8947, 5848886.826400002464652 ], [ -8071940.441700000315905, 5849945.966800003312528 ], [ -8071868.053377442061901, 5850018.154477871954441 ], [ -8071833.012660477310419, 5850053.03532953094691 ], [ -8071770.534407377243042, 5850115.403146556578577 ], [ -8071688.230841987766325, 5850197.478584361262619 ], [ -8071652.525929046794772, 5850233.066815853118896 ], [ -8071631.513204555027187, 5850254.039012836292386 ], [ -8071152.531743163242936, 5850731.692841771990061 ], [ -8071152.180624940432608, 5850732.041753709316254 ], [ -8071108.258135658688843, 5850777.846853067167103 ], [ -8070909.133782042190433, 5850974.204567578621209 ], [ -8070789.415579674765468, 5851093.774683729745448 ], [ -8070729.257417594082654, 5851153.68950285948813 ], [ -8070641.18957659509033, 5851241.611305222846568 ], [ -8070486.457036944106221, 5851402.945905813015997 ], [ -8070473.60288941860199, 5851414.933351939544082 ], [ -8070292.625299998559058, 5851583.589200004935265 ], [ -8070285.942494538612664, 5851590.577233946882188 ], [ -8070200.375480918213725, 5851680.000376633368433 ], [ -8070199.226823353208601, 5851681.253531052730978 ], [ -8069976.920404063537717, 5851913.713507991284132 ], [ -8069974.587785935029387, 5851916.144050827249885 ], [ -8069944.840775307267904, 5851945.43155115749687 ], [ -8069903.590100576169789, 5851986.03335150051862 ], [ -8069729.947064773179591, 5852156.789285575039685 ], [ -8069638.32344366889447, 5852247.109141242690384 ], [ -8069631.052078845910728, 5852254.284341697581112 ], [ -8069092.06900000013411, 5852784.789199996739626 ], [ -8069089.404600011184812, 5852782.187865127809346 ], [ -8067903.299233628436923, 5851623.457065887749195 ], [ -8067617.900513854809105, 5851345.508288180455565 ], [ -8067604.612499641254544, 5851332.140720057301223 ], [ -8064862.287221397273242, 5848572.271351422183216 ], [ -8064857.687303566373885, 5848567.640689658001065 ], [ -8064835.707746804691851, 5848545.704258617013693 ], [ -8064499.884008679538965, 5848210.255581839941442 ], [ -8064486.479626525193453, 5848197.304140018299222 ], [ -8064486.271999998949468, 5848197.0970000019297 ], [ -8062378.228000000119209, 5846065.852700000628829 ], [ -8062377.983438993804157, 5846065.600992162711918 ], [ -8062357.919679250568151, 5846044.268938524648547 ], [ -8062118.75077622756362, 5845798.254858857020736 ], [ -8062112.695975791662931, 5845791.819273517467082 ], [ -8062098.988155177794397, 5845777.842237412929535 ], [ -8060508.793214557692409, 5844141.786737437359989 ], [ -8060524.983945030719042, 5844133.419622231274843 ], [ -8061003.173917040228844, 5843886.419141438789666 ], [ -8061130.742680951021612, 5843820.373021843843162 ], [ -8061133.055099999532104, 5843819.178000003099442 ], [ -8061228.216525133699179, 5843765.186413674615324 ], [ -8061275.312433509156108, 5843738.466598881408572 ], [ -8061275.707898418419063, 5843738.268888788297772 ], [ -8061600.007199998013675, 5843577.059500002302229 ], [ -8061844.287699999287724, 5843447.050499998033047 ], [ -8061884.47772226575762, 5843427.62430153414607 ], [ -8061955.623046656139195, 5843393.244948111474514 ], [ -8062062.374368757009506, 5843336.49124536011368 ], [ -8062141.156199998222291, 5843294.614500001072884 ], [ -8062206.085399999283254, 5843263.230500005185604 ], [ -8062245.933815504424274, 5843242.436349783092737 ], [ -8062283.409043041989207, 5843222.884287140332162 ], [ -8062632.838744066655636, 5843048.031177720986307 ], [ -8062676.128379743546247, 5843030.110364075750113 ], [ -8062695.994445051066577, 5843020.087948924861848 ], [ -8062747.241899997927248, 5842994.239200002513826 ], [ -8062910.393422569148242, 5842927.219297992996871 ], [ -8062932.78263271227479, 5842918.022948682308197 ], [ -8063371.898098101839423, 5842770.099420004524291 ], [ -8063421.376118090935051, 5842756.635708273388445 ], [ -8063482.541804304346442, 5842738.907695324160159 ], [ -8063483.215099999681115, 5842738.717899998649955 ], [ -8063557.852733499370515, 5842721.397613164037466 ], [ -8063637.828192682005465, 5842702.844330368563533 ], [ -8063727.514513638801873, 5842684.908887307159603 ], [ -8063903.775987123139203, 5842649.054249233566225 ], [ -8063927.116883030161262, 5842643.266073320992291 ], [ -8064138.794899999164045, 5842590.779600001871586 ], [ -8064226.734332289546728, 5842567.002145384438336 ], [ -8064321.232497042044997, 5842541.458288461901248 ], [ -8064520.197118926793337, 5842480.976642441004515 ], [ -8064704.678599999286234, 5842424.9041 ], [ -8064778.901200000196695, 5842398.001500003971159 ], [ -8064809.826299998909235, 5842389.054600001312792 ], [ -8064917.802162115462124, 5842349.906133197247982 ], [ -8064945.881047371774912, 5842339.727392247878015 ], [ -8065088.123717383481562, 5842285.942917180247605 ], [ -8065233.466757817193866, 5842223.173772022128105 ], [ -8065545.78440944571048, 5842070.761017765849829 ], [ -8065715.875643758103251, 5841976.644301153719425 ], [ -8065804.644905110821128, 5841925.161604220047593 ], [ -8065847.004493212327361, 5841900.595565148629248 ], [ -8065885.946283889003098, 5841878.01537038013339 ], [ -8065953.975653141736984, 5841833.191034060902894 ], [ -8066158.936649554409087, 5841695.737131510861218 ], [ -8066161.166600000113249, 5841694.24819999653846 ], [ -8066634.2993, 5841353.58009999897331 ], [ -8066895.238908802159131, 5841137.779343537054956 ], [ -8067138.337298396043479, 5840936.738803036510944 ], [ -8067277.493846952915192, 5840811.246321951970458 ], [ -8067781.546882813796401, 5840309.284589603543282 ], [ -8067936.155746066942811, 5840152.414061561226845 ], [ -8067936.405682233162224, 5840152.137161164544523 ], [ -8068132.083490757271647, 5839939.459389995783567 ], [ -8068134.075952371582389, 5839937.309107381850481 ], [ -8068264.639384478330612, 5839795.387396119534969 ], [ -8068294.872600000351667, 5839762.527600003406405 ], [ -8068468.041999999433756, 5839556.391600008122623 ], [ -8068497.847294111736119, 5839523.349158922210336 ], [ -8068504.536096734926105, 5839515.936497969552875 ], [ -8068566.151841341517866, 5839440.214111858978868 ], [ -8068814.386, 5839135.161600002087653 ], [ -8068815.039295438677073, 5839134.30585103854537 ], [ -8068870.038720875047147, 5839063.44710595253855 ], [ -8068975.187820593826473, 5838924.535702933557332 ], [ -8069188.562679313123226, 5838633.278829359449446 ], [ -8069228.758289820514619, 5838570.545700312592089 ], [ -8069254.479634510353208, 5838533.281582914292812 ], [ -8069296.799999998882413, 5838471.97759999986738 ], [ -8069318.43089999910444, 5838436.13400000333786 ], [ -8069565.834699999541044, 5838082.153900003060699 ], [ -8069633.859999998472631, 5837988.057699999772012 ], [ -8069634.771402386017144, 5837986.883893947117031 ], [ -8069714.261089614592493, 5837885.000793342478573 ], [ -8069800.843143972568214, 5837773.00251859985292 ], [ -8069828.150459076277912, 5837739.30136373732239 ], [ -8069884.348699999041855, 5837669.953399999067187 ], [ -8069949.283699997700751, 5837593.790700002573431 ], [ -8070039.495513522997499, 5837492.116402355022728 ], [ -8070050.575971119105816, 5837479.629181088879704 ], [ -8070175.013246488757432, 5837356.325889223255217 ], [ -8070316.542125410400331, 5837230.044828766956925 ], [ -8070641.963499997742474, 5836939.684300004504621 ], [ -8070830.597199997864664, 5836796.335100001655519 ], [ -8071223.047364604659379, 5836532.205483389087021 ], [ -8071223.322721113450825, 5836532.022196016274393 ], [ -8071422.821082855574787, 5836414.745909146033227 ], [ -8071436.697999997995794, 5836406.588399996049702 ], [ -8071504.740299998782575, 5836361.798799997195601 ], [ -8071558.617103175260127, 5836330.000316797755659 ], [ -8071588.227223451249301, 5836312.525694152340293 ], [ -8071888.176010170951486, 5836128.85908321570605 ], [ -8071934.49950045812875, 5836099.303236328996718 ], [ -8072147.942899999208748, 5835963.127999997697771 ], [ -8072163.410000000149012, 5835949.686300000175834 ], [ -8072203.592499999329448, 5835927.29139999859035 ], [ -8072311.611614072695374, 5835854.159562655724585 ], [ -8072488.102192824706435, 5835734.674723540432751 ], [ -8073081.82718938216567, 5835273.320056425407529 ], [ -8073154.347640355117619, 5835216.434139841236174 ], [ -8073156.058699999004602, 5835215.103200003504753 ], [ -8073158.295501234009862, 5835212.899478646926582 ], [ -8073261.19927470292896, 5835112.084039982408285 ], [ -8073765.251308686099946, 5834614.919991107657552 ], [ -8073827.100753945298493, 5834552.232544247992337 ], [ -8073858.024196391925216, 5834520.870768270455301 ], [ -8073870.386048146523535, 5834502.959224294871092 ], [ -8073998.856457257643342, 5834357.497236005030572 ], [ -8074040.471899999305606, 5834310.380299999378622 ], [ -8074086.86249999795109, 5834252.155500000342727 ], [ -8074238.389399999752641, 5834050.628600000403821 ], [ -8074423.664447584189475, 5833773.369588358327746 ], [ -8074423.93625102005899, 5833772.966384926810861 ], [ -8074450.774078291840851, 5833727.616477166302502 ], [ -8074498.148899998515844, 5833647.571699998341501 ], [ -8074527.765107352286577, 5833594.787456926889718 ], [ -8074538.354513159953058, 5833575.917325587943196 ], [ -8074587.828970912843943, 5833495.311323950067163 ], [ -8074603.292751553468406, 5833463.960884287953377 ], [ -8074660.461992492899299, 5833364.603664418682456 ], [ -8074665.134099999442697, 5833356.483900001272559 ], [ -8074665.135440361686051, 5833356.481231339275837 ], [ -8074674.414142224006355, 5833338.580392049625516 ], [ -8074763.267599502578378, 5833161.099992210976779 ], [ -8074764.090899999253452, 5833159.460800000466406 ], [ -8074807.385199998505414, 5833065.421400002203882 ], [ -8074811.535026039928198, 5833058.147193456999958 ], [ -8074999.113015265204012, 5832729.580980656668544 ], [ -8075041.128843583166599, 5832655.693492061458528 ], [ -8075042.404899998567998, 5832653.456700003705919 ], [ -8075132.999421461485326, 5832514.770727209746838 ], [ -8075150.632751415483654, 5832487.778238132596016 ], [ -8075155.942682763561606, 5832478.875661498866975 ], [ -8075209.396699998527765, 5832389.266699999570847 ], [ -8075320.732599998824298, 5832228.070200005546212 ], [ -8075461.906452870927751, 5832038.794038880616426 ], [ -8075654.692355153150856, 5831780.322536210529506 ], [ -8075737.488357588648796, 5831678.215213342569768 ], [ -8075934.134199999272823, 5831435.710100000724196 ], [ -8076056.486378350295126, 5831274.700448774732649 ], [ -8076056.706235214136541, 5831274.414033271372318 ], [ -8076093.811382777057588, 5831229.64680805709213 ], [ -8076198.953358029946685, 5831090.857169566676021 ], [ -8076355.37247406411916, 5830896.762345298193395 ], [ -8076360.918599997647107, 5830889.880700000561774 ], [ -8076626.110863871872425, 5830535.397557768039405 ], [ -8076626.128762746229768, 5830535.3739531673491 ], [ -8076626.18933476228267, 5830535.295151399448514 ], [ -8076806.750499998219311, 5830301.97749999910593 ], [ -8076990.3717, 5830070.956300003454089 ], [ -8077176.390267604961991, 5829843.074351558461785 ], [ -8077176.983465669676661, 5829842.352446448989213 ], [ -8077241.158940139226615, 5829782.234602891840041 ], [ -8077263.262395950965583, 5829766.925249481573701 ], [ -8077534.003179810941219, 5829385.854496815241873 ], [ -8077534.329838012345135, 5829385.513227107934654 ], [ -8077689.142310085706413, 5829225.27367530297488 ], [ -8077689.812405492179096, 5829224.586538613773882 ], [ -8077768.830272950232029, 5829145.047388447448611 ], [ -8077769.195143485441804, 5829144.686831303872168 ], [ -8077929.04999999795109, 5828988.187300004065037 ], [ -8078091.853808529675007, 5828834.610419638454914 ], [ -8078092.129854911006987, 5828834.352415666915476 ], [ -8078092.401879071258008, 5828834.102896907366812 ], [ -8078257.199674306437373, 5828684.327933335676789 ], [ -8078258.033680031076074, 5828683.576971082948148 ], [ -8078258.877966640517116, 5828682.830824407748878 ], [ -8078425.999782413244247, 5828536.514311953447759 ], [ -8078426.685770741663873, 5828535.919327672570944 ], [ -8078491.291154179722071, 5828480.92841540183872 ], [ -8078512.034299998544157, 5828463.274000001139939 ], [ -8078541.287933294661343, 5828439.746801906265318 ], [ -8078567.696463475935161, 5828418.50928994640708 ], [ -8078700.661288128234446, 5828306.620550309307873 ], [ -8078842.91008073836565, 5828185.782021739520133 ], [ -8078894.952304581180215, 5828141.49024778790772 ], [ -8078895.477, 5828141.046099998988211 ], [ -8078989.415337861515582, 5828067.236879033967853 ], [ -8079003.716567849740386, 5828056.000516698695719 ], [ -8079009.653512425720692, 5828051.517436548136175 ], [ -8079074.840900000184774, 5828002.297499998472631 ], [ -8079173.784399998374283, 5827921.740500002168119 ], [ -8079376.923803122714162, 5827772.682510500773787 ], [ -8079393.344996337778866, 5827760.633467249572277 ], [ -8079397.858256747946143, 5827757.509516461752355 ], [ -8079606.71159999910742, 5827612.952600003220141 ], [ -8079665.463399997912347, 5827568.205400004982948 ], [ -8079767.510199999436736, 5827505.554999997839332 ], [ -8079801.312790367752314, 5827479.463062369264662 ], [ -8079813.896088032051921, 5827469.752348452806473 ], [ -8079866.02463988121599, 5827438.893211170099676 ], [ -8079881.930699997581542, 5827429.477700000628829 ], [ -8079945.483017141930759, 5827388.295461809262633 ], [ -8080089.11360149178654, 5827295.222834840416908 ], [ -8080222.086552494205534, 5827214.659709383733571 ], [ -8080366.730265058577061, 5827132.97547366283834 ], [ -8080602.432199999690056, 5826999.869000001810491 ], [ -8080766.342699998989701, 5826914.849200002849102 ], [ -8080859.1042, 5826861.161499997600913 ], [ -8081004.439999999478459, 5826794.023800000548363 ], [ -8081378.620999999344349, 5826615.035300001502037 ], [ -8081379.412495330907404, 5826614.6695521986112 ], [ -8081700.224407584406435, 5826467.382771384902298 ], [ -8081746.574415544979274, 5826445.00504419952631 ], [ -8081746.611299999058247, 5826444.987999998033047 ], [ -8081751.246091363020241, 5826442.95551610738039 ], [ -8081848.645777077414095, 5826400.252570673823357 ], [ -8082001.604322880506516, 5826328.080551068298519 ], [ -8082695.955491807311773, 5826015.446602418087423 ], [ -8083026.009408422745764, 5825854.677401680499315 ], [ -8083029.487821198999882, 5825852.980769253335893 ], [ -8083861.75443316809833, 5825438.273056889884174 ], [ -8083966.898634810931981, 5825384.58272045943886 ], [ -8084438.368256581947207, 5825139.356051027774811 ], [ -8084440.02479999884963, 5825138.497299998067319 ], [ -8085148.165500000119209, 5824758.225399998016655 ], [ -8086502.6114999987185, 5823997.7051 ], [ -8086530.382173079065979, 5823983.174134934321046 ], [ -8086647.944141063839197, 5823921.663347044028342 ], [ -8087300.432906690053642, 5823559.326369382441044 ], [ -8087349.910815361887217, 5823532.487518950365484 ], [ -8088366.789443688467145, 5822980.367059732787311 ], [ -8088429.138499999418855, 5822946.515900001861155 ], [ -8088642.840576277114451, 5822832.384342938661575 ], [ -8089032.138670639134943, 5822624.475376957096159 ], [ -8089353.746412831358612, 5822458.98028429877013 ], [ -8089478.704278529621661, 5822392.187535430304706 ], [ -8089638.241399998776615, 5822306.912900000810623 ], [ -8089876.350199999287724, 5822177.227200001478195 ], [ -8089902.013856740668416, 5822166.083155239932239 ], [ -8089907.271902684122324, 5822163.800494270399213 ], [ -8090259.812549512833357, 5821971.49538940563798 ], [ -8090377.324836831539869, 5821904.41273823659867 ], [ -8090510.289104877971113, 5821828.387766635976732 ], [ -8091144.225964644923806, 5821466.135088180191815 ], [ -8091354.508356666192412, 5821340.921912485733628 ], [ -8091577.154715522192419, 5821206.776844678446651 ], [ -8091717.20804444886744, 5821120.511219491250813 ], [ -8092191.569854486733675, 5820828.333367164246738 ] ] ] ] } },
{ "type": "Feature", "properties": { "level_0": 8, "level_1": 0, "g_objectid": 8790, "g_descript": "Municipalité", "g_mus_co_g": "37220", "g_mus_co_d": "M", "g_mus_nm_m": "Champlain", "g_mus_co_m": "372", "g_mus_nm_1": "Les Chenaux", "g_mus_co_r": "04", "g_mus_nm_r": "Mauricie", "g_mus_nm_a": null, "g_mus_nm_c": null, "g_mus_da_c": "1982-12-11 00:00:00.0000000", "g_mus_co_1": "CORLIM", "g_mus_da_m": "2024-06-21 00:00:00.0000000", "g_mus_co_s": "MRN-BAGQ", "g_mus_co_2": "SDA20K", "g_mus_co_v": "V2025-01", "g_co_inter": "372", "g_mus_va_s": 78.8, "g_shape_le": 0.55871912429405002, "g_shape_ar": 0.0092252268342009995, "g_dat_acqu": "2025-01-30 00:00:00.0000000", "g_dat_char": "2025-01-31 00:00:00.0000000", "g_oid": 8790 }, "geometry": { "type": "MultiPolygon", "coordinates": [ [ [ [ -8064486.479626528918743, 5848197.30414002109319 ], [ -8064499.884008679538965, 5848210.255581839941442 ], [ -8064835.707746804691851, 5848545.704258617013693 ], [ -8064857.687303566373885, 5848567.640689658001065 ], [ -8064862.287221253849566, 5848572.271351278759539 ], [ -8064857.686999998055398, 5848567.641699998639524 ], [ -8064486.479626528918743, 5848197.30414002109319 ] ] ] ] } },
{ "type": "Feature", "properties": { "level_0": 8, "level_1": 1, "g_objectid": 8790, "g_descript": "Municipalité", "g_mus_co_g": "37220", "g_mus_co_d": "M", "g_mus_nm_m": "Champlain", "g_mus_co_m": "372", "g_mus_nm_1": "Les Chenaux", "g_mus_co_r": "04", "g_mus_nm_r": "Mauricie", "g_mus_nm_a": null, "g_mus_nm_c": null, "g_mus_da_c": "1982-12-11 00:00:00.0000000", "g_mus_co_1": "CORLIM", "g_mus_da_m": "2024-06-21 00:00:00.0000000", "g_mus_co_s": "MRN-BAGQ", "g_mus_co_2": "SDA20K", "g_mus_co_v": "V2025-01", "g_co_inter": "372", "g_mus_va_s": 78.8, "g_shape_le": 0.55871912429405002, "g_shape_ar": 0.0092252268342009995, "g_dat_acqu": "2025-01-30 00:00:00.0000000", "g_dat_char": "2025-01-31 00:00:00.0000000", "g_oid": 8790 }, "geometry": { "type": "MultiPolygon", "coordinates": [ [ [ [ -8060508.793214557692409, 5844141.786737437359989 ], [ -8062098.988155177794397, 5845777.842237412929535 ], [ -8062112.695975791662931, 5845791.819273517467082 ], [ -8062118.75077622756362, 5845798.254858857020736 ], [ -8062357.919679250568151, 5846044.268938524648547 ], [ -8062377.983438991010189, 5846065.600992159917951 ], [ -8060508.792899998836219, 5844141.786899997852743 ], [ -8060508.793214557692409, 5844141.786737437359989 ] ] ] ] } }
]
}
